invoice_x10,sol_x10,quantity,product_x10
255774,398507,1.000,2359
255775,398492,1.000,2359
255776,398500,1.000,2511
255777,398502,1.000,2511
255777,398503,1.000,2511
255778,398501,1.000,2352
255779,398508,1.000,2352
255779,398509,1.000,2352
255780,398539,1.000,2352
255780,398540,1.000,2352
255780,398541,1.000,134
255781,398620,1.000,2352
255781,398621,1.000,2352
255782,398643,1.000,2359
255783,398522,1.000,308
255784,398523,1.000,308
255785,398524,1.000,2352
255785,398525,1.000,2356
255786,398662,24.000,660
255788,398542,1.000,2502
255789,398638,1.000,2495
255790,398625,1.000,2352
255791,398585,1.000,2449
255792,398593,1.000,2449
255793,398592,1.000,2449
255795,398653,1.000,308
255796,398649,1.000,308
255797,398678,1.000,2452
255798,398658,1.000,2446
255799,398583,1.000,2458
255799,398584,1.000,405
255800,398490,1.000,2359
255800,398491,1.000,2359
255801,398533,1.000,2356
255802,398545,1.000,2356
255802,398546,1.000,2356
255803,398597,1.000,2359
255803,398598,1.000,2359
255804,398568,1.000,2359
255804,398569,1.000,2359
255805,398560,1.000,2359
255806,398506,1.000,520
255809,398609,1.000,2424
255810,398652,1.000,2446
255811,398563,1.000,2359
255811,398564,1.000,2359
255812,398544,1.000,2359
255813,398536,1.000,2378
255814,398760,1.000,486
255815,398628,1.000,2359
255818,398565,1.000,2449
255820,398626,1.000,2360
255820,398627,1.000,2360
255822,398656,1.000,2446
255824,398493,1.000,2356
255825,398529,1.000,2387
255826,398566,1.000,2359
255826,398567,1.000,2359
255827,398591,1.000,2359
255828,398608,1.000,2387
255829,398488,1.000,2359
255829,398489,1.000,2359
255830,398554,1.000,2359
255830,398555,1.000,2359
255831,398596,1.000,2359
255832,398681,1.000,2352
255833,398576,1.000,2512
255834,398631,1.000,2512
255835,398687,1.000,2352
255835,398688,1.000,2352
255836,398604,1.000,2352
255837,398654,1.000,2352
255837,398655,1.000,2352
255838,398723,1.000,2352
255839,398551,1.000,2352
255839,398552,1.000,2352
255840,398743,1.000,2352
255841,398744,1.000,2352
255841,398745,1.000,2352
255842,398668,1.000,2352
255842,398669,1.000,2352
255843,398575,1.000,2352
255844,398706,1.000,2512
255845,398740,1.000,2353
255846,398695,1.000,2446
255847,398558,1.000,2359
255848,398602,1.000,2359
255848,398603,1.000,2359
255849,398691,1.000,2449
255850,398590,1.000,2359
255851,398571,1.000,2359
255851,398572,1.000,2359
255853,398715,1.000,2446
255854,398610,1.000,2359
255854,398611,1.000,2359
255855,398719,1.000,2467
255856,398679,1.000,2356
255856,398680,1.000,2356
255857,398630,1.000,2356
255858,398663,1.000,2371
255859,398751,1.000,2447
255860,398754,1.000,2446
255863,398763,1.000,2389
255863,398764,1.000,2387
255864,398765,1.000,2359
255864,398766,1.000,2359
255867,398775,20.000,660
255868,398548,1.000,2359
255869,398714,1.000,2978
255870,398537,1.000,2359
255871,398496,1.000,2359
255871,398497,1.000,2359
255872,398561,1.000,2359
255872,398562,1.000,2359
255873,398852,1.000,486
255874,398776,1.000,2356
255874,398777,1.000,2356
255875,398514,1.000,2359
255875,398515,1.000,2359
255876,398538,1.000,2359
255877,398504,1.000,2360
255877,398505,1.000,2360
255878,398532,1.000,2359
255879,398528,1.000,2359
255880,398773,1.000,2359
255880,398774,1.000,2359
255881,398559,1.000,2359
255882,398636,1.000,2424
255883,398516,1.000,2359
255883,398517,1.000,2359
255884,398767,1.000,2356
255884,398768,1.000,2352
255885,398738,1.000,2359
255885,398739,1.000,2359
255886,398527,1.000,308
255887,398623,1.000,2356
255888,398498,1.000,2978
255889,398805,1.000,2446
255890,398720,1.000,2449
255891,398820,1.000,2512
255892,398534,1.000,2359
255893,398782,1.000,2352
255894,398806,1.000,2352
255894,398807,1.000,2352
255895,398779,1.000,2352
255896,398727,1.000,2352
255896,398728,1.000,2352
255897,398793,1.000,2352
255897,398794,1.000,2359
255898,398791,1.000,2352
255898,398792,1.000,2352
255899,398816,1.000,2352
255899,398817,1.000,2352
255900,398786,1.000,2352
255900,398787,1.000,2352
255901,398891,10.000,660
255902,398892,1.000,3408
255903,398778,1.000,2357
255904,398761,1.000,2359
255904,398762,1.000,2359
255905,398530,1.000,2471
255906,398519,1.000,2359
255906,398520,1.000,2359
255907,398900,1.000,2569
255908,398667,1.000,2385
255909,398664,1.000,2385
255910,398549,1.000,2359
255910,398550,1.000,2359
255911,398521,1.000,2385
255911,398526,1.000,2359
255912,398702,1.000,2359
255912,398703,1.000,2359
255913,398909,1.000,2446
255915,398704,1.000,2359
255915,398705,1.000,2359
255916,398685,1.000,2356
255916,398686,1.000,2356
255917,398670,1.000,2359
255917,398671,1.000,2359
255918,398570,1.000,2424
255919,398660,1.000,2359
255919,398661,1.000,2359
255920,398622,1.000,2356
255921,398684,1.000,399
255922,398894,1.000,2457
255922,398895,1.000,405
255923,398645,1.000,2359
255923,398646,1.000,2359
255924,398677,1.000,2359
255925,398672,1.000,2359
255925,398673,1.000,2359
255926,398650,1.000,2359
255926,398651,1.000,2359
255927,398893,1.000,2446
255928,398594,1.000,2359
255928,398595,1.000,2359
255929,398730,1.000,2495
255931,398641,1.000,2356
255931,398642,1.000,2356
255932,398759,1.000,134
255933,398605,1.000,2359
255934,398698,1.000,2359
255934,398699,1.000,2359
255935,398674,1.000,2460
255935,398675,1.000,405
255935,398676,1.000,408
255936,398665,1.000,2359
255936,398666,1.000,2359
255937,398690,1.000,2471
255938,398756,1.000,2378
255939,398700,1.000,2458
255939,398701,1.000,405
255940,398599,1.000,2359
255940,398600,1.000,2359
255941,398512,1.000,2390
255941,398513,1.000,915
255942,398716,1.000,2395
255943,398859,1.000,2359
255943,398860,1.000,2359
255944,398639,1.000,2359
255944,398640,1.000,2359
255945,398615,1.000,2359
255946,398612,1.000,2359
255946,398613,1.000,2359
255947,398629,1.000,2359
255948,398601,1.000,2359
255949,398624,1.000,2359
255950,398941,1.000,2446
255951,398659,1.000,2359
255952,398857,1.000,2359
255952,398858,1.000,2359
255953,398749,1.000,2359
255953,398750,1.000,2359
255954,398614,1.000,2359
255955,398769,1.000,2359
255955,398770,1.000,2359
255956,398733,1.000,2368
255957,398731,1.000,2360
255958,398855,1.000,2359
255958,398856,1.000,2359
255959,398732,1.000,2359
255960,398933,1.000,2352
255960,398934,1.000,2352
255961,398910,1.000,2352
255961,398911,1.000,2352
255962,398906,1.000,2352
255962,398907,1.000,2352
255963,398883,1.000,2352
255963,398884,1.000,2352
255964,398979,1.000,2512
255965,398935,1.000,2352
255965,398936,1.000,2352
255966,398682,1.000,2359
255966,398683,1.000,2359
255968,398752,1.000,2524
255969,398648,1.000,2390
255970,398553,1.000,2363
255971,398606,1.000,2359
255971,398607,1.000,2359
255972,399061,1.000,491
255973,398840,1.000,2359
255974,398803,1.000,2359
255975,398844,1.000,2359
255975,398845,1.000,2359
255976,398800,1.000,2359
255977,398835,1.000,2356
255977,398836,1.000,2356
255978,398797,1.000,2359
255978,398798,1.000,2359
255979,398818,1.000,2356
255979,398819,1.000,2356
255980,398853,1.000,2359
255980,398854,1.000,2359
255981,398850,1.000,2356
255981,398851,1.000,2356
255982,398827,1.000,2359
255982,398828,1.000,2359
255983,398825,1.000,2359
255984,398831,1.000,2356
255984,398832,1.000,2356
255985,398799,1.000,2424
255986,398785,1.000,2359
255987,398872,1.000,2359
255988,398838,1.000,2352
255988,398839,1.000,2352
255989,398846,1.000,2352
255989,398847,1.000,2352
255990,398871,1.000,2352
255991,399062,1.000,2352
255991,399063,1.000,2352
255992,398804,1.000,2446
255993,398826,1.000,2359
255994,398869,1.000,2359
255995,398821,1.000,2359
255996,398849,1.000,2356
255997,398734,1.000,2385
255998,398795,1.000,2449
255999,398809,1.000,2449
256000,398788,1.000,2359
256001,398780,1.000,2359
256001,398781,1.000,2359
256002,398810,1.000,2458
256002,398811,1.000,405
256003,399152,26.000,660
256004,398841,1.000,2359
256005,398815,1.000,2359
256006,399153,1.000,3408
256007,399042,1.000,2359
256008,399154,40.000,2951
256009,398833,1.000,2359
256009,398834,1.000,2359
256010,398801,1.000,2356
256010,398802,1.000,2356
256011,398842,1.000,2359
256011,398843,1.000,2359
256012,399015,1.000,2359
256013,399068,1.000,2352
256013,399069,1.000,2352
256014,398868,1.000,2512
256015,398494,1.000,2390
256015,398495,1.000,915
256016,398813,1.000,2359
256017,398724,1.000,2488
256018,398865,1.000,2390
256019,398875,1.000,2371
256020,398862,1.000,2390
256021,398812,1.000,2359
256022,398789,1.000,2359
256022,398790,1.000,2359
256023,398974,1.000,308
256024,398837,1.000,2359
256025,398829,1.000,2359
256025,398830,1.000,2359
256026,399052,1.000,2365
256027,398876,1.000,2359
256027,398877,1.000,2359
256028,398878,1.000,2359
256028,398879,1.000,2359
256029,399071,1.000,2359
256029,399072,1.000,2359
256030,399027,1.000,2442
256030,399028,1.000,3120
256031,398814,1.000,2377
256032,399050,1.000,2457
256032,399051,1.000,405
256033,399116,1.000,2467
256034,398977,1.000,308
256035,398874,1.000,2424
256036,398969,1.000,2356
256036,398970,1.000,2356
256037,398746,1.000,2442
256037,398747,1.000,3120
256038,398916,1.000,2359
256038,398917,1.000,2359
256039,398905,1.000,2488
256040,398644,1.000,2363
256041,398952,1.000,2378
256042,398921,1.000,2359
256042,398922,1.000,2359
256043,399008,1.000,2446
256044,398924,1.000,2449
256045,398556,1.000,2363
256045,398557,1.000,2359
256046,398944,1.000,2446
256047,398901,1.000,2424
256048,399011,1.000,2359
256048,399012,1.000,2359
256049,399004,1.000,2424
256050,398588,1.000,2359
256050,398589,1.000,2359
256051,398965,1.000,2359
256051,398966,1.000,2359
256052,399108,1.000,2359
256052,399109,1.000,2359
256053,398978,1.000,2363
256054,398923,1.000,2356
256055,398960,1.000,2356
256056,398866,1.000,3739
256056,398867,1.000,405
256057,398696,1.000,2416
256058,398988,1.000,2356
256058,398989,1.000,2356
256059,398721,1.000,2457
256059,398722,1.000,405
256060,398982,1.000,2359
256061,399014,1.000,2359
256062,399054,1.000,2449
256063,398945,1.000,2359
256063,398946,1.000,2359
256064,398896,1.000,399
256065,398863,1.000,2457
256065,398864,1.000,405
256066,398959,1.000,2467
256067,399121,1.000,308
256068,398976,1.000,2359
256069,398918,1.000,2356
256070,398657,1.000,2359
256071,398993,1.000,2359
256071,398994,1.000,2359
256072,399201,1.000,2512
256073,399135,1.000,2352
256073,399136,1.000,2352
256074,399138,1.000,2352
256074,399139,1.000,2352
256075,399194,1.000,2352
256075,399195,1.000,2352
256076,399141,1.000,2352
256076,399142,1.000,2352
256077,399137,1.000,2352
256078,398931,1.000,2359
256078,398932,1.000,2359
256079,398986,1.000,2359
256079,398987,1.000,2359
256080,399020,1.000,2446
256082,398635,1.000,2359
256083,398914,1.000,2359
256083,398915,1.000,2359
256084,399134,1.000,2359
256085,398898,1.000,2359
256085,398899,1.000,2359
256086,398983,1.000,2359
256086,398984,1.000,2359
256087,399046,1.000,399
256088,399010,1.000,2449
256089,399009,1.000,2449
256090,399104,1.000,2359
256090,399105,1.000,2359
256091,398971,1.000,308
256092,398956,1.000,2471
256093,399039,1.000,2359
256094,398947,1.000,2460
256094,398948,1.000,405
256094,398949,1.000,408
256095,398962,1.000,308
256096,398939,1.000,2359
256096,398940,1.000,2359
256097,398689,1.000,2359
256098,398973,1.000,2359
256099,398713,1.000,2389
256100,399058,1.000,2457
256100,399059,1.000,405
256101,399003,1.000,2359
256102,399024,1.000,2457
256102,399025,1.000,405
256103,398925,1.000,2490
256104,399133,1.000,2359
256105,399112,1.000,2359
256106,398880,1.000,2356
256108,398957,1.000,2394
256109,398995,1.000,2359
256109,398996,1.000,2359
256110,398980,1.000,2359
256110,398981,1.000,2359
256111,398897,1.000,2356
256112,398735,1.000,3455
256113,399055,1.000,2458
256113,399056,1.000,405
256113,399057,1.000,491
256114,399247,1.000,2416
256115,399248,1.000,2449
256116,398937,1.000,2368
256116,398938,1.000,748
256117,399259,1.000,2359
256117,399260,1.000,2359
256118,399253,1.000,2360
256118,399254,1.000,2360
256119,399086,1.000,2359
256119,399087,1.000,2359
256120,399082,1.000,2359
256120,399083,1.000,2359
256121,399067,1.000,2359
256122,399264,1.000,2359
256123,398961,1.000,3811
256124,399079,1.000,2359
256124,399080,1.000,2359
256125,399113,1.000,308
256126,399097,1.000,2359
256126,399098,1.000,2359
256127,399111,1.000,2446
256128,398873,1.000,2428
256129,398808,1.000,2428
256130,399066,1.000,2359
256131,399091,1.000,2449
256132,398796,1.000,2424
256133,398771,1.000,2359
256133,398772,1.000,2360
256134,399155,1.000,2449
256135,399006,1.000,2356
256135,399007,1.000,2356
256136,399144,1.000,2359
256136,399145,1.000,2359
256137,399017,1.000,2358
256137,399018,1.000,2356
256138,399101,1.000,2359
256138,399102,1.000,2359
256139,399092,1.000,2359
256140,399156,1.000,2359
256141,399099,1.000,2424
256142,399250,1.000,2446
256143,399064,1.000,2446
256144,399219,1.000,2352
256144,399220,1.000,2352
256145,399262,1.000,2512
256146,399236,1.000,2352
256147,399258,1.000,2352
256148,399107,1.000,2352
256149,399114,1.000,2352
256149,399115,1.000,2352
256150,399110,1.000,2359
256151,399311,1.000,2352
256151,399312,1.000,2352
256152,399232,1.000,2352
256152,399233,1.000,2352
256153,399093,1.000,2512
256154,399267,1.000,2352
256155,398848,1.000,2424
256156,399073,1.000,2359
256157,399256,1.000,2359
256158,399047,1.000,399
256158,399048,1.000,2863
256158,399049,1.000,2387
256159,399317,1.000,2352
256159,399318,1.000,2352
256160,399045,1.000,2356
256161,399147,1.000,2463
256161,399148,1.000,405
256161,399149,1.000,408
256162,399265,1.000,2352
256163,399255,1.000,2352
256164,399251,1.000,2352
256164,399252,1.000,2352
256165,399037,1.000,2356
256165,399038,1.000,2356
256166,398881,1.000,2359
256166,398882,1.000,2359
256167,399090,1.000,2371
256168,399033,1.000,2356
256168,399034,1.000,2356
256169,399031,1.000,2359
256169,399032,1.000,2359
256170,398912,1.000,2359
256170,398913,1.000,2359
256171,399160,1.000,2359
256171,399161,1.000,2359
256172,399208,1.000,2359
256173,399005,1.000,2359
256174,398990,1.000,399
256174,398991,1.000,2862
256207,398950,1.000,2385
256207,398951,1.000,2359
256208,399171,1.000,2490
256209,399170,1.000,2446
256210,399212,1.000,2446
256211,399167,1.000,2490
256212,399029,1.000,2356
256212,399030,1.000,2356
256213,399162,1.000,2359
256213,399163,1.000,2359
256214,399199,1.000,2359
256214,399200,1.000,2359
256215,399002,1.000,399
256216,399026,1.000,2428
256217,399196,1.000,2359
256217,399197,1.000,2359
256218,399178,1.000,2424
256219,398887,1.000,2359
256219,398888,1.000,2359
256220,398964,1.000,2450
256221,398997,1.000,2356
256221,398998,1.000,2356
256222,399244,1.000,2359
256222,399245,1.000,2359
256223,398985,1.000,2359
256224,398928,1.000,2359
256224,398929,1.000,2359
256225,399074,1.000,2360
256225,399075,1.000,2360
256226,398992,1.000,2359
256227,399159,1.000,2481
256228,399211,1.000,2467
256229,399189,1.000,308
256230,399124,1.000,2359
256230,399125,1.000,2359
256231,399188,1.000,308
256232,399013,1.000,2509
256233,398999,1.000,2359
256233,399000,1.000,2359
256234,398885,1.000,2359
256234,398886,1.000,2359
256235,398963,1.000,2447
256236,399241,1.000,2457
256236,399242,1.000,405
256237,398729,1.000,535
256238,399331,1.000,2475
256239,398889,1.000,2359
256239,398890,1.000,2359
256240,399363,1.000,2446
256241,398919,1.000,2359
256242,398942,1.000,399
256243,399191,1.000,2359
256244,399131,1.000,2359
256244,399132,1.000,2359
256245,399169,1.000,2490
256246,399203,1.000,2359
256246,399204,1.000,2359
256247,398736,1.000,2509
256247,398737,1.000,408
256248,399183,1.000,2356
256249,399146,1.000,2488
256250,398726,1.000,2416
256251,399016,1.000,2359
256252,399179,1.000,2359
256252,399180,1.000,2359
256253,399019,1.000,2359
256254,399228,1.000,2371
256255,398975,1.000,2425
256256,399213,1.000,2703
256257,399076,1.000,2479
256258,398943,1.000,2386
256260,399215,1.000,2449
256261,399298,1.000,2512
256262,399297,1.000,2933
256263,399355,1.000,2352
256263,399356,1.000,2352
256264,399209,1.000,2512
256264,399210,1.000,915
256265,399164,1.000,2389
256266,399224,1.000,2352
256266,399225,1.000,2352
256267,399347,2.000,2352
256267,399348,2.000,2352
256268,399341,1.000,2352
256268,399342,1.000,2352
256269,399182,1.000,2511
256270,399229,1.000,2449
256271,399319,1.000,2352
256272,399035,1.000,2385
256272,399036,1.000,2356
256273,399335,1.000,2352
256273,399336,1.000,2352
256274,399305,1.000,2512
256275,399184,1.000,2359
256275,399185,1.000,2359
256276,398968,1.000,2359
256277,399190,1.000,2359
256278,399176,1.000,2359
256278,399177,1.000,2359
256279,399290,1.000,531
256280,398711,1.000,2428
256280,398748,1.000,2452
256281,399421,20.000,660
256282,399422,1.000,3408
256283,399289,1.000,2387
256284,398755,1.000,2509
256285,399374,1.000,2488
256286,399423,1.000,2569
256287,398903,1.000,399
256287,398904,1.000,2862
256288,399140,1.000,2397
256289,399424,8.000,3001
256290,399425,1.000,2359
256290,399426,1.000,2359
256291,398972,1.000,2371
256292,399186,1.000,2359
256292,399187,1.000,2359
256293,399249,1.000,2359
256294,399306,1.000,2446
256295,399280,1.000,2359
256296,399094,1.000,2359
256297,399321,1.000,2359
256297,399322,1.000,2359
256298,399129,1.000,2356
256299,399266,1.000,2359
256300,399081,1.000,2356
256301,399235,1.000,2359
256302,399276,1.000,2359
256302,399277,1.000,2359
256303,399308,1.000,2359
256303,399309,1.000,2359
256304,399448,1.000,3738
256305,399460,1.000,2352
256306,399281,1.000,2352
256306,399282,1.000,2352
256307,399257,1.000,2352
256308,399353,1.000,2352
256308,399354,1.000,2352
256309,399444,1.000,2512
256310,399436,1.000,2352
256310,399437,1.000,2356
256311,399270,1.000,2450
256312,399269,1.000,2387
256313,399278,1.000,2359
256313,399279,1.000,2359
256314,399285,1.000,2359
256315,399320,1.000,2359
256316,399268,1.000,2359
256317,399234,1.000,2359
256318,399272,1.000,2359
256318,399273,1.000,2359
256319,399283,1.000,2359
256319,399284,1.000,2359
256320,399077,1.000,2363
256321,399274,1.000,2385
256321,399275,1.000,2359
256322,399472,1.000,2352
256322,399473,1.000,2352
256323,399461,1.000,2352
256323,399462,1.000,2352
256324,399475,1.000,2352
256324,399476,1.000,2352
256325,399271,1.000,2359
256326,399560,1.000,2512
256327,399084,1.000,2360
256327,399085,1.000,2360
256328,399286,1.000,399
256328,399287,1.000,2862
256329,399330,1.000,2377
256330,399296,1.000,308
256331,399313,1.000,2356
256331,399314,1.000,2356
256332,399420,1.000,2460
256333,399294,1.000,2428
256333,399295,1.000,2430
256334,399327,1.000,2467
256335,399095,1.000,2356
256335,399096,1.000,2356
256336,399198,1.000,2425
256337,399150,1.000,2424
256337,399151,1.000,2387
256338,399316,1.000,308
256339,399328,1.000,2359
256339,399329,1.000,2359
256340,399158,1.000,2377
256341,399302,1.000,2359
256342,399495,1.000,2881
256343,399382,1.000,2356
256344,399237,1.000,2359
256344,399238,1.000,2359
256345,399070,1.000,2356
256346,399367,1.000,2359
256346,399368,1.000,2359
256347,399263,1.000,2467
256348,399365,1.000,2359
256348,399366,1.000,2359
256349,399293,1.000,2359
256350,399300,1.000,2359
256350,399301,1.000,2359
256351,399223,1.000,2371
256352,399334,1.000,308
256353,399205,1.000,2359
256353,399206,1.000,2359
256354,399362,1.000,2359
256355,399484,1.000,2359
256355,399485,1.000,2359
256356,399332,1.000,308
256357,399315,1.000,308
256358,399371,1.000,491
256359,399345,1.000,2359
256359,399346,1.000,2359
256360,399361,1.000,2359
256361,399471,1.000,2387
256362,399352,1.000,2359
256362,399370,1.000,2360
256363,399337,1.000,2359
256363,399338,1.000,2359
256364,399372,1.000,308
256365,399172,1.000,2359
256365,399173,1.000,2359
256366,399292,1.000,2359
256367,399181,1.000,399
256368,398958,1.000,2359
256369,399364,1.000,2360
256370,399542,1.000,2356
256370,399543,1.000,2356
256371,399126,1.000,2356
256371,399127,1.000,2356
256372,398967,1.000,2428
256373,399357,1.000,2449
256374,399555,1.000,2352
256374,399556,3.000,134
256375,399586,1.000,2352
256376,398694,1.000,2352
256377,399515,1.000,2352
256378,399499,1.000,2352
256379,399523,1.000,2512
256380,399517,1.000,2352
256380,399518,1.000,2352
256381,399508,1.000,2352
256381,399509,1.000,2352
256382,399497,1.000,2352
256382,399498,1.000,2352
256383,399536,1.000,2352
256384,399486,1.000,2359
256384,399487,1.000,2359
256385,399489,1.000,2359
256385,399490,1.000,2359
256386,399418,1.000,2441
256386,399419,4.000,134
256387,399506,1.000,308
256388,399496,1.000,308
256389,399502,1.000,525
256390,399493,1.000,2359
256390,399494,1.000,2359
256391,399120,1.000,399
256392,399520,1.000,2359
256393,399369,1.000,2398
256394,399491,1.000,2359
256395,399373,1.000,2424
256396,399383,1.000,399
256397,398926,1.000,2426
256397,398927,1.000,2433
256398,399637,1.000,2428
256399,399550,1.000,2446
256400,399165,1.000,2359
256401,399639,1.000,308
256402,399516,1.000,2359
256403,399521,1.000,2359
256403,399522,1.000,2359
256404,399243,1.000,2372
256405,399130,1.000,2356
256406,399529,1.000,531
256407,399642,1.000,2441
256407,399643,14.000,134
256408,399646,12.000,660
256409,399645,1.000,2352
256410,399647,1.000,3408
256411,399648,8.000,660
256412,399359,1.000,2359
256412,399360,1.000,2359
256413,399455,1.000,2424
256414,399449,1.000,2359
256415,399535,1.000,2359
256416,399533,1.000,2449
256417,399513,1.000,2488
256417,399514,1.000,2467
256418,399477,1.000,2359
256418,399478,1.000,2359
256419,399474,1.000,2449
256420,399451,1.000,2359
256420,399452,1.000,2359
256421,399450,1.000,2446
256422,399446,1.000,2359
256422,399447,1.000,2359
256423,399534,1.000,2352
256424,399433,1.000,2359
256424,399434,1.000,2359
256425,399527,1.000,2424
256426,399511,1.000,2359
256426,399512,1.000,2359
256427,399507,1.000,2359
256428,399492,1.000,2359
256429,399488,1.000,2359
256430,399483,1.000,2385
256431,399481,1.000,2356
256432,399480,1.000,2359
256433,399479,1.000,2446
256434,399469,1.000,2359
256434,399470,1.000,2359
256435,399468,1.000,2359
256436,399467,1.000,2359
256437,399466,1.000,2356
256438,399464,1.000,2359
256438,399465,1.000,2359
256439,399458,1.000,2359
256439,399459,1.000,2359
256440,399453,1.000,2359
256440,399454,1.000,2359
256441,399441,1.000,2359
256441,399442,1.000,2359
256442,399438,1.000,2359
256442,399439,2.000,134
256442,399440,1.000,2359
256443,399429,1.000,2359
256443,399430,1.000,2359
256444,399428,1.000,2359
256445,399427,1.000,2359
256446,399754,1.000,522
256447,399638,1.000,2352
256448,399685,1.000,2352
256448,399686,1.000,2352
256449,399666,1.000,2352
256449,399667,1.000,2359
256450,399656,1.000,2352
256450,399657,1.000,2352
256451,399691,1.000,2352
256451,399692,1.000,2352
256452,399619,1.000,2457
256452,399620,1.000,405
256453,399380,1.000,2449
256454,399417,1.000,2471
256455,399613,1.000,2495
256456,399384,1.000,2449
256457,399304,1.000,2428
256458,399679,1.000,2359
256458,399680,1.000,2359
256459,399665,1.000,2356
256460,398741,1.000,2428
256460,398742,1.000,2430
256461,399752,1.000,2359
256462,399649,1.000,2352
256463,399600,1.000,2446
256464,399561,1.000,2446
256465,399591,1.000,308
256466,399576,1.000,2387
256467,399604,1.000,308
256468,399584,1.000,2359
256469,399564,1.000,2359
256469,399565,1.000,2359
256470,399379,1.000,2424
256471,399343,1.000,2365
256471,399344,2.000,684
256472,399339,1.000,2359
256472,399340,1.000,2359
256473,399658,1.000,2359
256474,399578,1.000,2356
256474,399579,1.000,2356
256475,399726,1.000,2359
256476,398954,1.000,2428
256476,398955,1.000,2430
256477,399349,1.000,2397
256478,399771,1.000,2359
256478,399772,1.000,2359
256479,399585,1.000,308
256480,399721,1.000,2356
256481,399519,1.000,399
256482,399596,1.000,2387
256483,399375,1.000,2386
256484,399381,1.000,2378
256485,399557,1.000,2359
256485,399558,1.000,2359
256486,399607,1.000,2356
256486,399608,1.000,2356
256488,399503,1.000,2359
256489,399525,1.000,2359
256490,399530,1.000,2363
256491,399633,1.000,2356
256491,399634,1.000,2356
256492,399572,1.000,2359
256492,399573,1.000,2359
256494,399562,1.000,2359
256494,399563,1.000,2359
256495,399531,1.000,2449
256497,399551,1.000,2359
256499,399524,1.000,2359
256500,399538,1.000,2356
256500,399539,1.000,2356
256501,399614,1.000,2359
256501,399615,1.000,2359
256503,399545,1.000,2491
256504,399580,1.000,2387
256505,399687,1.000,2488
256506,399554,1.000,2359
256507,399500,1.000,2457
256507,399501,1.000,405
256508,399546,1.000,2359
256508,399547,1.000,2359
256509,399574,1.000,2359
256509,399575,1.000,2359
256510,399764,1.000,308
256511,399566,1.000,2359
256511,399567,1.000,2359
256512,399724,1.000,2359
256512,399725,1.000,2359
256513,399378,1.000,399
256514,399505,1.000,2359
256515,399526,1.000,308
256516,399621,1.000,2359
256516,399622,1.000,2359
256517,399677,1.000,2356
256517,399678,1.000,2359
256518,399708,1.000,2359
256518,399709,1.000,2359
256519,399593,1.000,308
256520,399605,1.000,2457
256520,399606,1.000,405
256521,399548,1.000,2457
256521,399549,1.000,405
256522,399734,1.000,2359
256522,399735,1.000,2359
256523,399510,1.000,2363
256524,399609,1.000,2356
256524,399610,1.000,2356
256525,398908,1.000,2416
256526,399762,1.000,2359
256526,399763,1.000,2359
256527,399532,1.000,2373
256528,399628,1.000,2359
256528,399629,1.000,2359
256529,399553,1.000,2428
256530,399731,1.000,2424
256531,399697,1.000,2390
256532,399775,1.000,2359
256532,399776,1.000,2359
256533,399773,1.000,2359
256533,399774,1.000,2359
256534,399802,1.000,2372
256535,399732,1.000,2443
256535,399733,1.000,3120
256536,399662,1.000,2359
256537,399760,1.000,2385
256538,399603,1.000,2488
256539,399594,1.000,2457
256539,399595,1.000,112
256540,399719,1.000,2356
256540,399720,1.000,2356
256541,399800,1.000,2359
256541,399801,1.000,2359
256542,399174,1.000,2428
256542,399175,1.000,2430
256543,399528,1.000,2424
256544,399582,1.000,2446
256545,399616,1.000,2352
256546,399559,1.000,2356
256547,399821,1.000,2352
256547,399822,1.000,2352
256548,399611,1.000,2352
256548,399612,1.000,2352
256549,399790,1.000,2352
256549,399791,1.000,2352
256550,399597,1.000,2352
256550,399598,1.000,2352
256551,399765,1.000,2352
256552,399830,1.000,3738
256552,399831,1.000,3738
256553,399729,1.000,2352
256553,399730,1.000,2352
256554,399694,1.000,2352
256554,399695,1.000,2352
256555,399601,1.000,2352
256555,399602,1.000,2352
256555,399676,3.000,134
256556,399698,1.000,2491
256557,399846,1.000,2352
256558,399700,1.000,2467
256559,399672,1.000,2359
256559,399673,1.000,2359
256560,399659,1.000,2359
256561,399654,1.000,2359
256561,399655,1.000,2359
256562,399674,1.000,2359
256562,399675,1.000,2359
256563,399668,1.000,2359
256563,399669,1.000,2359
256564,399663,1.000,2359
256564,399664,1.000,2359
256565,399652,1.000,2359
256565,399653,1.000,2359
256566,399780,1.000,2360
256567,399737,1.000,2359
256567,399738,1.000,2359
256568,399736,1.000,2356
256569,399688,1.000,2359
256570,399683,1.000,2359
256570,399684,1.000,2359
256571,399650,1.000,2359
256571,399651,1.000,2359
256572,399728,1.000,2467
256573,399670,1.000,2356
256573,399671,1.000,2356
256574,399749,1.000,2352
256575,399879,1.000,2352
256575,399880,1.000,2352
256576,399854,1.000,2352
256576,399855,1.000,1323
256577,399850,1.000,2352
256577,399851,1.000,2352
256578,399847,1.000,2352
256578,399848,1.000,2352
256579,399895,1.000,2352
256579,399896,1.000,2352
256580,399877,1.000,2512
256581,399723,1.000,2397
256582,399717,1.000,2359
256582,399718,1.000,2359
256583,399710,1.000,2359
256583,399711,1.000,2359
256584,399705,1.000,2359
256584,399706,1.000,2359
256585,399701,1.000,2359
256585,399702,1.000,2359
256586,399849,1.000,2359
256587,399681,1.000,2359
256587,399682,1.000,2359
256589,399792,1.000,308
256590,399950,1.000,2512
256591,399875,1.000,2356
256591,399876,1.000,2356
256592,399837,1.000,2359
256593,399961,1.000,2352
256593,399962,1.000,2352
256594,398953,1.000,3576
256595,399716,1.000,2368
256596,399829,1.000,2371
256597,399744,1.000,2457
256597,399745,1.000,405
256598,399931,1.000,2359
256598,399932,1.000,2359
256599,399769,1.000,2387
256600,399758,1.000,2359
256600,399759,1.000,2359
256601,399712,1.000,2356
256601,399713,1.000,2356
256602,399693,1.000,2356
256603,399810,1.000,2356
256604,399818,1.000,399
256605,399753,1.000,2359
256606,399786,1.000,2359
256606,399787,1.000,2359
256607,399784,1.000,2449
256608,399781,1.000,2552
256609,399911,1.000,2359
256609,399912,1.000,2359
256610,399703,1.000,2457
256610,399704,1.000,405
256611,399689,1.000,2457
256611,399690,1.000,405
256612,399797,1.000,2457
256612,399798,1.000,787
256613,399748,1.000,2359
256614,399823,1.000,399
256615,399715,1.000,2490
256616,399809,1.000,2385
256617,399782,1.000,2457
256617,399783,1.000,405
256618,400071,1.000,522
256619,399841,1.000,2359
256620,399770,1.000,2411
256621,399779,1.000,2359
256622,399742,1.000,2446
256623,399722,1.000,2359
256624,399826,1.000,2457
256624,399827,1.000,405
256625,399743,1.000,308
256626,399789,1.000,2385
256627,399909,1.000,2359
256627,399910,1.000,2359
256628,399757,1.000,2359
256629,399618,1.000,2424
256629,399767,1.000,2361
256630,399944,1.000,2359
256631,399901,1.000,2359
256631,399902,1.000,2359
256632,399833,1.000,2359
256632,399834,1.000,2359
256633,399893,1.000,2359
256633,399894,1.000,2359
256634,399946,1.000,2359
256635,399813,1.000,2449
256636,399832,1.000,308
256637,399835,1.000,2359
256637,399836,1.000,2359
256638,399740,1.000,2457
256638,399741,1.000,787
256639,399934,1.000,2460
256639,399935,1.000,405
256639,399936,1.000,408
256640,399804,1.000,2457
256640,399805,1.000,405
256641,399739,1.000,308
256642,399949,1.000,2409
256643,399998,1.000,2352
256644,399984,1.000,2352
256644,399985,1.000,2352
256645,399945,1.000,2352
256646,400014,1.000,2352
256647,400001,1.000,2378
256648,399806,1.000,308
256649,399913,1.000,2359
256649,399914,1.000,2359
256650,399838,1.000,2460
256650,399839,1.000,405
256650,399840,1.000,408
256651,399900,1.000,2359
256652,399979,1.000,2359
256653,399929,1.000,2359
256653,399930,1.000,2359
256654,399799,1.000,308
256655,399853,1.000,2359
256656,399845,1.000,308
256657,399537,1.000,2416
256658,399937,1.000,2428
256658,399938,1.000,2430
256659,399768,1.000,2475
256660,399905,1.000,2359
256660,399906,1.000,2359
256661,399785,1.000,2395
256662,400036,1.000,2359
256662,400037,1.000,2359
256663,399761,1.000,2424
256664,399751,1.000,2449
256665,399960,1.000,2359
256666,399755,1.000,2424
256667,399923,1.000,2356
256668,399976,1.000,2359
256668,399977,1.000,2359
256669,399820,1.000,2467
256670,399746,1.000,2446
256671,400072,1.000,490
256671,400073,1.000,522
256672,400026,1.000,399
256673,399887,1.000,2359
256673,399888,1.000,2359
256674,399928,1.000,2359
256675,399865,1.000,2359
256676,399886,1.000,2352
256677,400091,1.000,2352
256677,400092,1.000,2352
256678,400075,1.000,2352
256679,400097,1.000,2352
256680,399871,1.000,2359
256680,399872,1.000,2359
256681,399859,1.000,2359
256682,399861,1.000,2356
256682,399862,1.000,2356
256683,399903,1.000,2359
256683,399904,1.000,2359
256684,399943,1.000,2359
256685,399869,1.000,2356
256685,399870,1.000,2356
256686,399852,1.000,2359
256687,399885,1.000,2449
256688,400074,1.000,2449
256689,399867,1.000,2359
256689,399868,1.000,2359
256690,399920,1.000,2359
256691,399873,1.000,2359
256692,400008,1.000,2359
256693,399917,1.000,2359
256693,399918,1.000,2359
256694,399863,1.000,2359
256694,399864,1.000,2359
256695,399890,1.000,2356
256695,399891,1.000,2356
256696,399907,1.000,2359
256696,399908,1.000,2359
256697,400040,2.000,748
256698,399892,1.000,2359
256699,399921,1.000,2424
256700,399856,1.000,2359
256701,399878,1.000,308
256702,399866,1.000,2424
256703,399882,1.000,2458
256703,399883,1.000,405
256704,400044,1.000,399
256705,399955,1.000,2359
256706,399993,1.000,2359
256706,399994,1.000,2359
256707,399922,1.000,2359
256708,400085,1.000,2352
256708,400086,1.000,2352
256709,400101,1.000,2352
256709,400102,1.000,2352
256710,399857,1.000,2359
256710,399858,1.000,2359
256711,400076,1.000,2352
256711,400077,1.000,2352
256712,400128,1.000,2352
256712,400129,1.000,2352
256713,400095,1.000,2352
256714,399889,1.000,2449
256715,399874,1.000,2449
256716,400038,1.000,2397
256716,400039,1.000,2387
256717,399999,1.000,2368
256718,400079,1.000,2359
256719,399978,1.000,2449
256720,399963,1.000,2359
256720,399964,1.000,2359
256721,400030,1.000,2359
256721,400031,1.000,2359
256722,399941,1.000,2359
256722,399942,1.000,2359
256723,399965,1.000,2359
256723,399966,1.000,2359
256724,400143,1.000,2359
256725,399953,1.000,2359
256725,399954,1.000,2359
256726,400000,1.000,2359
256727,399939,1.000,2359
256727,399940,1.000,2359
256728,400180,1.000,2395
256729,399970,1.000,2449
256730,399916,1.000,2359
256731,399967,1.000,308
256732,399843,1.000,2425
256733,399973,1.000,2359
256733,399974,1.000,2359
256734,400045,1.000,2359
256735,400175,1.000,2457
256735,400176,1.000,405
256736,400011,1.000,2359
256736,400012,1.000,2359
256737,399951,1.000,2359
256737,399952,1.000,2359
256738,400009,1.000,2488
256738,400010,1.000,2495
256739,399969,1.000,2488
256740,400054,1.000,2446
256741,400047,1.000,308
256742,400178,1.000,2457
256742,400179,1.000,405
256743,399897,1.000,308
256744,399991,1.000,2359
256744,399992,1.000,2359
256745,399919,1.000,2359
256746,400134,1.000,308
256747,400043,1.000,2447
256748,399980,1.000,2488
256749,400064,1.000,2446
256750,399971,1.000,308
256751,400006,1.000,2359
256751,400007,1.000,2359
256752,399968,1.000,2471
256753,400005,1.000,308
256754,400018,1.000,2457
256754,400019,1.000,405
256755,400033,1.000,2359
256756,399926,1.000,2446
256757,399947,1.000,2359
256758,400189,1.000,2359
256759,399814,1.000,2428
256760,400055,1.000,2449
256761,400061,1.000,2359
256762,399924,1.000,2359
256762,399925,1.000,2359
256763,400065,1.000,2529
256763,400066,1.000,2529
256764,400016,1.000,2359
256765,399972,1.000,2481
256766,400053,1.000,2502
256767,400024,1.000,2457
256767,400025,1.000,405
256768,400049,1.000,2488
256769,400046,1.000,2385
256770,400125,1.000,2424
256771,399975,1.000,2359
256772,400020,1.000,2359
256773,399948,1.000,2446
256774,400069,1.000,2462
256774,400070,1.000,405
256775,399988,1.000,2360
256775,399989,1.000,2360
256775,399990,1.000,134
256776,400249,1.000,2352
256776,400250,1.000,2352
256777,400137,1.000,2512
256778,400151,1.000,2352
256778,400152,1.000,2352
256779,400222,1.000,2352
256780,400254,1.000,2352
256780,400255,1.000,2352
256781,400201,1.000,2352
256781,400202,1.000,2352
256782,400148,1.000,2512
256783,400225,1.000,2352
256784,400242,1.000,2352
256785,399982,1.000,2352
256785,399983,1.000,2352
256786,400253,1.000,2352
256787,400256,1.000,2352
256787,400257,1.000,2352
256788,399997,1.000,2512
256789,400015,1.000,2450
256790,400089,1.000,2359
256790,400090,1.000,2359
256791,400028,1.000,2359
256791,400029,1.000,2359
256792,400027,1.000,2387
256793,399927,1.000,2360
256794,400041,1.000,818
256795,400062,1.000,2360
256795,400063,1.000,2360
256796,399959,1.000,2424
256797,399957,1.000,2377
256798,400172,1.000,2360
256799,400141,1.000,2359
256799,400142,1.000,2359
256800,400227,1.000,2352
256801,400190,1.000,399
256802,399956,1.000,2360
256803,400034,1.000,2458
256803,400035,1.000,405
256804,400322,1.000,1130
256805,400390,1.000,2357
256806,400301,1.000,2446
256807,400210,1.000,2359
256807,400211,1.000,2359
256808,400093,1.000,2356
256809,400083,1.000,2359
256809,400084,1.000,2359
256810,400114,1.000,2449
256811,400087,1.000,2359
256811,400088,1.000,2359
256812,400144,1.000,2359
256812,400145,1.000,2359
256813,400099,1.000,2449
256814,400146,1.000,2359
256814,400147,1.000,2359
256815,400107,1.000,2359
256815,400108,1.000,2359
256816,400120,1.000,2359
256816,400121,1.000,2359
256817,400181,1.000,2359
256818,400082,1.000,2359
256819,400111,1.000,2359
256820,400158,1.000,2446
256821,400138,1.000,2359
256822,400119,1.000,308
256823,400173,1.000,2359
256823,400174,1.000,2359
256824,400306,1.000,2356
256825,400135,1.000,2359
256825,400136,1.000,2359
256826,400094,1.000,2359
256827,400168,1.000,2359
256828,400002,1.000,2488
256828,400003,1.000,2371
256829,400139,1.000,2359
256829,400140,1.000,2359
256830,400098,1.000,2495
256831,400118,1.000,399
256832,400199,1.000,2371
256833,400057,1.000,2356
256833,400058,1.000,2356
256834,400302,1.000,2446
256835,400194,1.000,2352
256836,400358,1.000,2352
256837,400100,1.000,2449
256838,400419,1.000,2352
256838,400420,1.000,2352
256839,400424,1.000,2359
256839,400425,1.000,2359
256840,400310,1.000,2457
256840,400311,1.000,405
256841,400236,1.000,2449
256842,400163,1.000,2359
256842,400164,1.000,2359
256843,400153,1.000,2359
256843,400154,1.000,2359
256844,400204,1.000,2371
256845,400113,1.000,2377
256846,400313,1.000,2377
256847,400115,1.000,2360
256848,400123,1.000,2359
256848,400124,1.000,2359
256849,400156,1.000,2359
256849,400157,1.000,2359
256850,400117,1.000,2359
256851,400195,1.000,2359
256851,400196,1.000,2359
256852,400443,10.000,660
256853,400186,1.000,2359
256854,400323,1.000,2462
256854,400324,1.000,405
256855,400205,1.000,2359
256856,400112,1.000,2356
256857,400316,1.000,2359
256858,400450,27.000,660
256858,400451,2.000,3363
256859,400315,1.000,405
256859,400346,1.000,2802
256860,400132,1.000,2356
256860,400133,1.000,2356
256861,400104,1.000,2356
256861,400105,1.000,2356
256862,400109,1.000,2356
256862,400110,1.000,2356
256863,400212,1.000,2861
256863,400213,1.000,2862
256864,400096,1.000,2356
256865,400106,1.000,2372
256866,400214,1.000,2371
256867,400437,1.000,376
256868,400263,1.000,2352
256869,400417,1.000,2352
256869,400418,1.000,2352
256870,400360,1.000,2352
256870,400361,1.000,2352
256871,400266,1.000,2352
256872,400265,1.000,2352
256873,400381,1.000,2352
256873,400382,1.000,2352
256874,400395,1.000,2352
256875,400017,1.000,2426
256876,400198,1.000,2359
256877,400192,1.000,2359
256877,400193,1.000,2359
256878,400278,1.000,2359
256878,400279,1.000,2359
256879,400318,1.000,2459
256879,400319,1.000,405
256879,400320,1.000,408
256880,400169,1.000,2359
256880,400170,1.000,2359
256881,400187,1.000,2356
256882,399986,1.000,2356
256882,399987,1.000,2356
256883,400021,1.000,399
256883,400022,1.000,2862
256884,400241,1.000,3946
256885,400270,1.000,2359
256885,400271,1.000,2359
256886,400397,1.000,308
256887,400280,1.000,2446
256888,400177,1.000,2424
256889,400183,1.000,2457
256889,400184,1.000,405
256890,400244,1.000,399
256891,400383,1.000,308
256892,400282,1.000,2457
256892,400283,1.000,405
256893,400226,1.000,2446
256894,400245,1.000,2449
256895,400243,1.000,2471
256896,400185,1.000,2449
256897,400293,1.000,2459
256897,400294,1.000,405
256897,400295,1.000,408
256898,400103,1.000,2359
256899,400275,1.000,308
256900,400285,1.000,2457
256900,400286,1.000,405
256901,400155,1.000,308
256902,400126,1.000,2359
256902,400127,1.000,2359
256903,400240,1.000,2359
256904,400264,1.000,2449
256905,400299,1.000,2378
256906,400228,1.000,2449
256907,400171,1.000,2359
256908,400208,1.000,2458
256908,400209,1.000,405
256909,400455,1.000,2352
256910,400485,1.000,2352
256910,400486,1.000,2352
256911,400490,1.000,2352
256911,400491,1.000,2352
256912,400464,1.000,2352
256913,400483,1.000,2352
256913,400484,1.000,2352
256914,400469,1.000,2352
256914,400470,1.000,2352
256915,400431,1.000,2352
256915,400432,1.000,2352
256916,400407,1.000,2359
256916,400408,1.000,2359
256917,400281,1.000,2359
256918,400365,1.000,2359
256918,400366,1.000,2359
256919,400284,1.000,2356
256920,400297,1.000,2359
256920,400298,1.000,2359
256921,400042,1.000,2454
256921,400309,1.000,2863
256922,400373,1.000,2449
256923,400321,1.000,405
256924,400258,1.000,2356
256924,400259,1.000,2356
256925,400188,1.000,2356
256926,400269,1.000,2359
256927,400261,1.000,2356
256927,400262,1.000,2356
256928,400273,1.000,2359
256928,400274,1.000,2359
256929,400149,1.000,2356
256929,400150,1.000,2356
256930,400231,1.000,2352
256931,400287,1.000,2356
256931,400288,1.000,2356
256932,400368,1.000,2359
256933,400276,1.000,2359
256933,400277,1.000,2359
256934,400197,1.000,2359
256935,400268,1.000,2359
256936,400229,1.000,2424
256937,400159,1.000,2428
256937,400160,1.000,486
256937,400161,1.000,490
256937,400162,1.000,491
256938,400246,1.000,399
256939,400354,1.000,2359
256939,400355,1.000,2359
256940,400237,1.000,399
256941,400374,1.000,2359
256941,400375,1.000,2359
256942,400379,1.000,2359
256942,400380,1.000,2359
256943,400218,1.000,535
256944,400232,1.000,2363
256945,400203,1.000,2371
256946,400296,1.000,2356
256947,400220,1.000,2356
256947,400221,1.000,2356
256948,400396,1.000,2363
256949,400230,1.000,2449
256950,400531,1.000,2446
256951,400312,1.000,2377
256952,400393,1.000,2359
256952,400394,1.000,2359
256953,400391,1.000,2359
256953,400392,1.000,2359
256954,400335,1.000,2359
256955,400331,1.000,2356
256955,400332,1.000,2356
256956,400339,1.000,2359
256957,400337,1.000,2359
256957,400338,1.000,2359
256958,400334,1.000,2367
256959,400329,1.000,2359
256960,400414,1.000,2359
256960,400415,1.000,2359
256961,400400,1.000,2377
256962,400362,1.000,2387
256963,400352,1.000,2359
256963,400353,1.000,2359
256964,400349,1.000,2359
256965,400347,1.000,2359
256965,400348,1.000,2359
256966,400345,1.000,2359
256967,400341,1.000,2359
256967,400342,1.000,2359
256968,400340,1.000,2359
256969,400508,1.000,2446
256970,400388,1.000,2359
256970,400389,1.000,2359
256971,400386,1.000,2446
256972,400371,1.000,2359
256972,400372,1.000,2359
256973,400369,1.000,2359
256973,400370,1.000,2359
256974,400344,1.000,2356
256975,400330,1.000,2359
256976,400327,1.000,2356
256976,400328,1.000,2356
256977,400325,1.000,2359
256977,400326,1.000,2359
256978,400333,1.000,2359
256979,400436,1.000,2359
256980,400609,1.000,2352
256981,400552,1.000,2352
256982,400553,1.000,2352
256983,400538,1.000,2352
256983,400539,1.000,2352
256984,400547,1.000,2359
256985,400551,1.000,2359
256986,400601,1.000,2359
256986,400602,1.000,2359
256987,400526,1.000,2449
256988,400527,1.000,2449
256989,400545,1.000,2359
256990,400576,1.000,2352
256990,400577,1.000,2352
256991,400520,1.000,2363
256992,400593,1.000,2512
256993,400438,1.000,2356
256994,400350,1.000,2446
256995,400439,1.000,2457
256995,400440,1.000,405
256996,400351,1.000,2449
256997,400233,1.000,2389
256997,400234,1.000,2862
256998,400247,1.000,2356
256999,400607,1.000,2356
256999,400608,1.000,2356
257000,400525,1.000,2446
257001,400216,1.000,2357
257001,400217,1.000,2357
257002,400448,1.000,2359
257002,400449,1.000,2359
257003,400453,1.000,2359
257004,400428,1.000,2359
257004,400429,1.000,2359
257005,400549,1.000,2359
257005,400550,1.000,2359
257006,400445,1.000,2359
257006,400446,1.000,2359
257007,400503,1.000,2359
257008,400474,1.000,2363
257009,400481,1.000,308
257010,400475,1.000,308
257011,400467,1.000,2457
257011,400468,1.000,787
257012,400460,1.000,2457
257012,400461,1.000,405
257013,400399,1.000,2450
257014,400427,1.000,2359
257015,400616,1.000,2449
257016,400487,1.000,2352
257016,400488,1.000,2356
257017,400130,1.000,2359
257018,400479,1.000,308
257019,400387,1.000,308
257020,400367,1.000,2490
257021,400409,1.000,2488
257022,400463,1.000,2471
257023,400480,1.000,2471
257024,400462,1.000,2449
257025,400560,1.000,2359
257025,400561,1.000,2359
257026,400251,1.000,2359
257026,400252,1.000,2359
257027,400578,1.000,2359
257027,400579,1.000,2359
257028,400465,1.000,2359
257028,400466,1.000,2359
257029,400363,1.000,2359
257029,400364,1.000,2359
257030,400235,1.000,2371
257031,400580,1.000,2359
257031,400581,1.000,2359
257032,400589,1.000,2359
257033,400457,1.000,2356
257033,400458,1.000,2356
257034,400594,1.000,2359
257034,400595,1.000,2359
257035,400357,1.000,2356
257036,400617,1.000,2359
257036,400618,1.000,2359
257037,400514,1.000,2359
257037,400515,1.000,2359
257038,400447,1.000,2356
257039,399981,1.000,2428
257040,400410,1.000,2424
257041,400586,1.000,2359
257042,400376,1.000,2359
257042,400377,1.000,2359
257043,400482,1.000,2359
257044,400587,1.000,2359
257044,400588,1.000,2359
257045,400660,1.000,2488
257046,400512,1.000,2469
257047,400441,1.000,2359
257048,400476,1.000,2359
257049,400435,1.000,2387
257050,400591,1.000,2359
257050,400592,1.000,2359
257051,400452,1.000,2357
257052,400522,1.000,2357
257053,400496,1.000,2356
257054,400663,1.000,2360
257055,400422,1.000,2356
257056,400459,1.000,531
257057,400433,1.000,2359
257058,400423,1.000,2356
257059,400501,1.000,2359
257059,400502,1.000,2359
257061,400191,1.000,2359
257062,400260,1.000,399
257063,400406,1.000,2363
257064,400402,1.000,2359
257065,400529,1.000,2359
257066,400307,1.000,2385
257066,400308,1.000,2424
257067,400572,1.000,2446
257068,400289,1.000,2428
257068,400290,1.000,490
257068,400291,1.000,3227
257068,400292,1.000,491
257069,400528,1.000,2383
257070,400478,1.000,308
257071,400498,1.000,2352
257072,400456,1.000,2352
257073,400442,1.000,2352
257074,400695,1.000,2352
257074,400696,1.000,2352
257075,400513,1.000,2359
257076,400722,1.000,2394
257077,400645,1.000,2352
257078,400726,30.000,660
257079,400532,1.000,2460
257079,400533,1.000,405
257079,400534,1.000,408
257080,400612,1.000,2352
257081,400605,1.000,2352
257081,400606,1.000,2352
257082,400412,1.000,2458
257082,400413,1.000,405
257083,400682,1.000,2512
257084,400023,1.000,399
257085,400569,1.000,2512
257086,400603,1.000,2352
257087,400619,1.000,2352
257087,400620,1.000,2352
257088,400622,1.000,2352
257088,400623,1.000,2352
257089,400426,1.000,2359
257090,400604,1.000,2352
257091,400610,1.000,2352
257091,400611,1.000,2352
257092,400614,1.000,2352
257093,400626,1.000,2352
257093,400627,1.000,2352
257094,400613,1.000,2352
257095,400727,1.000,2446
257096,400272,1.000,2426
257097,400812,1.000,2354
257098,400814,6.000,522
257099,400675,1.000,2377
257100,400557,1.000,2360
257100,400558,1.000,2360
257101,400642,1.000,2359
257101,400643,1.000,2359
257102,400705,1.000,2359
257102,400706,1.000,2359
257103,400702,1.000,308
257104,400598,1.000,308
257105,400596,1.000,2359
257105,400597,1.000,2359
257106,400590,1.000,2359
257107,400584,1.000,2359
257107,400585,1.000,2359
257108,400582,1.000,2446
257109,400573,1.000,2359
257110,400567,1.000,2449
257111,400565,1.000,2359
257111,400566,1.000,2359
257112,400564,1.000,2359
257113,400562,1.000,2449
257114,400720,1.000,2457
257114,400721,1.000,405
257115,400668,1.000,2359
257115,400669,1.000,2359
257116,400640,1.000,308
257117,400637,1.000,2471
257118,400636,1.000,2424
257119,400615,1.000,308
257120,400556,1.000,2356
257121,400554,1.000,2359
257121,400555,1.000,2359
257122,400739,1.000,2359
257123,400736,1.000,2446
257124,400728,1.000,2356
257125,400742,1.000,2359
257125,400743,1.000,2359
257126,400691,1.000,2495
257127,400652,1.000,2363
257128,400664,1.000,2356
257129,400546,1.000,308
257130,400537,1.000,2359
257131,400540,1.000,2359
257131,400541,1.000,2359
257132,400535,1.000,2359
257133,400544,1.000,2360
257134,400755,1.000,2359
257135,400746,1.000,2359
257135,400747,1.000,2359
257136,400759,1.000,2356
257136,400760,1.000,2356
257137,400646,1.000,2359
257137,400647,1.000,2359
257138,400748,1.000,2359
257139,400772,1.000,2371
257140,400773,1.000,2356
257141,400765,1.000,2352
257141,400766,1.000,2352
257142,400548,1.000,2467
257143,400749,1.000,2352
257144,400763,1.000,2352
257145,400733,1.000,2352
257145,400734,1.000,2352
257146,400356,1.000,2428
257147,400752,1.000,2352
257148,400753,1.000,2352
257148,400754,1.000,2352
257149,400384,1.000,2359
257149,400385,1.000,2359
257150,400542,1.000,2359
257150,400543,1.000,2359
257160,400519,1.000,2424
257161,400403,1.000,2425
257162,400628,1.000,2457
257162,400629,1.000,787
257163,400715,1.000,399
257164,400671,1.000,399
257164,400672,1.000,2862
257165,400833,1.000,2449
257166,400687,1.000,308
257167,400633,1.000,2359
257168,400697,1.000,2457
257168,400698,1.000,787
257169,400492,1.000,2460
257169,400493,1.000,405
257169,400494,1.000,408
257170,400518,1.000,2359
257171,400583,1.000,2449
257172,400524,1.000,2424
257173,400793,1.000,2356
257174,400718,1.000,2457
257174,400719,1.000,405
257175,400817,1.000,2356
257175,400818,1.000,2356
257176,400634,1.000,2457
257176,400635,1.000,787
257177,400506,1.000,2411
257177,400507,1.000,134
257178,400690,1.000,2446
257179,400563,1.000,2446
257180,400658,1.000,2359
257180,400659,1.000,2359
257181,400693,1.000,2359
257181,400694,1.000,2359
257182,400820,1.000,2446
257183,400768,1.000,2359
257183,400769,1.000,2359
257184,400571,1.000,308
257185,400624,1.000,2457
257185,400625,1.000,405
257186,400713,1.000,2359
257186,400714,1.000,2359
257187,400680,1.000,2359
257187,400681,1.000,2359
257188,400471,1.000,2428
257188,400472,2.000,2430
257188,400473,2.000,408
257189,400779,1.000,2359
257190,400703,1.000,2359
257190,400704,1.000,2359
257191,400650,1.000,2359
257191,400651,1.000,2359
257192,400688,1.000,2359
257193,400788,1.000,2359
257194,400729,1.000,2359
257194,400730,1.000,2359
257195,400499,1.000,2359
257196,400678,1.000,2359
257196,400679,1.000,2359
257197,400430,1.000,2359
257198,400649,1.000,2439
257199,400699,1.000,2457
257199,400700,1.000,405
257200,400207,1.000,2428
257201,400723,1.000,2457
257201,400724,1.000,405
257202,400852,1.000,2359
257202,400853,1.000,2359
257203,400570,1.000,2424
257204,400803,1.000,2363
257205,400823,1.000,2359
257206,400764,1.000,2359
257207,400716,1.000,2457
257207,400717,1.000,405
257208,400777,1.000,2359
257209,400631,1.000,2457
257209,400632,1.000,405
257210,400737,1.000,2457
257210,400738,1.000,787
257211,400841,1.000,2359
257211,400842,1.000,2359
257212,400689,1.000,2359
257213,400782,1.000,2359
257214,400767,1.000,2359
257215,400874,1.000,2359
257215,400875,1.000,2359
257216,400500,1.000,2359
257217,400644,1.000,2449
257218,400787,1.000,2359
257219,400666,1.000,2359
257220,400667,1.000,2359
257221,400830,1.000,2359
257221,400831,1.000,2359
257222,400711,1.000,2352
257222,400712,1.000,2352
257223,400843,1.000,2352
257223,400844,1.000,2352
257224,400809,1.000,2512
257225,400834,1.000,2512
257226,400865,1.000,2352
257226,400866,1.000,2352
257227,400863,1.000,2352
257227,400864,1.000,2352
257228,400828,1.000,2352
257229,400798,1.000,2352
257229,400799,1.000,2352
257230,400774,1.000,2359
257230,400775,1.000,2359
257231,400776,1.000,2359
257232,400848,1.000,2359
257233,400821,1.000,2359
257233,400822,1.000,2359
257234,400805,1.000,2359
257235,400504,1.000,2389
257235,400505,1.000,2862
257236,400740,1.000,2458
257236,400741,1.000,405
257237,400725,1.000,2446
257238,400781,1.000,2359
257239,400789,1.000,2359
257240,400801,1.000,2359
257240,400802,1.000,2359
257241,400839,1.000,2359
257241,400840,1.000,2359
257242,400673,1.000,2442
257242,400674,1.000,3120
257243,400655,1.000,2460
257243,400656,1.000,405
257243,400657,1.000,408
257244,400744,1.000,2457
257244,400745,1.000,405
257245,400783,1.000,2424
257246,400857,1.000,2359
257246,400858,1.000,2359
257246,400859,3.000,134
257247,400856,1.000,2359
257248,400638,1.000,2458
257248,400639,1.000,405
257249,400790,1.000,2359
257250,400416,1.000,2359
257251,400574,1.000,2359
257251,400575,1.000,2359
257252,400933,1.000,522
257253,400934,1.000,2352
257254,400902,1.000,2359
257254,400903,1.000,2359
257255,400878,1.000,308
257255,400879,1.000,308
257256,400750,1.000,3009
257256,400751,1.000,2352
257257,400796,1.000,2359
257258,400786,1.000,2449
257259,400735,1.000,2360
257260,400731,1.000,2360
257260,400732,1.000,2360
257261,400914,1.000,2359
257261,400915,1.000,2359
257262,400912,1.000,2359
257263,400880,1.000,2356
257263,400881,1.000,2356
257264,400876,1.000,2359
257265,400925,1.000,2359
257265,400926,1.000,2359
257266,400778,1.000,2360
257267,400770,1.000,2383
257267,400771,1.000,408
257268,400761,1.000,2359
257268,400762,1.000,2359
257269,400932,1.000,2359
257270,401040,1.000,2980
257271,400958,1.000,2356
257271,400959,1.000,2356
257272,400936,1.000,2359
257273,400938,1.000,2352
257274,400937,1.000,2352
257275,400943,1.000,2352
257276,400949,1.000,2352
257276,400950,1.000,2352
257277,400996,1.000,2352
257277,400997,1.000,2352
257278,400955,1.000,2352
257278,400956,1.000,2352
257279,400953,1.000,2512
257280,400685,2.000,672
257281,400806,1.000,2446
257282,400829,1.000,2446
257283,400927,1.000,2512
257284,400898,1.000,308
257285,400845,1.000,308
257286,400797,1.000,2424
257287,401074,2.000,522
257288,400850,1.000,2446
257289,400837,1.000,2359
257289,400838,1.000,2359
257290,400941,1.000,2359
257291,400862,1.000,2446
257292,400899,1.000,2359
257293,400851,1.000,2394
257294,400976,1.000,2359
257294,400977,1.000,2359
257295,400701,1.000,2449
257296,400804,1.000,2449
257297,400905,1.000,2359
257297,400906,1.000,2359
257298,400871,1.000,2449
257298,400872,1.000,1342
257299,400894,1.000,2363
257300,400835,1.000,2359
257300,400836,1.000,2359
257301,400907,1.000,2359
257301,400908,1.000,2359
257302,400867,1.000,2449
257303,401010,1.000,2356
257304,400887,1.000,2359
257304,400888,1.000,2359
257305,401012,1.000,2359
257305,401013,1.000,2359
257306,401077,1.000,3876
257307,400973,1.000,2359
257308,400974,1.000,2356
257308,400975,1.000,2356
257309,400918,1.000,2371
257310,400784,1.000,2359
257310,400785,1.000,2359
257311,400978,1.000,2359
257312,400826,1.000,2359
257312,400827,1.000,2359
257313,400869,1.000,2359
257313,400870,1.000,2359
257314,400825,1.000,2449
257315,400939,1.000,2359
257315,400940,1.000,2359
257316,400807,1.000,2359
257316,400808,1.000,2359
257317,400922,1.000,2359
257318,400893,1.000,2359
257319,400780,1.000,2359
257320,400904,1.000,2424
257321,400791,1.000,2359
257321,400792,1.000,2359
257322,400849,1.000,2359
257323,400994,1.000,2359
257323,400995,1.000,2359
257324,401024,1.000,2357
257324,401025,1.000,2357
257325,400921,1.000,2446
257326,400536,1.000,2509
257327,399022,1.000,2509
257328,400860,1.000,2452
257329,400401,1.000,2428
257330,400811,1.000,2446
257331,400896,1.000,2449
257332,400979,1.000,2359
257332,400980,1.000,2359
257333,401026,1.000,2371
257334,400913,1.000,399
257335,401016,1.000,2359
257335,401017,1.000,2359
257336,400960,1.000,2457
257336,400961,1.000,405
257337,401084,1.000,2495
257337,401085,1.000,2495
257338,400916,1.000,2457
257338,400917,1.000,405
257339,400998,1.000,2359
257339,400999,1.000,2359
257340,400873,1.000,2389
257341,401050,1.000,3194
257342,399221,1.000,2509
257343,400929,1.000,2481
257344,401069,1.000,2356
257344,401070,1.000,2512
257345,400971,1.000,2359
257345,400972,1.000,2359
257346,400861,1.000,2387
257347,401019,1.000,2359
257348,400832,1.000,2457
257349,400954,1.000,2378
257350,400992,1.000,2359
257350,400993,1.000,2359
257351,401002,1.000,2359
257351,401003,1.000,2359
257352,400986,1.000,2359
257352,400987,1.000,2359
257353,400855,1.000,2394
257354,401046,1.000,2359
257355,400991,1.000,2359
257356,400846,2.000,2352
257356,400847,2.000,2352
257357,400968,1.000,2352
257358,400981,1.000,2512
257358,400982,1.000,2512
257359,401031,1.000,2352
257359,401032,1.000,2352
257360,400794,1.000,2352
257360,400795,1.000,2352
257361,400969,1.000,2352
257361,400970,1.000,2352
257362,401034,1.000,2352
257362,401035,1.000,2352
257363,400928,1.000,308
257364,400900,1.000,1090
257365,401052,1.000,2359
257365,401053,1.000,2359
257366,400897,1.000,2446
257367,398725,1.000,2509
257368,400676,1.000,308
257368,400677,1.000,2446
257369,401004,1.000,2359
257370,400882,1.000,2428
257370,400883,2.000,2430
257371,400800,1.000,2425
257372,400930,1.000,2356
257372,400931,1.000,2356
257373,400965,1.000,2359
257373,400966,1.000,2359
257374,400944,1.000,2359
257374,400945,1.000,2359
257375,400948,1.000,2359
257376,401073,1.000,2359
257377,401055,1.000,2359
257377,401057,1.000,2359
257378,401058,1.000,2359
257378,401059,1.000,2359
257379,400942,1.000,2446
257380,400963,1.000,2359
257380,400964,1.000,2359
257381,400967,1.000,646
257382,400935,1.000,3452
257383,401080,1.000,2360
257384,401075,1.000,2378
257385,400962,1.000,2373
257386,400957,1.000,2424
257387,401113,1.000,2352
257387,401115,1.000,2356
257388,401110,1.000,2352
257388,401111,1.000,2352
257389,401105,1.000,2352
257390,401054,1.000,2352
257391,401103,1.000,2352
257391,401104,1.000,2352
257392,401120,1.000,2359
257392,401121,1.000,2359
257393,401153,1.000,2356
257393,401154,1.000,2356
257394,401095,1.000,2359
257394,401096,1.000,2359
257395,401106,1.000,2352
257395,401107,1.000,2352
257396,401108,1.000,2352
257396,401109,1.000,2352
257397,401091,1.000,2352
257398,401118,1.000,2352
257398,401119,1.000,2352
257399,400951,1.000,2352
257400,401094,1.000,2352
257401,401028,1.000,2359
257401,401029,1.000,2359
257402,401036,1.000,2461
257402,401037,1.000,405
257403,401044,1.000,2446
257404,401027,1.000,2449
257405,401030,1.000,2450
257406,401063,1.000,2359
257406,401064,1.000,2359
257407,400990,1.000,2385
257408,400909,1.000,399
257409,401023,1.000,2446
257410,401042,1.000,2423
257411,401048,1.000,2457
257411,401049,1.000,405
257412,401134,1.000,2359
257413,400983,1.000,308
257414,401141,1.000,2359
257414,401142,1.000,2359
257415,401008,1.000,2359
257415,401009,1.000,2359
257416,401133,1.000,308
257417,401086,1.000,2446
257418,401144,1.000,2359
257418,401145,1.000,2359
257419,401137,1.000,2359
257419,401138,1.000,2359
257420,401143,1.000,2359
257421,401005,1.000,2446
257422,401047,1.000,2424
257423,401231,1.000,2509
257424,401045,1.000,308
257425,401020,1.000,2359
257426,401021,1.000,2359
257427,401248,1.000,2467
257428,401007,1.000,2359
257429,401200,1.000,2459
257429,401201,1.000,405
257430,401011,1.000,2449
257431,401041,1.000,2446
257432,401202,1.000,2446
257433,401215,1.000,2449
257434,401078,1.000,2457
257434,401079,1.000,405
257435,401038,1.000,399
257436,400889,1.000,2428
257436,400890,2.000,2430
257437,400854,1.000,399
257438,401278,1.000,308
257439,401061,1.000,2457
257439,401062,1.000,787
257440,401210,1.000,2359
257440,401211,1.000,2359
257441,401033,1.000,2449
257442,400988,1.000,2359
257443,401176,1.000,2356
257443,401177,1.000,2356
257444,401126,1.000,2359
257445,401065,1.000,2363
257446,401188,1.000,2356
257447,401082,1.000,2428
257447,401083,1.000,2432
257448,401327,1.000,2450
257449,401268,1.000,2359
257449,401269,1.000,2359
257450,401267,1.000,2359
257451,401240,1.000,2469
257452,401329,1.000,2377
257453,401221,1.000,2352
257453,401222,1.000,2352
257454,401326,1.000,3009
257455,401334,2.000,2352
257456,401218,1.000,2352
257456,401219,1.000,2352
257457,401256,1.000,2352
257457,401257,1.000,2352
257458,401161,1.000,2352
257458,401162,1.000,2352
257459,401246,1.000,2352
257459,401247,1.000,2352
257460,401223,1.000,2352
257461,401087,1.000,2352
257461,401088,1.000,2352
257462,401220,1.000,2352
257463,401182,1.000,2352
257463,401183,1.000,2352
257464,401335,1.000,2359
257465,401129,1.000,2359
257465,401130,1.000,2359
257466,401155,1.000,2356
257466,401156,1.000,2356
257467,401097,1.000,2359
257467,401098,1.000,2359
257468,401172,1.000,2359
257468,401173,1.000,2359
257469,401184,1.000,2359
257469,401185,1.000,2359
257470,401102,1.000,2371
257471,401163,1.000,2449
257472,401208,1.000,2359
257472,401209,1.000,2359
257473,401092,1.000,2360
257473,401093,1.000,2360
257474,401168,1.000,2359
257474,401169,1.000,2359
257475,401125,1.000,2446
257476,401149,1.000,2356
257476,401150,1.000,2359
257477,401112,1.000,2359
257478,401195,1.000,2356
257479,401186,1.000,2359
257479,401187,1.000,2359
257480,401174,1.000,2385
257480,401175,1.000,2359
257481,401165,1.000,2356
257481,401166,1.000,2359
257482,401116,1.000,2359
257482,401117,1.000,2359
257483,401206,1.000,2359
257484,401127,1.000,2449
257485,401320,1.000,3556
257486,401101,1.000,2359
257487,401122,1.000,2378
257488,401180,1.000,2359
257488,401181,1.000,2359
257489,401199,1.000,2356
257490,401099,1.000,2359
257490,401100,1.000,2359
257491,401212,1.000,2356
257491,401213,1.000,2356
257492,401285,1.000,308
257493,401196,1.000,2356
257494,401226,1.000,2359
257495,401066,1.000,2352
257495,401067,1.000,2352
257496,401135,1.000,2359
257496,401136,1.000,2359
257497,401060,1.000,2449
257498,401224,1.000,2359
257498,401225,1.000,2359
257499,401293,1.000,2359
257499,401294,1.000,2359
257500,401159,1.000,2352
257500,401160,1.000,2352
257501,401338,1.000,2352
257501,401339,1.000,2352
257502,401194,1.000,2352
257503,401365,1.000,2352
257504,401353,1.000,2512
257504,401354,1.000,2512
257505,401348,1.000,2352
257505,401349,1.000,2352
257506,401157,1.000,2352
257506,401158,1.000,2352
257507,401465,1.000,2352
257507,401466,1.000,2352
257508,401276,1.000,3452
257509,401336,1.000,2359
257509,401337,1.000,2359
257510,401386,1.000,2446
257511,401270,1.000,2385
257511,401271,1.000,2359
257512,401189,1.000,2424
257513,401131,1.000,2352
257513,401132,1.000,2352
257514,401178,1.000,2352
257514,401179,1.000,2352
257515,401139,1.000,2352
257515,401140,1.000,134
257516,401332,1.000,2352
257517,401478,2.000,2352
257518,401487,1.000,2457
257518,401488,1.000,405
257519,401164,1.000,2424
257520,401289,1.000,2446
257521,401216,1.000,2356
257522,401296,1.000,2446
257523,401280,1.000,308
257524,401266,1.000,2449
257525,401265,1.000,2449
257526,401227,1.000,2359
257526,401228,1.000,2359
257527,401170,1.000,2356
257528,401279,1.000,2356
257529,401261,1.000,2446
257530,401171,1.000,2424
257531,401056,1.000,2457
257531,401370,1.000,405
257532,401207,1.000,2385
257533,401292,1.000,2452
257534,401286,1.000,2449
257535,401281,1.000,308
257536,401262,1.000,2356
257536,401263,1.000,2356
257537,401260,1.000,308
257538,401148,1.000,2359
257539,401204,1.000,2359
257539,401205,1.000,2359
257540,401146,1.000,2359
257540,401147,1.000,2359
257541,401242,1.000,2359
257541,401243,1.000,2359
257542,401151,1.000,2359
257542,401152,1.000,2359
257543,401234,1.000,2359
257543,401235,1.000,2359
257544,401254,1.000,2359
257544,401255,1.000,2359
257545,401403,1.000,2359
257545,401404,1.000,2359
257546,401236,1.000,2359
257546,401237,1.000,2359
257547,401249,1.000,2359
257547,401250,1.000,2359
257548,401402,1.000,2449
257549,401203,1.000,2359
257550,401315,1.000,2387
257551,401229,1.000,2360
257551,401230,1.000,2360
257552,401389,1.000,2359
257552,401390,1.000,2359
257553,401191,1.000,2359
257554,401306,1.000,2360
257555,401319,1.000,2385
257556,401051,1.000,2428
257557,401217,1.000,2359
257558,401238,1.000,2359
257558,401239,1.000,2359
257559,401273,1.000,2359
257559,401274,1.000,2359
257560,401282,1.000,2383
257560,401283,1.000,408
257561,401479,1.000,2457
257561,401480,1.000,405
257562,401304,1.000,2359
257563,401284,1.000,2387
257564,401253,1.000,2359
257565,401259,1.000,2359
257566,401482,1.000,2446
257567,401321,1.000,2457
257567,401322,1.000,405
257568,401300,1.000,2356
257568,401301,1.000,2356
257569,401258,1.000,2359
257570,401415,1.000,2446
257571,400892,1.000,787
257572,401232,1.000,2359
257572,401233,1.000,2359
257573,401089,1.000,399
257574,401287,1.000,2359
257575,401481,1.000,2359
257576,401295,1.000,2359
257577,401380,1.000,2617
257577,401381,1.000,405
257578,401505,1.000,308
257579,401399,1.000,2458
257579,401400,1.000,405
257579,401401,2.000,748
257580,401426,1.000,2449
257581,401509,1.000,2449
257582,401308,1.000,2430
257583,401277,1.000,2424
257584,401440,1.000,2352
257585,401290,1.000,2352
257585,401291,1.000,2352
257586,401197,1.000,2352
257586,401198,1.000,2352
257587,401577,1.000,522
257588,401428,1.000,2352
257588,401429,1.000,2352
257589,401190,1.000,2352
257590,401312,1.000,2352
257590,401313,1.000,2352
257591,401418,1.000,2352
257591,401419,1.000,2352
257591,401420,2.000,134
257592,401272,1.000,2352
257593,401310,1.000,2352
257593,401311,1.000,2352
257594,401393,1.000,2359
257595,401307,1.000,2352
257596,401244,1.000,2352
257596,401245,1.000,2352
257597,401317,1.000,2352
257597,401318,1.000,2352
257598,401297,1.000,2460
257598,401298,1.000,405
257598,401299,1.000,408
257599,401214,1.000,2359
257600,401330,1.000,2356
257600,401331,1.000,2356
257601,401646,1.000,522
257602,401361,1.000,2359
257602,401362,1.000,2359
257603,401363,1.000,2359
257603,401364,1.000,2359
257604,401372,1.000,2359
257605,401387,1.000,2359
257605,401388,1.000,2359
257606,401340,1.000,2359
257606,401341,1.000,2359
257607,401359,1.000,2467
257608,401499,1.000,2356
257608,401500,1.000,2352
257609,401382,1.000,2359
257609,401383,1.000,2359
257610,401522,1.000,2395
257611,401375,1.000,2359
257611,401376,1.000,2359
257612,401344,1.000,2359
257613,401421,1.000,2423
257614,401398,1.000,2356
257615,401323,1.000,531
257616,401328,1.000,531
257617,401549,1.000,2446
257618,401352,1.000,2359
257619,401384,1.000,308
257620,401442,1.000,2447
257621,401458,1.000,308
257622,401407,1.000,2446
257623,401366,1.000,2359
257623,401367,1.000,2359
257624,401394,1.000,2359
257624,401395,1.000,2359
257625,401345,1.000,2359
257626,401346,1.000,2359
257626,401347,1.000,2359
257627,401350,1.000,2360
257627,401351,1.000,2359
257628,401378,1.000,2359
257628,401379,1.000,2359
257629,401357,1.000,2359
257629,401358,1.000,2359
257630,401167,1.000,2356
257631,401342,1.000,2360
257631,401343,1.000,2360
257632,401408,1.000,2356
257632,401409,1.000,2356
257633,401514,1.000,2363
257633,401515,1.000,2359
257634,401355,1.000,2359
257634,401356,1.000,2359
257635,401454,1.000,2359
257635,401455,1.000,2359
257636,401511,1.000,2356
257637,401444,1.000,2359
257638,401302,1.000,2387
257638,401303,1.000,2387
257639,401486,1.000,2363
257640,401416,1.000,2359
257640,401417,1.000,2359
257641,401600,1.000,2359
257641,401601,1.000,2359
257642,401547,1.000,2449
257643,401412,1.000,2441
257644,401580,1.000,2359
257645,401548,1.000,2449
257646,401434,1.000,2352
257646,401435,1.000,2352
257646,401436,1.000,2385
257647,401445,1.000,2359
257647,401446,1.000,2359
257648,401427,1.000,2359
257649,401449,1.000,2359
257649,401450,1.000,2359
257650,401422,1.000,2378
257651,401377,1.000,2359
257652,401405,1.000,2352
257652,401406,1.000,2352
257653,401411,1.000,2352
257654,401583,1.000,2352
257654,401584,1.000,2352
257655,401588,1.000,2352
257655,401589,1.000,2352
257656,401441,1.000,2352
257657,401360,1.000,2352
257658,401373,1.000,2352
257658,401374,1.000,2352
257659,401275,1.000,2352
257660,401371,1.000,2352
257661,401512,1.000,2359
257661,401513,1.000,2359
257662,401495,1.000,2354
257662,401496,1.000,2352
257663,401493,1.000,2359
257663,401494,1.000,2359
257664,401506,1.000,2359
257664,401507,1.000,2359
257665,401536,1.000,2359
257665,401537,1.000,2359
257666,401629,1.000,2359
257666,401630,1.000,2359
257667,401483,1.000,2359
257667,401484,1.000,2359
257668,401447,1.000,2359
257668,401448,1.000,2359
257669,401558,1.000,2359
257669,401559,1.000,2359
257670,401678,1.000,2356
257671,401432,1.000,2359
257671,401433,1.000,2359
257672,401460,1.000,2359
257672,401461,1.000,2359
257673,401470,1.000,2458
257673,401471,1.000,405
257674,401456,1.000,2359
257674,401457,1.000,2359
257675,401503,1.000,2356
257675,401504,1.000,2356
257676,401532,1.000,2359
257677,401521,1.000,2447
257678,401544,1.000,2467
257679,401517,1.000,2359
257680,401508,1.000,2359
257681,401516,1.000,2428
257682,401625,1.000,2356
257682,401626,1.000,2356
257683,401555,1.000,2359
257683,401556,1.000,2359
257684,401527,1.000,2457
257684,401528,1.000,405
257685,401557,1.000,2523
257686,401535,1.000,399
257687,401538,1.000,2356
257688,401396,1.000,2488
257688,401397,1.000,2467
257689,401648,1.000,2352
257689,401649,1.000,2357
257690,401621,1.000,2446
257691,401645,1.000,308
257692,401490,1.000,2460
257692,401491,1.000,405
257692,401492,1.000,408
257693,401650,1.000,308
257694,401531,1.000,2359
257695,401545,1.000,2457
257695,401546,1.000,405
257696,401430,1.000,2359
257696,401431,1.000,2359
257697,401425,1.000,2426
257698,401539,1.000,2359
257698,401540,1.000,2359
257699,401391,1.000,2359
257699,401392,1.000,2359
257700,401647,1.000,2356
257701,401715,1.000,2359
257701,401716,1.000,2359
257702,401564,1.000,2373
257703,401692,1.000,308
257704,401497,1.000,2356
257704,401498,1.000,2356
257705,401682,1.000,308
257706,401554,1.000,2387
257707,401472,1.000,2356
257707,401473,1.000,2356
257708,401606,1.000,308
257709,401757,1.000,2363
257710,401651,1.000,2359
257710,401652,1.000,2359
257711,401489,1.000,2398
257712,401670,1.000,2352
257713,401568,1.000,2352
257713,401569,1.000,2352
257714,401562,1.000,2352
257715,401703,1.000,2352
257715,401704,1.000,2352
257716,401696,1.000,2352
257717,401664,1.000,2352
257718,401474,1.000,2352
257718,401475,1.000,2352
257719,401567,1.000,2513
257720,401627,1.000,2352
257720,401628,1.000,2352
257721,401443,1.000,2424
257722,401727,2.000,376
257723,401689,1.000,308
257724,401241,1.000,2385
257725,401510,1.000,2385
257726,401533,1.000,2359
257726,401534,1.000,2359
257727,401571,1.000,2359
257727,401572,1.000,2359
257728,401542,1.000,2359
257728,401543,1.000,2359
257729,401524,1.000,2450
257730,401573,1.000,2359
257731,401526,1.000,2368
257732,401452,1.000,2372
257733,401541,1.000,2424
257734,401560,1.000,2359
257734,401561,1.000,2359
257735,401551,1.000,2378
257736,401679,1.000,2494
257737,401581,1.000,2359
257737,401582,1.000,2359
257738,401728,1.000,2359
257738,401729,1.000,2359
257739,401610,1.000,2359
257740,401592,1.000,2449
257741,401616,1.000,2359
257741,401617,1.000,2359
257742,401673,1.000,2371
257743,401623,2.000,2359
257743,401624,1.000,2359
257744,401604,1.000,2360
257744,401605,1.000,2360
257745,401811,1.000,2359
257745,401812,1.000,2359
257746,401622,1.000,399
257747,401595,1.000,2449
257748,401662,1.000,2359
257748,401663,1.000,2359
257749,401596,1.000,2449
257750,401609,1.000,2552
257751,401123,1.000,2416
257752,401593,1.000,2449
257753,401643,1.000,2359
257753,401644,1.000,2359
257754,401608,1.000,2449
257755,401733,1.000,2360
257755,401734,1.000,2360
257756,401619,1.000,2377
257757,401597,1.000,2449
257758,401594,1.000,2449
257759,401636,1.000,2359
257759,401637,1.000,2359
257760,401590,1.000,2359
257760,401591,1.000,2356
257761,401607,1.000,308
257762,401693,1.000,2471
257763,401614,1.000,2352
257763,401615,1.000,2356
257764,401598,1.000,2352
257764,401599,1.000,2356
257765,401818,1.000,2352
257766,401845,1.000,2352
257767,401665,1.000,2359
257767,401666,1.000,2359
257768,401413,1.000,2356
257768,401414,1.000,2356
257769,401585,1.000,2359
257770,401810,1.000,308
257771,401602,1.000,2363
257771,401603,1.000,2359
257772,401437,1.000,2359
257773,401683,1.000,2377
257774,401410,1.000,2359
257775,401724,1.000,2352
257776,401855,1.000,2352
257777,401656,1.000,2352
257777,401657,1.000,2352
257778,401772,2.000,2352
257778,401773,2.000,2352
257779,401725,1.000,2352
257779,401726,1.000,2352
257780,401816,1.000,2352
257780,401817,1.000,2352
257781,401672,1.000,2352
257782,401667,1.000,2359
257782,401668,1.000,2359
257783,401808,1.000,2377
257784,401782,1.000,2446
257785,401835,1.000,2446
257786,401804,1.000,2357
257786,401805,1.000,2357
257787,401776,1.000,308
257788,401784,1.000,2359
257788,401785,1.000,2359
257789,401638,1.000,2509
257790,401659,1.000,2457
257790,401660,1.000,405
257791,401796,1.000,2446
257792,401737,1.000,2359
257792,401738,1.000,2359
257793,401714,1.000,2439
257794,401803,1.000,2449
257795,401755,1.000,2356
257796,401631,1.000,2359
257796,401632,1.000,2359
257797,401747,1.000,2449
257798,401770,1.000,2449
257799,401709,1.000,2359
257799,401710,1.000,2359
257800,401754,1.000,2449
257801,401469,1.000,2359
257802,401501,1.000,2395
257803,401730,1.000,2359
257804,401671,1.000,2359
257805,401762,1.000,2359
257806,401809,1.000,2359
257807,401674,1.000,2457
257807,401675,1.000,405
257808,401722,1.000,2395
257809,401523,1.000,2359
257810,401705,1.000,2467
257811,401702,1.000,2359
257812,401641,1.000,2359
257812,401642,1.000,2359
257813,401744,1.000,2359
257813,401745,1.000,2359
257814,401802,1.000,2359
257815,401753,1.000,2446
257816,401861,1.000,3077
257817,401759,1.000,2359
257818,401476,1.000,2359
257819,401713,1.000,2377
257820,401723,1.000,3922
257821,401681,1.000,2359
257822,401849,1.000,2359
257822,401850,1.000,2359
257823,401742,1.000,2359
257823,401743,1.000,2359
257824,401800,1.000,2359
257825,400884,1.000,2428
257825,400885,2.000,2430
257825,400886,1.000,408
257826,401806,1.000,2359
257827,401760,1.000,2359
257827,401761,1.000,134
257828,401529,1.000,2359
257828,401530,1.000,2359
257829,401769,1.000,2449
257830,401701,1.000,2449
257831,401736,1.000,2359
257832,401777,1.000,2377
257833,401780,1.000,2377
257834,401882,1.000,2452
257835,401477,1.000,2427
257836,401467,1.000,399
257836,401468,1.000,2862
257837,401832,1.000,2360
257838,401550,1.000,2416
257839,401707,1.000,2462
257839,401711,1.000,405
257840,401748,1.000,2463
257840,401749,1.000,405
257841,401676,1.000,2457
257841,401677,1.000,405
257842,401771,1.000,2449
257843,401750,1.000,308
257844,401788,1.000,2352
257844,401789,1.000,2352
257845,401879,1.000,2359
257845,401880,1.000,2359
257846,401763,1.000,2511
257847,401931,1.000,2371
257848,401766,1.000,2352
257849,401833,1.000,308
257850,401781,2.000,308
257851,401840,1.000,2352
257851,401841,1.000,2352
257852,401717,1.000,2618
257853,401871,1.000,2352
257853,401872,1.000,2352
257854,401961,45.000,660
257854,401962,2.000,2352
257855,401618,1.000,2352
257856,401739,1.000,2352
257856,401740,1.000,2352
257857,401786,1.000,2352
257857,401787,1.000,2352
257858,401751,1.000,2363
257858,401752,1.000,2359
257859,401305,1.000,2356
257860,401869,1.000,2356
257860,401870,1.000,2356
257861,401963,1.000,2428
257861,401964,1.000,2430
257861,401965,1.000,748
257862,401746,1.000,2440
257863,401720,1.000,2359
257863,401721,2.000,134
257864,401857,1.000,2359
257864,401858,1.000,2359
257865,401797,1.000,2359
257866,401783,1.000,525
257867,401661,1.000,2356
257868,401966,1.000,3408
257869,401700,1.000,2359
257870,401967,1.000,490
257871,401764,1.000,2457
257871,401765,1.000,405
257872,401586,1.000,2359
257872,401587,1.000,2359
257873,401842,1.000,2352
257873,401843,1.000,2352
257874,401947,1.000,2512
257875,401960,2.000,2566
257876,401825,1.000,2359
257876,401826,1.000,2359
257877,401633,1.000,2457
257877,401634,1.000,405
257878,401934,1.000,2356
257878,401935,1.000,2356
257879,401846,1.000,2359
257879,401847,1.000,2359
257880,401974,1.000,2352
257880,401975,1.000,2356
257881,401903,1.000,2359
257881,401904,1.000,2359
257882,401821,1.000,2356
257882,401822,1.000,2356
257883,401819,1.000,2359
257883,401820,1.000,2359
257884,401863,1.000,2449
257885,401831,1.000,2356
257886,401883,1.000,535
257886,401884,1.000,2359
257887,401814,1.000,2359
257887,401815,1.000,2359
257888,401823,1.000,2352
257888,401824,1.000,2356
257889,401875,1.000,2360
257889,401876,1.000,2360
257890,401827,1.000,2359
257891,401837,1.000,2359
257892,401829,1.000,2359
257892,401830,1.000,2359
257893,401620,1.000,399
257894,401873,1.000,2359
257894,401874,1.000,2359
257895,401859,1.000,2446
257896,401877,1.000,2360
257896,401878,1.000,2360
257897,401970,1.000,2363
257897,401971,1.000,2359
257899,401851,1.000,2352
257899,401852,1.000,2352
257900,401985,1.000,2352
257900,401986,1.000,2352
257901,401828,1.000,2352
257902,401862,1.000,2512
257903,401891,1.000,2359
257904,401611,1.000,2352
257904,401612,1.000,2352
257905,401834,1.000,2352
257906,402019,1.000,2352
257907,402020,1.000,3009
257908,402096,1.000,2352
257908,402097,1.000,2352
257909,402098,1.000,2352
257909,402099,1.000,2352
257910,401973,1.000,2512
257911,401838,1.000,2352
257911,401839,1.000,2352
257912,402100,1.000,2352
257912,402101,1.000,2352
257913,402103,1.000,599
257913,402104,1.000,490
257914,401948,1.000,2446
257915,401983,1.000,308
257916,401955,1.000,2439
257917,401758,1.000,308
257918,401910,1.000,2457
257918,401911,1.000,787
257919,401907,1.000,787
257920,401905,1.000,2457
257920,401906,1.000,787
257921,401914,1.000,2457
257921,401915,1.000,405
257922,401944,1.000,2457
257922,401945,1.000,405
257923,401653,1.000,399
257923,401654,1.000,2862
257924,401930,1.000,2446
257925,401887,1.000,2359
257925,401888,1.000,2359
257926,401889,1.000,2359
257926,401890,1.000,2359
257927,401885,1.000,2360
257927,401886,1.000,2360
257928,401900,1.000,2359
257928,401901,1.000,2359
257929,401940,1.000,2359
257929,401941,1.000,2359
257930,402015,1.000,2359
257930,402016,1.000,2359
257931,401897,1.000,2359
257932,401680,1.000,2424
257933,401853,1.000,2359
257933,401854,1.000,2359
257934,401856,1.000,2359
257935,401790,1.000,2377
257936,401921,1.000,2359
257936,401922,1.000,2359
257937,401949,1.000,2359
257937,401950,1.000,2359
257938,401892,1.000,2360
257938,401893,1.000,2360
257939,401912,1.000,2359
257939,401913,1.000,2359
257940,401936,1.000,2359
257940,401937,1.000,2352
257941,402036,1.000,2356
257941,402037,1.000,2356
257942,401898,1.000,2359
257942,401899,1.000,2359
257943,401865,1.000,2368
257944,401613,1.000,787
257945,402029,1.000,2356
257946,401767,1.000,2458
257946,401768,1.000,405
257947,401917,1.000,2359
257947,401918,1.000,2359
257948,402027,1.000,2359
257949,402080,1.000,2356
257950,401525,1.000,2425
257951,401951,1.000,2385
257952,401927,1.000,2450
257953,402119,1.000,2446
257954,402090,1.000,2457
257955,402017,1.000,2359
257956,402117,1.000,2446
257957,401925,1.000,2359
257957,401926,1.000,2359
257958,401712,1.000,2368
257959,402106,1.000,2359
257959,402107,1.000,2359
257960,401774,1.000,2383
257960,401775,1.000,408
257961,401894,1.000,2360
257961,401895,1.000,2360
257962,402053,1.000,2460
257962,402054,1.000,405
257962,402055,1.000,408
257963,401848,1.000,2359
257964,402118,1.000,2446
257965,402156,1.000,2359
257965,402157,1.000,2359
257966,402064,1.000,2458
257967,402149,1.000,2359
257967,402150,1.000,2359
257968,401919,1.000,2359
257968,401920,1.000,2359
257969,402108,1.000,2371
257970,401635,1.000,2449
257971,402082,1.000,2449
257972,402018,1.000,2359
257973,401928,1.000,399
257974,402087,1.000,2457
257975,401881,1.000,2359
257976,401952,1.000,2359
257977,401860,1.000,669
257978,401423,1.000,2426
257978,401424,1.000,2454
257979,402058,1.000,2512
257980,401864,1.000,2352
257981,402050,1.000,2352
257981,402051,1.000,2352
257982,402038,1.000,2512
257983,401953,1.000,2352
257983,401954,1.000,2352
257984,402048,1.000,2352
257984,402049,1.000,2352
257985,402062,1.000,2352
257985,402063,1.000,2352
257986,402045,1.000,787
257987,401923,1.000,2511
257987,401924,2.000,2511
257988,402088,1.000,2359
257988,402089,1.000,2359
257989,402299,1.000,660
257990,401990,1.000,2359
257990,401991,1.000,2359
257991,401984,1.000,2356
257992,401981,1.000,2359
257992,401982,1.000,2359
257993,401972,1.000,2359
257994,401968,1.000,2352
257994,401969,1.000,2352
257995,401994,1.000,2359
257995,401995,1.000,2359
257996,401992,1.000,2392
257997,401989,1.000,2359
257998,402007,1.000,2352
257998,402008,1.000,134
257999,401987,1.000,2356
258000,402105,1.000,2377
258001,402102,1.000,2377
258002,402065,1.000,2352
258002,402066,1.000,2352
258003,402033,1.000,2352
258003,402034,1.000,2352
258004,402032,1.000,2359
258005,402030,1.000,2356
258005,402031,1.000,2359
258006,402026,1.000,2352
258007,402024,1.000,2359
258007,402025,1.000,2359
258008,402022,1.000,2352
258009,402021,1.000,2359
258010,402220,1.000,2359
258010,402221,1.000,2359
258011,402014,1.000,2359
258012,402011,1.000,2356
258013,402010,1.000,2356
258014,402005,1.000,2356
258014,402006,1.000,2359
258015,402319,1.000,3194
258016,402003,1.000,2359
258016,402004,1.000,2359
258017,402114,1.000,2356
258017,402115,1.000,2359
258018,402217,1.000,2359
258019,402001,1.000,2356
258019,402002,1.000,2356
258020,401999,1.000,2352
258020,402000,1.000,2352
258021,401996,1.000,2449
258022,401993,1.000,2449
258023,402188,1.000,2352
258024,402168,1.000,2356
258025,402162,1.000,2359
258025,402163,1.000,2359
258026,402042,1.000,3475
258027,402012,1.000,2359
258027,402013,1.000,2359
258028,402009,1.000,2352
258029,401997,1.000,2359
258029,401998,1.000,2359
258030,402219,1.000,2359
258031,402261,1.000,2359
258031,402262,1.000,2359
258032,402278,1.000,2359
258032,402279,1.000,2359
258033,402218,1.000,2356
258034,402264,1.000,2359
258035,402258,1.000,2352
258035,402259,1.000,2352
258036,402267,1.000,2359
258037,402333,30.000,660
258038,402334,1.000,3408
258039,402337,12.000,660
258040,402335,4.000,2352
258041,402348,38.000,660
258042,402354,10.000,660
258042,402355,2.000,3363
258043,402394,25.000,660
258044,402263,1.000,2449
258045,402189,1.000,2359
258046,402202,1.000,2359
258046,402203,1.000,2359
258047,402081,2.000,2357
258048,402141,1.000,2359
258049,402187,1.000,2359
258050,402200,1.000,2373
258051,402129,1.000,2359
258051,402130,1.000,2359
258052,402151,1.000,2359
258052,402152,1.000,2359
258053,402197,1.000,2356
258053,402198,1.000,2356
258054,402185,1.000,2386
258054,402186,1.000,2359
258055,402215,1.000,2552
258056,402120,1.000,2359
258056,402121,1.000,2359
258057,402122,1.000,2359
258058,402138,1.000,2356
258058,402139,1.000,2356
258059,402171,1.000,2488
258059,402172,1.000,2467
258060,402165,1.000,308
258061,401958,1.000,2352
258061,401959,1.000,2862
258062,402265,1.000,2457
258062,402266,1.000,405
258063,402180,1.000,2446
258064,401896,1.000,2467
258065,402059,1.000,2359
258065,402060,1.000,2359
258066,402146,1.000,2449
258067,402205,1.000,2356
258067,402206,1.000,2356
258068,402084,1.000,2359
258069,402133,1.000,2363
258070,402109,1.000,2356
258071,402155,1.000,2359
258072,402131,1.000,2356
258073,402069,1.000,2360
258074,402140,1.000,2359
258075,402143,1.000,2449
258076,402164,1.000,2359
258077,402147,1.000,2449
258078,402201,1.000,308
258079,402174,1.000,2446
258080,402290,1.000,2494
258081,402271,1.000,2359
258081,402272,1.000,2359
258082,402268,1.000,2424
258083,402170,1.000,2449
258084,402269,1.000,2359
258084,402270,1.000,2359
258085,402132,1.000,2385
258086,402158,1.000,2356
258086,402159,1.000,2356
258087,402154,1.000,2359
258088,402249,1.000,2457
258088,402302,1.000,787
258089,402070,1.000,2359
258089,402071,1.000,2359
258090,402183,1.000,2359
258091,402211,1.000,2356
258091,402212,1.000,2356
258092,402256,1.000,2566
258093,402116,1.000,2390
258094,402153,1.000,399
258095,402350,1.000,2356
258096,402257,2.000,2495
258097,402276,1.000,2359
258097,402277,1.000,2359
258098,402148,1.000,2449
258099,402195,1.000,2458
258100,402160,1.000,2356
258100,402161,1.000,2356
258101,402073,1.000,2359
258101,402074,1.000,2359
258102,402176,1.000,2359
258103,402351,1.000,2356
258104,402142,1.000,2385
258105,401807,1.000,2377
258106,402125,1.000,2387
258106,402126,1.000,2387
258107,402306,1.000,2449
258108,401778,1.000,2428
258108,401779,1.000,2430
258109,402184,1.000,2416
258110,402329,1.000,2359
258111,402190,1.000,2359
258112,401655,1.000,399
258113,402178,1.000,2352
258113,402179,1.000,2352
258114,402144,1.000,2352
258114,402145,1.000,2352
258115,402052,1.000,2352
258116,402134,1.000,2352
258116,402135,1.000,2352
258117,402380,1.000,2352
258117,402381,1.000,2352
258118,402310,1.000,2352
258118,402311,1.000,2352
258119,402123,1.000,2352
258119,402124,1.000,2352
258120,402214,1.000,2359
258121,402191,1.000,2510
258121,402192,1.000,2510
258122,402166,1.000,2352
258122,402167,1.000,2352
258123,402110,1.000,2352
258123,402111,1.000,2352
258124,402275,1.000,2359
258125,402314,1.000,2352
258125,402315,1.000,2352
258125,402316,2.000,134
258126,402127,1.000,2352
258126,402128,1.000,2352
258127,402231,1.000,2387
258128,402181,1.000,2352
258128,402182,1.000,2352
258129,402468,1.000,2509
258130,401932,1.000,2457
258130,401933,1.000,405
258132,402470,6.000,660
258133,402286,1.000,2359
258133,402287,1.000,2359
258134,402285,1.000,2359
258135,402273,1.000,2359
258136,402260,1.000,2373
258137,402336,1.000,2359
258138,402332,1.000,2512
258139,402251,1.000,2359
258139,402252,1.000,2359
258140,402250,1.000,2359
258141,402247,1.000,2359
258141,402248,1.000,2359
258142,402245,1.000,2359
258142,402246,1.000,2359
258143,402243,1.000,2359
258143,402244,1.000,2359
258144,402241,1.000,2359
258144,402242,1.000,2359
258145,402239,1.000,2359
258145,402240,1.000,2359
258146,402236,1.000,2359
258146,402237,1.000,2359
258147,402229,1.000,2359
258147,402230,1.000,2359
258148,402331,1.000,2359
258149,402254,1.000,2357
258149,402255,1.000,2357
258151,402289,1.000,2359
258152,402280,1.000,2359
258152,402281,1.000,2359
258153,402227,1.000,2359
258154,402322,1.000,2488
258155,402317,1.000,2359
258155,402318,1.000,2359
258156,402312,1.000,2359
258156,402313,1.000,2359
258157,402372,1.000,2460
258157,402373,1.000,405
258159,402349,1.000,2363
258160,402343,1.000,2449
258161,402477,1.000,2352
258162,402474,1.000,2512
258163,402307,1.000,2446
258164,402297,1.000,2359
258164,402298,1.000,2359
258165,402352,1.000,2356
258166,402376,1.000,2359
258166,402377,1.000,2359
258167,402345,1.000,2352
258167,402346,1.000,2352
258168,402480,1.000,2352
258168,402481,1.000,2352
258169,402304,1.000,2359
258170,402475,1.000,2359
258170,402476,1.000,2359
258171,402473,1.000,308
258172,402338,1.000,2359
258172,402339,1.000,2359
258173,402353,1.000,2359
258174,402356,1.000,2446
258175,402390,1.000,2449
258176,402359,1.000,2359
258177,402478,1.000,2385
258177,402479,1.000,2359
258178,402461,1.000,2359
258179,402583,1.000,2352
258179,402584,1.000,2352
258180,402365,1.000,2446
258181,402253,1.000,2449
258182,402582,1.000,2352
258189,402452,1.000,2446
258190,402542,1.000,2352
258190,402543,1.000,2352
258190,402544,1.000,134
258191,402041,1.000,2428
258192,402282,1.000,2387
258193,402431,1.000,2359
258193,402432,1.000,2352
258194,402397,1.000,2469
258195,402429,1.000,2458
258195,402430,1.000,405
258196,402552,1.000,2457
258196,402553,1.000,405
258197,402427,1.000,2471
258198,401938,1.000,2428
258198,401939,1.000,2430
258199,401698,1.000,2428
258199,401699,1.000,3379
258200,402303,1.000,2386
258201,401451,1.000,2434
258202,402399,1.000,2359
258202,402400,1.000,2359
258203,402426,1.000,2359
258204,402403,1.000,2359
258205,402392,1.000,2359
258205,402393,1.000,2359
258206,401902,1.000,2428
258207,402414,1.000,2359
258207,402415,1.000,2359
258208,402386,1.000,2356
258209,402422,1.000,2359
258209,402423,1.000,2359
258210,402416,1.000,2359
258211,402340,1.000,2356
258212,402274,1.000,2371
258213,401565,1.000,2428
258213,401566,1.000,2430
258214,402408,1.000,2359
258214,402409,1.000,2359
258215,402362,1.000,2359
258215,402363,1.000,2359
258216,402136,1.000,399
258217,402428,1.000,2359
258218,402459,1.000,2356
258218,402460,1.000,2356
258219,402439,1.000,2356
258220,402327,1.000,2359
258220,402328,1.000,2469
258221,402449,1.000,2457
258221,402450,1.000,405
258222,402367,1.000,2449
258223,402530,1.000,2359
258224,401518,1.000,2428
258224,401519,1.000,2430
258225,402410,1.000,2363
258225,402411,1.000,2359
258226,402521,1.000,2359
258226,402522,1.000,2359
258227,402437,1.000,2385
258228,402453,1.000,2457
258228,402454,1.000,405
258229,402434,1.000,2359
258230,402488,1.000,2387
258231,402283,1.000,2363
258231,402284,1.000,2359
258232,402534,1.000,2449
258233,402570,1.000,2356
258234,402370,1.000,2359
258234,402371,1.000,2359
258235,402323,1.000,2359
258235,402324,1.000,2359
258236,402368,1.000,2359
258236,402369,1.000,2359
258237,402445,1.000,2385
258238,402489,1.000,2457
258238,402691,1.000,405
258239,402330,1.000,2359
258240,402572,1.000,2356
258241,402585,1.000,2359
258241,402586,1.000,2359
258242,402357,1.000,2359
258242,402358,1.000,2359
258243,402384,1.000,2363
258244,402536,1.000,2356
258244,402537,1.000,2356
258245,402387,1.000,2446
258246,402462,1.000,2359
258246,402463,1.000,2359
258247,402402,1.000,2356
258248,402438,1.000,399
258249,402077,1.000,2446
258249,402078,1.000,2467
258250,402554,1.000,2457
258250,402555,1.000,405
258251,402446,1.000,2449
258252,402560,1.000,2446
258253,402448,1.000,308
258254,402443,1.000,2466
258254,402444,1.000,2466
258255,402325,1.000,2352
258255,402326,1.000,2352
258256,402308,1.000,2352
258256,402309,1.000,2352
258257,402383,1.000,2352
258258,402420,1.000,2359
258258,402421,1.000,2359
258259,402625,1.000,2512
258260,402441,1.000,2352
258260,402442,1.000,2352
258261,402401,1.000,2352
258262,402398,1.000,2352
258263,402379,1.000,2352
258264,402395,1.000,2352
258264,402396,1.000,2352
258265,402590,1.000,2352
258265,402591,1.000,2352
258266,402112,1.000,2352
258267,402531,1.000,2512
258268,402385,1.000,2352
258269,402320,1.000,2359
258269,402321,1.000,2359
258270,402692,1.000,490
258271,402693,1.000,1130
258272,402513,1.000,2446
258273,402496,1.000,2385
258274,402515,1.000,2450
258275,402344,1.000,2424
258276,402512,1.000,2449
258277,402535,1.000,2356
258278,402565,1.000,2424
258279,402588,1.000,2446
258280,402561,1.000,2360
258281,402493,1.000,2359
258281,402494,1.000,2359
258282,402523,1.000,2359
258282,402524,1.000,2359
258283,402502,1.000,2359
258283,402503,1.000,2359
258284,402507,1.000,2359
258284,402508,1.000,2359
258285,402406,1.000,2356
258285,402407,1.000,2356
258286,402366,1.000,2424
258287,402491,1.000,2359
258287,402492,1.000,2359
258288,402482,1.000,2359
258289,402497,1.000,2359
258289,402498,1.000,2359
258290,402550,1.000,2359
258290,402551,1.000,2359
258291,402549,1.000,2359
258292,402517,1.000,2359
258293,402504,1.000,2359
258294,402501,1.000,2359
258295,402545,1.000,2352
258296,402556,1.000,2352
258296,402557,1.000,2352
258297,402602,1.000,2359
258298,402600,1.000,2359
258298,402601,1.000,2359
258299,402520,1.000,2552
258300,402483,1.000,2359
258301,402642,1.000,2359
258301,402643,1.000,2359
258302,402784,10.000,660
258303,402785,1.000,3408
258304,402686,1.000,2359
258304,402687,1.000,2359
258305,402516,1.000,308
258306,402635,1.000,308
258307,402518,1.000,2359
258307,402519,1.000,2359
258308,402689,1.000,2359
258308,402690,1.000,2359
258309,402528,1.000,2352
258309,402529,1.000,2352
258310,402525,1.000,2469
258312,401867,1.000,2428
258312,401868,1.000,2862
258313,402688,1.000,2359
258314,402670,1.000,2359
258314,402671,1.000,2359
258315,402571,1.000,2424
258316,402382,1.000,2359
258317,402378,1.000,2359
258318,402641,1.000,2359
258319,402404,1.000,2356
258319,402405,1.000,2356
258320,402592,1.000,2359
258321,402609,1.000,2359
258321,402610,1.000,2359
258322,402581,1.000,2449
258323,402566,1.000,2359
258323,402567,1.000,2359
258324,402526,1.000,2449
258325,402562,1.000,2449
258326,402628,1.000,2356
258326,402629,1.000,2356
258327,402621,1.000,2446
258328,402647,1.000,2488
258329,402538,1.000,2359
258329,402539,1.000,2359
258330,402305,1.000,2395
258331,402457,1.000,2471
258332,402578,1.000,2352
258332,402579,1.000,2352
258333,402736,1.000,2352
258334,402700,1.000,2352
258335,402761,2.000,2352
258335,402762,2.000,2352
258336,402574,1.000,2352
258336,402575,1.000,2352
258337,402744,1.000,2352
258337,402745,1.000,2352
258338,402661,1.000,2352
258339,402782,1.000,2352
258340,402764,1.000,2352
258341,402707,1.000,2352
258341,402708,1.000,2359
258342,402505,1.000,2383
258342,402506,1.000,408
258343,402668,1.000,2359
258343,402669,1.000,2359
258344,402678,1.000,2395
258345,402484,1.000,2371
258345,402651,2.000,3945
258346,402076,1.000,2416
258347,402447,1.000,2356
258348,402412,1.000,2359
258348,402413,1.000,2359
258349,402456,1.000,399
258350,402728,1.000,2494
258351,402652,1.000,2359
258351,402653,1.000,2359
258352,402532,1.000,2359
258353,402702,1.000,308
258354,402634,1.000,2359
258355,402547,1.000,2359
258355,402548,1.000,2359
258356,402636,1.000,2359
258357,402935,1.000,2428
258358,401792,1.000,2428
258358,401793,1.000,490
258358,401794,1.000,486
258358,401795,1.000,491
258359,402204,1.000,2428
258360,402603,1.000,2359
258360,402604,1.000,2359
258361,402607,1.000,2359
258361,402608,1.000,2359
258362,402660,1.000,2426
258363,402705,1.000,2385
258363,402706,1.000,134
258364,402605,1.000,2356
258365,402620,1.000,2359
258366,402680,1.000,2449
258367,402577,1.000,2446
258368,402418,1.000,2395
258368,402419,1.000,2356
258369,402486,1.000,399
258370,402777,1.000,2467
258371,402681,1.000,2359
258371,402682,1.000,2359
258372,402755,1.000,2457
258372,402756,1.000,405
258373,402374,1.000,2356
258373,402375,1.000,2356
258374,402663,1.000,2458
258374,402664,1.000,405
258375,402720,1.000,2359
258376,402649,1.000,2359
258376,402650,1.000,2359
258377,402499,1.000,2446
258378,402611,1.000,2359
258378,402612,1.000,2359
258379,402617,1.000,2359
258379,402618,1.000,2359
258380,402751,1.000,399
258381,402729,1.000,2360
258382,402716,1.000,399
258382,402717,1.000,2862
258383,402424,1.000,2363
258383,402425,1.000,2359
258384,402587,1.000,2359
258385,402941,1.000,2352
258386,402942,1.000,2352
258386,402943,1.000,2352
258387,402944,1.000,3455
258388,402788,1.000,2359
258388,402789,1.000,2359
258389,402731,1.000,2450
258390,402757,1.000,2452
258391,402495,1.000,2424
258392,402820,1.000,2359
258392,402821,1.000,2359
258393,402792,1.000,2359
258394,402791,1.000,3738
258395,402771,1.000,669
258396,402743,1.000,2352
258397,402735,1.000,2387
258398,402718,1.000,2359
258398,402719,1.000,2359
258399,402713,1.000,2359
258399,402714,1.000,2359
258400,402712,1.000,2359
258401,402823,1.000,2446
258402,402813,1.000,2352
258402,402814,1.000,2352
258403,402810,1.000,2352
258403,402811,1.000,2352
258404,402809,1.000,2359
258405,402805,1.000,2352
258405,402806,1.000,2352
258406,402803,1.000,2359
258406,402804,1.000,2359
258407,402797,1.000,2359
258407,402798,1.000,2359
258408,402722,1.000,2359
258409,402819,1.000,2363
258410,402817,1.000,2359
258410,402818,1.000,2359
258411,402758,1.000,2449
258412,402746,1.000,2359
258413,402667,1.000,2416
258414,402847,1.000,2371
258415,402866,1.000,2449
258416,402836,1.000,2446
258417,402844,1.000,2457
258417,402990,1.000,405
258418,402964,1.000,2457
258418,402965,1.000,405
258419,402644,1.000,2522
258420,402876,1.000,2359
258420,402877,1.000,2359
258421,402849,1.000,2359
258421,402850,1.000,2359
258422,402775,1.000,2356
258422,402776,1.000,2356
258423,402838,1.000,2359
258424,402854,1.000,2359
258425,402851,1.000,2385
258425,402852,1.000,2359
258426,402859,1.000,2352
258427,402973,1.000,2512
258428,402950,1.000,2352
258428,402951,1.000,2352
258429,402946,1.000,2352
258430,402872,1.000,2352
258430,402873,1.000,2352
258431,402947,1.000,2359
258431,402948,1.000,2359
258432,402952,1.000,2359
258432,402953,1.000,2359
258433,402929,1.000,2359
258433,402930,1.000,2359
258434,402864,1.000,2458
258434,402865,1.000,405
258435,402954,1.000,2359
258436,402079,1.000,2416
258437,402955,1.000,2449
258438,403146,1.000,2569
258439,402734,1.000,2387
258440,402891,1.000,2359
258441,402749,1.000,2449
258441,402750,5.000,684
258442,403153,1.000,1323
258443,402672,1.000,2387
258444,402732,1.000,2387
258445,402870,1.000,308
258446,402656,1.000,2356
258447,402895,1.000,2446
258448,402963,1.000,2446
258449,402839,1.000,2488
258449,402840,1.000,2467
258450,402845,1.000,2488
258450,402846,1.000,2467
258451,402999,1.000,2488
258452,402925,1.000,2512
258452,402926,1.000,308
258453,402631,1.000,2481
258454,402622,1.000,2359
258454,402623,1.000,2356
258454,402624,1.000,134
258455,403080,1.000,2446
258456,402665,1.000,2356
258456,402666,1.000,2356
258457,402902,1.000,2446
258458,402778,1.000,2385
258459,402753,1.000,2356
258459,402754,1.000,2356
258460,402772,1.000,2452
258461,402615,1.000,2359
258461,402616,1.000,2359
258462,403048,1.000,3375
258463,402958,1.000,2359
258463,402959,1.000,2359
258464,402673,1.000,2360
258464,402674,1.000,2360
258465,402701,1.000,2359
258466,402740,1.000,2385
258467,402654,1.000,2359
258467,402655,1.000,2359
258468,402573,1.000,2424
258469,402878,1.000,2359
258470,403036,1.000,2359
258470,403037,1.000,2359
258471,402637,1.000,2360
258471,402638,1.000,2360
258472,402907,1.000,2356
258473,402639,1.000,2359
258473,402640,1.000,2359
258474,402828,1.000,2359
258475,402773,1.000,2395
258475,402774,1.000,2356
258476,402899,1.000,2359
258477,402509,1.000,2460
258477,402510,1.000,405
258477,402511,1.000,408
258478,402559,1.000,2460
258479,402676,1.000,2359
258480,402795,1.000,2359
258480,402796,1.000,2359
258481,402885,1.000,2471
258482,402723,1.000,2459
258482,402724,1.000,405
258482,402725,1.000,408
258483,402781,1.000,2463
258483,402989,1.000,405
258484,402934,1.000,308
258485,402799,1.000,2359
258485,402800,1.000,2359
258486,402848,1.000,2359
258487,402938,1.000,308
258488,402889,1.000,308
258489,402867,1.000,2359
258489,402868,1.000,2359
258490,402932,1.000,2359
258490,402933,1.000,2359
258491,402733,1.000,2449
258492,402558,1.000,2356
258493,402766,1.000,2449
258494,402606,1.000,2371
258495,403040,1.000,308
258496,402830,1.000,2356
258497,402793,1.000,2359
258497,402794,1.000,2359
258498,402730,1.000,2360
258499,402801,1.000,2359
258499,402802,1.000,2359
258500,402698,1.000,2481
258500,402699,1.000,408
258501,402940,1.000,308
258502,402759,1.000,2457
258502,402760,1.000,405
258502,402987,1.000,748
258503,402779,1.000,2457
258503,402780,1.000,405
258504,403018,1.000,2359
258505,402703,1.000,2377
258506,402822,1.000,2359
258507,402824,1.000,2359
258508,402658,1.000,399
258509,402914,1.000,2352
258509,402915,1.000,2352
258510,402923,1.000,2512
258511,402856,1.000,2352
258512,402908,1.000,2352
258512,402909,1.000,2352
258513,402815,1.000,2352
258513,402816,1.000,2352
258514,402855,1.000,2352
258515,403032,1.000,2352
258516,402898,1.000,2352
258517,402832,1.000,2352
258517,402833,1.000,2352
258518,402900,1.000,2352
258519,403072,1.000,2352
258519,403073,1.000,2352
258520,402853,1.000,2352
258521,403067,1.000,2359
258521,403068,1.000,2352
258522,402903,1.000,2352
258523,403083,1.000,2352
258523,403084,1.000,2352
258524,403028,1.000,2352
258524,403029,1.000,2352
258525,402841,1.000,2352
258525,402842,1.000,2352
258525,402843,2.000,134
258526,403034,1.000,2352
258526,403035,1.000,134
258527,402892,1.000,2389
258528,402937,1.000,2449
258529,403043,1.000,2359
258530,402613,1.000,2457
258530,402614,1.000,405
258531,402893,1.000,2359
258532,402901,1.000,2359
258533,402882,1.000,399
258533,402883,1.000,3379
258534,402807,1.000,2457
258534,402808,1.000,405
258535,402912,1.000,2457
258535,402913,1.000,405
258536,402709,1.000,2617
258536,402711,1.000,405
258537,402645,1.000,2374
258538,403187,1.000,408
258539,402905,1.000,2449
258540,403188,1.000,490
258541,402884,1.000,308
258542,402880,1.000,2446
258543,402916,1.000,2359
258543,402917,1.000,2359
258544,402786,1.000,2460
258544,402787,1.000,405
258545,402904,1.000,2359
258546,403039,1.000,2385
258547,402918,1.000,2359
258547,402919,1.000,2359
258548,402862,1.000,2359
258548,402863,1.000,2359
258549,402576,1.000,2425
258550,403074,1.000,2352
258550,403075,1.000,2352
258551,403189,1.000,2512
258552,402910,1.000,376
258553,403091,1.000,2359
258553,403092,1.000,2359
258554,403065,1.000,2359
258554,403066,1.000,2359
258555,403044,1.000,2352
258555,403045,1.000,2352
258556,403020,1.000,2359
258556,403021,1.000,2359
258557,403015,1.000,308
258557,403016,1.000,308
258558,403002,1.000,2359
258559,402992,1.000,2359
258560,402991,1.000,2446
258561,402976,1.000,2359
258561,402977,1.000,2359
258562,402966,1.000,2383
258562,402967,1.000,408
258563,403007,1.000,2359
258563,403008,1.000,2359
258564,403004,1.000,2352
258565,402969,1.000,2356
258565,402970,1.000,2356
258566,403085,1.000,2356
258567,403077,1.000,2356
258568,403076,1.000,2356
258569,403088,1.000,2416
258570,403017,1.000,2352
258571,403009,1.000,2360
258571,403010,1.000,2360
258572,402982,1.000,2446
258573,403011,1.000,2359
258573,403012,1.000,2359
258574,403056,1.000,2352
258575,403052,1.000,2552
258576,402949,1.000,2359
258577,402971,1.000,2359
258578,402860,1.000,2424
258579,403006,1.000,2359
258580,403003,1.000,2368
258581,403000,1.000,2359
258581,403001,1.000,2359
258582,402837,1.000,2424
258583,402783,1.000,2377
258584,402998,1.000,2359
258585,402996,1.000,2358
258585,402997,1.000,2356
258586,402993,1.000,2359
258586,402994,1.000,2359
258587,402983,1.000,2458
258587,402984,1.000,405
258588,402980,1.000,2356
258589,402979,1.000,2446
258590,402978,1.000,2352
258591,402974,1.000,2446
258592,402972,1.000,2359
258593,403064,1.000,2424
258594,403046,1.000,2360
258595,403103,1.000,2360
258595,403104,1.000,2360
258596,403108,1.000,2352
258597,403195,1.000,2352
258598,403098,1.000,2352
258599,403193,1.000,2352
258599,403194,1.000,2352
258600,403196,1.000,2352
258601,403101,1.000,2352
258601,403102,1.000,2352
258602,403105,1.000,2352
258603,403149,1.000,2352
258603,403150,1.000,2352
258604,403185,1.000,2352
258604,403186,1.000,2352
258605,403197,1.000,2352
258605,403198,1.000,2352
258606,403192,1.000,2395
258607,403201,1.000,2359
258607,403202,1.000,2359
258608,402861,1.000,2359
258609,403208,1.000,2385
258609,403209,1.000,2352
258610,403116,1.000,2359
258611,403129,1.000,2390
258611,403130,1.000,646
258612,402679,1.000,2452
258613,402995,1.000,2389
258614,403154,1.000,2356
258614,403155,1.000,2356
258615,402939,1.000,2446
258616,402894,1.000,2488
258617,403113,1.000,2357
258617,403114,1.000,2357
258618,403063,1.000,2439
258619,403139,1.000,2356
258619,403140,1.000,2356
258620,403041,1.000,2356
258620,403042,1.000,2356
258621,403023,1.000,308
258621,403024,1.000,2439
258622,402829,1.000,2359
258623,402812,1.000,2446
258624,403095,1.000,2359
258624,403096,1.000,2359
258625,402738,1.000,2457
258625,402739,1.000,787
258626,402834,1.000,2359
258626,402835,1.000,2359
258627,403160,1.000,2494
258628,403031,1.000,2372
258629,403191,1.000,405
258630,402684,1.000,2458
258630,402790,1.000,405
258631,403058,1.000,2359
258631,403059,1.000,2359
258632,403099,1.000,2359
258632,403100,1.000,2359
258633,403125,1.000,2357
258633,403126,1.000,2357
258634,402619,1.000,2428
258635,403060,1.000,2359
258636,402767,1.000,2457
258636,402768,1.000,405
258636,402769,1.000,2457
258636,402770,1.000,787
258637,403171,1.000,2359
258637,403172,1.000,2359
258637,403173,1.000,134
258638,403217,1.000,2359
258639,403005,1.000,2395
258640,403062,1.000,2471
258641,403025,1.000,2395
258641,403026,1.000,2356
258642,403299,1.000,2359
258642,403300,1.000,2359
258643,403038,1.000,2359
258644,403319,1.000,2482
258645,402874,1.000,2377
258646,402886,1.000,2459
258646,402887,1.000,405
258646,402888,1.000,408
258647,403030,1.000,2395
258648,403168,1.000,2449
258649,403054,1.000,2359
258649,403055,1.000,2359
258650,403244,1.000,2359
258651,403049,1.000,2459
258651,403050,1.000,405
258651,403051,1.000,646
258652,403239,1.000,308
258652,403240,2.000,134
258653,403241,1.000,308
258653,403242,2.000,134
258654,403013,1.000,2442
258654,403014,1.000,3120
258655,403253,1.000,2458
258655,403254,1.000,405
258656,402857,1.000,2424
258656,402858,1.000,2446
258657,403086,1.000,2359
258657,403087,1.000,2359
258658,403165,1.000,2385
258659,403053,1.000,2359
258660,403164,1.000,2359
258661,403144,1.000,2359
258661,403145,1.000,2359
258662,402869,1.000,2425
258663,403297,1.000,2352
258664,403176,1.000,2378
258665,403277,1.000,2352
258665,403278,1.000,2352
258666,403157,1.000,2449
258667,403183,1.000,2359
258667,403184,1.000,2352
258668,403167,1.000,2359
258669,403275,1.000,2352
258669,403276,1.000,2352
258670,403158,1.000,2512
258670,403159,1.000,2512
258671,403255,1.000,2352
258672,403258,1.000,2352
258673,403264,1.000,2352
258673,403265,1.000,2352
258674,403224,1.000,2352
258674,403225,1.000,2352
258675,403233,1.000,2356
258675,403234,1.000,2352
258676,403211,1.000,2352
258676,403212,1.000,2352
258677,403321,1.000,2359
258677,403322,1.000,2359
258678,403206,1.000,2352
258679,403207,1.000,2387
258680,403170,1.000,2494
258681,403022,1.000,2372
258682,403166,1.000,399
258683,403110,1.000,2359
258684,402596,1.000,2428
258684,402597,1.000,490
258684,402598,1.000,599
258684,402599,1.000,491
258685,403121,1.000,2359
258686,403369,1.000,2352
258687,402960,1.000,2455
258688,403057,1.000,2359
258689,402879,1.000,2359
258690,403111,1.000,2359
258690,403112,1.000,2359
258691,403370,1.000,2569
258692,403372,1.000,3408
258693,403371,10.000,660
258694,403394,1.000,2352
258695,403249,1.000,2359
258695,403250,1.000,2359
258696,403337,1.000,2359
258696,403338,1.000,2352
258697,402825,1.000,2460
258697,402826,1.000,405
258698,403259,1.000,2359
258698,403260,1.000,2359
258699,403292,1.000,2359
258699,403293,1.000,2359
258700,403106,1.000,2359
258700,403107,1.000,2359
258701,403267,1.000,2359
258701,403268,1.000,2359
258702,403323,1.000,2359
258702,403324,1.000,2359
258703,403203,1.000,2352
258703,403204,1.000,2356
258704,403408,1.000,2442
258704,403409,1.000,3120
258705,403287,1.000,2359
258705,403288,1.000,2359
258706,403326,1.000,2359
258706,403327,1.000,2359
258707,403310,1.000,627
258708,403289,1.000,2359
258709,403227,1.000,2359
258710,403205,1.000,2359
258711,403093,1.000,2359
258711,403094,1.000,2359
258712,403401,1.000,2359
258712,403402,1.000,2359
258713,403284,1.000,2356
258713,403285,1.000,2356
258714,403243,1.000,2352
258715,403378,1.000,2352
258716,403395,1.000,2352
258716,403396,1.000,2352
258717,403245,1.000,2352
258718,403388,1.000,2352
258719,403376,1.000,2352
258720,403463,1.000,522
258721,403219,1.000,2359
258722,403199,1.000,2356
258722,403200,1.000,2356
258723,403290,1.000,2352
258723,403291,1.000,2352
258724,403269,1.000,399
258725,403384,1.000,2352
258726,403465,10.000,660
258727,403466,1.000,3408
258728,403467,2.000,2352
258729,403232,1.000,2446
258730,403342,1.000,2446
258731,403237,1.000,2356
258731,403238,1.000,2356
258732,403156,1.000,399
258733,403341,1.000,2446
258734,403364,1.000,2454
258734,403365,1.000,2484
258735,403325,1.000,2359
258736,403332,1.000,2359
258737,403347,1.000,2359
258737,403348,1.000,2359
258738,399592,1.000,2509
258739,401694,1.000,2457
258739,401695,1.000,405
258740,402931,1.000,2428
258741,403313,1.000,2457
258741,403314,1.000,405
258742,403304,1.000,2356
258742,403305,1.000,2356
258743,403163,1.000,2450
258744,403142,1.000,2457
258744,403143,1.000,787
258745,402962,1.000,2424
258746,403271,1.000,2356
258746,403272,1.000,2356
258747,403333,1.000,2446
258748,403270,1.000,2359
258749,403381,1.000,2359
258749,403382,1.000,2359
258750,403286,1.000,2446
258751,403131,1.000,2457
258751,403132,1.000,787
258752,401690,1.000,3284
258753,403097,1.000,2449
258754,402662,1.000,2428
258755,403123,1.000,2457
258755,403124,1.000,405
258756,403261,1.000,2446
258757,403179,1.000,2462
258757,403180,1.000,405
258758,403343,1.000,2359
258758,403344,1.000,2359
258759,403119,1.000,2457
258759,403120,1.000,787
258760,403262,1.000,2359
258760,403263,1.000,2359
258761,403127,1.000,2457
258761,403128,1.000,787
258762,403252,1.000,2359
258763,402988,1.000,2424
258764,403273,1.000,2359
258764,403274,1.000,2359
258765,402890,1.000,2416
258766,403526,1.000,2359
258766,403527,1.000,2359
258767,403152,1.000,2481
258768,403148,1.000,2488
258769,403081,1.000,2457
258769,403082,1.000,405
258770,403421,1.000,2359
258770,403422,1.000,2359
258771,403461,1.000,2360
258771,403462,1.000,2385
258772,403591,1.000,2352
258772,403592,1.000,2352
258773,403308,1.000,2363
258774,403136,1.000,2385
258774,403137,1.000,2359
258775,403528,1.000,2512
258775,403529,1.000,3384
258776,403316,1.000,2359
258776,403317,1.000,2359
258777,403320,1.000,2352
258778,403330,1.000,2377
258779,403441,1.000,2352
258779,403442,1.000,2352
258780,403223,1.000,2373
258781,403412,1.000,2352
258781,403413,1.000,2352
258782,403345,1.000,2359
258782,403346,1.000,2359
258783,403089,1.000,2395
258784,403426,1.000,2352
258785,403301,1.000,2356
258786,403431,1.000,2356
258786,403432,1.000,2356
258787,403306,1.000,2352
258787,403307,1.000,2352
258788,403257,1.000,2356
258789,403414,1.000,2352
258790,403280,1.000,2352
258790,403281,1.000,2352
258791,403593,1.000,2359
258792,403302,1.000,2352
258792,403303,1.000,2352
258793,403334,1.000,2356
258793,403335,1.000,2356
258794,403355,1.000,2359
258794,403356,1.000,2359
258795,403415,1.000,2352
258795,403416,1.000,2352
258796,403359,1.000,2371
258797,403246,1.000,2359
258797,403247,1.000,2359
258798,403311,1.000,2359
258798,403312,1.000,2359
258799,403256,1.000,2359
258800,403133,1.000,2457
258800,403134,1.000,405
258801,403251,1.000,2356
258802,403248,1.000,2359
258803,403033,1.000,2372
258804,403349,1.000,2359
258804,403350,1.000,2359
258805,403468,1.000,2385
258805,403469,1.000,2359
258806,403151,1.000,2387
258807,403318,1.000,308
258808,403061,1.000,399
258809,403228,1.000,2438
258809,403229,1.000,308
258810,403594,1.000,2352
258810,403595,1.000,2352
258811,403596,1.000,522
258812,403294,1.000,2512
258812,403295,1.000,2512
258813,403336,1.000,2360
258814,403047,1.000,2359
258816,403390,1.000,2359
258816,403391,1.000,2359
258817,403397,1.000,2359
258818,403399,1.000,2360
258818,403400,1.000,2360
258819,403379,1.000,2359
258820,403486,1.000,2359
258821,403518,1.000,399
258822,403474,1.000,2449
258823,403440,1.000,2449
258824,403406,1.000,2359
258824,403407,1.000,2359
258825,403375,1.000,2359
258826,403398,1.000,2449
258827,403389,1.000,2449
258828,403556,1.000,2359
258828,403557,1.000,2359
258829,403434,1.000,2449
258830,403383,1.000,2424
258831,403464,1.000,2449
258832,403373,1.000,2359
258833,403380,1.000,2449
258834,403565,1.000,2387
258835,403577,1.000,2446
258836,403387,1.000,2449
258837,403405,1.000,2359
258838,403575,1.000,2377
258839,403328,1.000,2359
258840,403546,1.000,2359
258841,403386,1.000,2449
258842,403709,1.000,2569
258843,403710,1.000,2569
258844,403482,1.000,2352
258845,403477,1.000,2352
258846,403597,1.000,2512
258846,403598,1.000,1323
258847,403599,1.000,2512
258847,403600,1.000,1323
258848,403487,1.000,2352
258848,403488,1.000,2352
258849,403716,2.000,522
258850,403392,1.000,2352
258850,403393,1.000,2352
258851,403755,1.000,2569
258852,403410,1.000,2446
258852,403411,1.000,2359
258853,403230,1.000,2458
258853,403231,1.000,405
258854,403483,1.000,2457
258854,403503,1.000,405
258855,403551,1.000,308
258856,403472,1.000,2359
258856,403473,1.000,2359
258857,403789,1.000,2501
258858,403437,1.000,2449
258859,403555,1.000,2356
258860,403222,1.000,2509
258861,403639,1.000,2446
258862,403519,1.000,2467
258863,403315,1.000,2356
258864,403420,1.000,2467
258865,403502,1.000,2424
258866,403516,1.000,2363
258867,403552,1.000,2356
258867,403553,1.000,2356
258868,403448,1.000,2460
258868,403449,1.000,405
258868,403450,1.000,408
258869,403435,1.000,2454
258870,403648,1.000,2457
258870,403649,1.000,405
258871,403360,1.000,399
258872,403445,1.000,2457
258872,403446,1.000,405
258873,403425,1.000,308
258874,403368,1.000,2494
258875,403558,1.000,2703
258875,403559,1.000,2488
258876,403433,1.000,2446
258877,403612,1.000,2449
258878,403493,1.000,2356
258879,403510,1.000,2359
258879,403511,1.000,2359
258880,403470,1.000,2356
258880,403471,1.000,2356
258881,403429,1.000,2359
258881,403430,1.000,2359
258882,403279,1.000,2416
258883,403504,1.000,2359
258883,403505,1.000,2359
258884,403117,1.000,2424
258885,403417,1.000,2356
258885,403418,1.000,2356
258886,403366,1.000,2458
258886,403367,1.000,405
258887,403443,1.000,2463
258887,403444,1.000,405
258888,403536,1.000,2466
258889,403687,1.000,2359
258889,403688,1.000,2359
258890,403491,1.000,2359
258891,403571,1.000,2359
258892,403569,1.000,2359
258893,403494,1.000,2359
258893,403495,1.000,2359
258894,403436,1.000,2359
258895,403629,1.000,2385
258895,403630,1.000,2359
258896,403361,1.000,399
258897,403711,1.000,2371
258898,403718,1.000,308
258899,403480,1.000,2359
258899,403481,1.000,2359
258900,403522,1.000,2385
258900,403523,1.000,2359
258901,403475,1.000,2446
258902,403712,1.000,2359
258903,403587,1.000,2359
258903,403588,1.000,2359
258904,403713,1.000,2356
258904,403714,1.000,2356
258905,403567,1.000,2359
258906,403611,1.000,2449
258907,403506,1.000,2359
258907,403507,1.000,2359
258908,403541,1.000,2359
258908,403542,1.000,2359
258909,403547,1.000,2449
258910,403520,1.000,2457
258911,403582,1.000,2359
258912,403069,1.000,2428
258912,403070,1.000,2430
258913,403508,1.000,2359
258913,403509,1.000,2359
258914,403496,1.000,2359
258914,403497,1.000,2359
258915,403501,1.000,2359
258916,403654,1.000,2424
258917,403602,1.000,2359
258917,403603,1.000,2359
258918,403561,1.000,2356
258919,403759,1.000,2356
258920,403282,1.000,2383
258920,403283,1.000,408
258921,403534,1.000,2352
258921,403535,1.000,2352
258922,403530,1.000,2352
258922,403531,1.000,2352
258923,403632,1.000,2352
258923,403633,1.000,2352
258924,403640,1.000,2352
258925,403816,1.000,2446
258926,403627,1.000,2352
258926,403628,1.000,2352
258927,403499,1.000,2352
258927,403500,1.000,2352
258928,403651,1.000,2352
258928,403652,1.000,2352
258929,403331,1.000,2449
258930,403498,1.000,2352
258931,403644,1.000,2352
258931,403645,1.000,2352
258932,403560,1.000,2352
258933,403817,1.000,2352
258933,403818,1.000,2352
258934,403819,1.000,2569
258935,403161,1.000,2352
258936,403911,2.000,660
258937,403914,1.000,522
258938,403730,1.000,2359
258938,403731,1.000,2359
258939,403608,1.000,2359
258939,403609,1.000,2359
258940,403681,1.000,2457
258940,403682,1.000,405
258941,403601,1.000,2446
258942,403725,1.000,2359
258942,403726,1.000,2359
258943,403631,1.000,2359
258945,403671,1.000,2359
258945,403672,1.000,2359
258946,403637,1.000,2359
258946,403638,1.000,2359
258947,403634,1.000,2359
258947,403635,1.000,2359
258948,403657,1.000,2449
258949,403663,1.000,2449
258950,403568,1.000,2449
258951,403738,1.000,2356
258951,403739,1.000,2356
258952,403604,1.000,2359
258952,403605,1.000,2359
258953,403610,1.000,2390
258954,403735,1.000,2460
258954,403736,1.000,405
258954,403737,1.000,408
258955,403729,1.000,2446
258956,403670,1.000,2372
258957,403928,1.000,2352
258957,403929,1.000,2352
258958,403721,1.000,2359
258959,403650,1.000,2368
258960,403625,1.000,2359
258960,403626,1.000,2359
258961,403741,1.000,2359
258961,403742,1.000,2359
258962,403620,1.000,2385
258962,403621,1.000,2359
258963,403613,1.000,2387
258964,403403,1.000,2352
258964,403404,1.000,2352
258965,403614,1.000,2356
258965,403615,1.000,2356
258966,403820,1.000,2359
258966,403821,1.000,2359
258967,403719,1.000,2359
258967,403720,1.000,2359
258968,403684,1.000,2460
258968,403685,1.000,405
258969,403589,1.000,2352
258969,403590,1.000,2352
258970,403868,1.000,2359
258971,403606,1.000,2359
258971,403607,1.000,2359
258972,403740,1.000,2387
258973,403677,1.000,2359
258974,403699,1.000,2360
258974,403700,1.000,2360
258975,403826,1.000,2352
258976,403733,1.000,2352
258976,403734,1.000,2352
258977,403616,1.000,2352
258977,403617,1.000,2352
258978,403678,1.000,2352
258978,403679,1.000,2352
258979,403829,1.000,2352
258980,403822,1.000,2352
258980,403823,1.000,2352
258981,403698,1.000,2352
258982,403824,1.000,2352
258982,403825,1.000,2352
258983,403831,1.000,2352
258983,403832,1.000,2352
258984,403703,1.000,399
258985,403722,1.000,2364
258986,403646,1.000,2352
258987,403689,1.000,2459
258987,403690,1.000,405
258988,403762,1.000,308
258989,403790,1.000,2378
258990,403680,1.000,399
258991,403768,1.000,2471
258992,403753,1.000,2458
258992,403754,1.000,405
258993,403752,1.000,2449
258994,403747,1.000,2383
258995,403766,1.000,2424
258996,403854,1.000,2359
258996,403855,1.000,2359
258997,403798,1.000,2469
258998,403875,1.000,2359
258998,403876,1.000,2359
258999,403756,1.000,2488
259000,403763,1.000,399
259001,403765,1.000,308
259002,403775,1.000,2359
259002,403776,1.000,2359
259003,403797,1.000,308
259004,403782,1.000,2359
259005,403807,1.000,308
259006,403802,1.000,308
259007,403852,1.000,2356
259007,403853,1.000,2356
259008,403866,1.000,2457
259008,403867,1.000,787
259009,403761,1.000,2467
259010,403871,1.000,2457
259010,403872,1.000,405
259011,403774,1.000,2467
259012,403667,1.000,2467
259013,403780,1.000,2457
259013,403781,1.000,405
259014,403758,1.000,2481
259015,403362,1.000,2424
259016,403697,1.000,2446
259017,403641,1.000,2356
259017,403642,1.000,2356
259018,403524,1.000,2359
259019,403492,1.000,2359
259020,403428,1.000,2359
259021,403693,1.000,2446
259022,403757,1.000,2356
259023,403174,1.000,2416
259024,403665,1.000,2363
259024,403666,1.000,2862
259025,403584,1.000,2387
259026,403772,1.000,2359
259026,403773,1.000,2359
259027,403550,1.000,2424
259028,403623,1.000,3576
259029,403683,1.000,2425
259030,403115,1.000,2428
259031,403554,1.000,2424
259032,403787,1.000,2359
259033,403581,1.000,2395
259034,403357,1.000,2428
259034,403358,1.000,2430
259035,403727,1.000,2424
259036,403562,1.000,2363
259036,403563,1.000,2359
259037,403532,1.000,2383
259037,403533,1.000,408
259038,403878,1.000,2359
259038,403879,1.000,2359
259039,403695,1.000,2457
259039,403696,1.000,405
259040,403708,1.000,2363
259041,403804,1.000,2359
259041,403805,1.000,2359
259042,403783,1.000,2359
259043,403808,1.000,2359
259043,403809,1.000,2359
259044,403784,1.000,2352
259044,403785,1.000,2352
259045,403799,1.000,2352
259045,403800,1.000,2352
259046,403647,1.000,2352
259047,403888,1.000,2512
259048,403788,1.000,2352
259049,403861,1.000,2352
259050,403791,1.000,2359
259050,403792,1.000,2352
259051,403810,1.000,2352
259052,403760,1.000,2359
259053,403869,1.000,2359
259053,403870,1.000,2359
259054,403908,1.000,2359
259054,403909,1.000,2359
259055,403706,1.000,2359
259055,403707,1.000,2359
259056,403786,1.000,2359
259057,403655,1.000,2359
259057,403656,1.000,2359
259058,403704,1.000,2359
259058,403705,1.000,2359
259059,403764,1.000,2359
259060,403744,1.000,2378
259061,403745,1.000,2446
259062,403478,1.000,2359
259062,403479,1.000,2359
259063,403484,1.000,2359
259063,403485,1.000,2359
259064,403423,1.000,2458
259064,403424,1.000,405
259065,403793,1.000,2446
259066,403894,1.000,2446
259067,403833,1.000,2446
259068,402945,4.000,660
259069,404106,15.000,660
259069,404107,2.000,3363
259070,404118,17.000,660
259070,404119,2.000,3363
259071,404124,17.000,660
259071,404125,2.000,3363
259072,403812,1.000,2356
259072,403813,1.000,2356
259073,403213,1.000,2428
259073,403214,2.000,2430
259074,403925,1.000,2359
259074,403926,1.000,2359
259075,404130,20.000,660
259076,404133,10.000,660
259076,404134,2.000,3363
259077,402881,1.000,3194
259078,403811,1.000,2449
259079,403897,1.000,3608
259080,403815,1.000,308
259081,403769,1.000,2356
259082,404142,1.000,2352
259083,403857,1.000,2352
259084,403658,1.000,2359
259084,403659,1.000,2359
259085,403898,1.000,2384
259086,403890,1.000,2359
259086,403891,1.000,2359
259087,403883,1.000,2359
259088,403906,1.000,2457
259088,403907,1.000,405
259089,403991,1.000,2371
259090,403835,1.000,2446
259091,403856,1.000,2359
259092,403844,1.000,2446
259093,403842,1.000,2356
259093,403843,1.000,2356
259094,403956,1.000,670
259095,403836,1.000,2446
259096,403954,1.000,2356
259096,403955,1.000,2356
259097,403839,1.000,2446
259098,403939,1.000,2359
259098,403940,1.000,2359
259099,403938,1.000,2359
259100,403983,1.000,2449
259101,403936,1.000,2359
259101,403937,1.000,2359
259102,403847,1.000,2449
259103,403932,1.000,2359
259103,403933,1.000,2359
259104,403930,1.000,2356
259104,403931,1.000,2356
259105,403913,1.000,2449
259106,403910,1.000,2446
259107,403850,1.000,2449
259108,403923,1.000,2359
259108,403924,1.000,2359
259109,403919,1.000,2359
259109,403920,1.000,2359
259110,403904,1.000,2449
259111,403916,1.000,2359
259111,403917,1.000,2359
259112,403915,1.000,2377
259113,403905,1.000,2424
259114,403895,1.000,2359
259114,403896,1.000,2359
259115,403963,1.000,2359
259115,403964,1.000,2359
259116,403837,1.000,2359
259116,403838,1.000,2359
259117,403862,1.000,2359
259117,403863,1.000,2359
259118,403840,1.000,2360
259118,403841,1.000,2360
259119,404039,1.000,2385
259120,403960,1.000,2359
259120,403961,1.000,2359
259121,403884,1.000,2359
259122,403943,1.000,2359
259122,403944,1.000,2359
259123,403901,1.000,2359
259123,403902,1.000,2359
259124,403892,1.000,2352
259124,403893,1.000,2352
259125,403899,1.000,2352
259125,403900,1.000,2352
259126,403957,1.000,2359
259127,404032,1.000,2352
259127,404033,1.000,2352
259128,404049,1.000,2512
259129,403885,1.000,2352
259129,403886,1.000,2352
259130,403951,1.000,2352
259131,403859,1.000,2352
259131,403860,1.000,2352
259132,403728,1.000,2416
259133,403952,1.000,2356
259133,403953,1.000,2356
259134,403918,1.000,2378
259135,403945,1.000,2359
259135,403946,1.000,2359
259136,403934,1.000,2449
259137,403887,1.000,2356
259138,403664,1.000,2511
259139,404245,1.000,2352
259139,404246,1.000,2352
259140,404148,1.000,308
259141,403947,1.000,2387
259142,403746,1.000,2359
259143,404150,1.000,2359
259144,403489,1.000,2352
259144,403490,1.000,2352
259145,403880,1.000,2457
259145,403881,1.000,405
259146,403889,1.000,2425
259147,404178,1.000,2359
259147,404179,1.000,2359
259148,404147,1.000,2356
259149,404146,1.000,2363
259150,403846,1.000,2371
259151,403877,1.000,2387
259152,403912,1.000,399
259153,403849,1.000,2776
259154,404315,30.000,660
259154,404316,4.000,2352
259155,403803,1.000,2359
259156,403845,1.000,2449
259157,404087,1.000,2446
259158,404180,1.000,2356
259158,404181,1.000,2356
259159,404163,1.000,2446
259160,404000,1.000,308
259161,404189,1.000,2359
259161,404190,1.000,2359
259162,404027,1.000,308
259163,404378,1.000,522
259164,404097,1.000,2446
259165,404192,1.000,2359
259165,404193,1.000,2359
259166,404096,1.000,2449
259167,404075,1.000,2481
259168,404037,1.000,2446
259169,403971,1.000,2359
259170,404091,1.000,490
259170,404092,1.000,486
259170,404093,1.000,491
259171,403968,1.000,2449
259172,404016,1.000,491
259173,403972,1.000,2424
259174,404108,1.000,2359
259175,404103,1.000,2395
259175,404104,1.000,2359
259176,404201,1.000,2359
259176,404202,1.000,2359
259177,404019,1.000,2471
259178,403962,1.000,3194
259179,404031,1.000,2449
259180,403998,1.000,2449
259181,404191,1.000,2359
259182,404081,1.000,308
259183,404035,1.000,2426
259184,403795,1.000,2356
259184,403796,1.000,2356
259185,403979,1.000,308
259186,404062,1.000,2449
259187,404188,1.000,2359
259188,404069,1.000,308
259189,404061,1.000,2495
259190,404144,1.000,2359
259190,404145,1.000,2359
259191,403751,1.000,2359
259192,404157,1.000,2455
259193,404034,1.000,2426
259194,403777,1.000,2359
259194,403778,1.000,2359
259195,404021,1.000,2356
259195,404022,1.000,2356
259196,404194,1.000,2359
259196,404195,1.000,2359
259197,404203,1.000,2359
259197,404204,1.000,2359
259198,403515,1.000,2416
259199,404030,1.000,2359
259200,404159,1.000,2359
259200,404160,1.000,2359
259201,403922,1.000,2358
259202,404155,1.000,2359
259202,404156,1.000,2359
259203,404058,1.000,2446
259204,403975,1.000,2359
259204,403976,1.000,2359
259205,404198,1.000,2359
259205,404199,1.000,2359
259206,403339,1.000,2426
259207,404036,1.000,2426
259208,403977,1.000,399
259209,403967,1.000,2480
259210,404070,1.000,2449
259211,404196,1.000,2359
259211,404197,1.000,2359
259212,404088,1.000,2356
259212,404089,1.000,2356
259213,404167,1.000,2359
259214,404072,1.000,2460
259214,404073,1.000,405
259214,404074,1.000,408
259215,403989,1.000,2381
259215,403990,1.000,408
259216,404162,1.000,2387
259217,404166,1.000,2458
259217,404168,1.000,405
259218,403903,1.000,2368
259219,404098,1.000,2449
259220,404006,1.000,2363
259221,404023,1.000,2356
259222,403512,1.000,2428
259222,403513,2.000,2430
259222,403514,1.000,408
259223,404014,1.000,2352
259224,404011,1.000,2352
259224,404012,1.000,2352
259225,404063,1.000,2352
259226,403978,1.000,2352
259227,404009,1.000,2352
259228,404184,1.000,2352
259229,404140,1.000,399
259229,404141,1.000,2863
259230,404187,1.000,2352
259231,404024,1.000,2359
259231,404025,1.000,2359
259232,404047,1.000,2352
259233,404008,1.000,2352
259234,404002,1.000,2352
259234,404003,1.000,2352
259235,403996,1.000,2352
259235,403997,1.000,2352
259236,404151,1.000,2455
259237,404001,1.000,2352
259238,404215,1.000,2354
259238,404216,1.000,2352
259239,403624,1.000,3194
259240,404399,1.000,2359
259241,404279,1.000,2359
259242,403969,1.000,2356
259242,403970,1.000,2356
259243,404394,1.000,2395
259244,404213,1.000,2494
259245,403858,1.000,2352
259246,404200,1.000,2449
259247,404240,1.000,2359
259247,404241,1.000,2359
259248,404236,1.000,2359
259249,404249,1.000,2360
259250,404322,1.000,2359
259250,404323,1.000,2359
259251,403848,1.000,2377
259252,403743,1.000,2354
259253,404226,1.000,2352
259253,404227,1.000,2352
259254,403950,1.000,2352
259255,404395,1.000,2352
259255,404396,1.000,2352
259256,404310,1.000,2352
259256,404311,1.000,2352
259256,404312,1.000,134
259257,404412,1.000,2352
259257,404413,1.000,2352
259258,404257,1.000,2359
259259,404209,1.000,2359
259260,404244,1.000,2359
259261,404161,1.000,2359
259262,403723,1.000,2428
259263,404253,1.000,2359
259263,404254,1.000,2359
259264,404020,1.000,2446
259265,404169,1.000,2359
259265,404170,1.000,2359
259266,404217,1.000,2356
259267,404255,1.000,2359
259267,404256,1.000,2359
259268,404185,1.000,2356
259268,404186,1.000,2356
259269,404247,1.000,2359
259269,404248,1.000,2359
259270,404238,1.000,2359
259270,404239,1.000,2359
259271,404173,1.000,2356
259271,404174,1.000,2356
259272,404288,1.000,2445
259273,404171,1.000,2378
259274,403966,1.000,399
259275,404287,1.000,2360
259276,404295,1.000,2359
259277,403973,1.000,2509
259278,404231,1.000,2390
259278,404232,1.000,646
259279,404079,1.000,2359
259279,404080,1.000,2359
259280,403980,1.000,2359
259281,404045,1.000,2359
259281,404046,1.000,2359
259282,404630,30.000,660
259282,404631,2.000,2352
259282,404632,2.000,3363
259283,404635,5.000,660
259284,404228,1.000,2450
259285,404128,1.000,2458
259285,404129,1.000,405
259286,404427,1.000,2471
259287,404082,1.000,308
259288,404111,1.000,2459
259288,404112,1.000,405
259288,404113,1.000,408
259289,404435,1.000,308
259289,404436,1.000,2467
259290,403767,1.000,2416
259291,404007,1.000,2446
259292,404126,1.000,2458
259292,404127,1.000,405
259293,404237,1.000,2395
259294,403941,1.000,3455
259295,404276,1.000,308
259296,403921,1.000,2481
259297,404296,1.000,2424
259298,404405,1.000,2509
259299,404040,1.000,2359
259300,404136,1.000,2457
259300,404137,1.000,405
259301,404135,1.000,2438
259302,403958,1.000,2446
259303,404338,1.000,2446
259304,404099,1.000,308
259305,404208,1.000,2384
259306,404291,1.000,2471
259307,404285,1.000,2359
259307,404286,1.000,2359
259308,404438,1.000,2359
259308,404439,1.000,2359
259309,403882,1.000,2457
259310,404250,1.000,2385
259311,404054,1.000,2449
259311,404055,1.000,2424
259312,404283,1.000,2359
259312,404284,1.000,2359
259313,404453,1.000,308
259314,404158,1.000,2467
259315,404337,1.000,2359
259316,404479,1.000,2457
259316,404480,1.000,405
259317,404329,1.000,2359
259317,404330,1.000,2359
259318,404109,1.000,2359
259318,404110,1.000,2359
259319,404331,1.000,308
259320,404057,1.000,399
259321,404356,1.000,2359
259321,404357,1.000,2359
259322,404120,1.000,2457
259322,404121,1.000,405
259322,404122,1.000,2457
259322,404123,1.000,787
259323,404100,1.000,2359
259324,404182,1.000,2377
259325,404152,1.000,2387
259326,404207,1.000,2424
259327,403992,1.000,2384
259327,403993,1.000,2359
259328,404183,1.000,2475
259329,403981,1.000,2359
259329,403982,1.000,2359
259330,404352,1.000,2371
259331,404105,1.000,2490
259332,404221,1.000,2450
259333,404471,1.000,2457
259333,404472,1.000,405
259334,404233,1.000,2358
259335,403748,1.000,2359
259335,403749,1.000,2359
259336,404114,1.000,2359
259336,404115,1.000,2359
259337,404068,1.000,2359
259338,404269,1.000,2352
259339,404153,1.000,2359
259339,404154,1.000,2359
259340,404443,1.000,2359
259340,404444,1.000,2359
259341,404502,1.000,2352
259341,404503,1.000,2352
259342,404094,1.000,2359
259342,404095,1.000,2359
259343,404263,1.000,2356
259343,404264,1.000,2356
259344,404077,1.000,2359
259344,404078,1.000,2359
259345,403988,1.000,2363
259346,404038,1.000,2359
259347,404388,1.000,2352
259347,404389,1.000,134
259348,404497,1.000,2352
259349,404048,1.000,2359
259350,404301,1.000,2356
259351,404242,1.000,2352
259351,404243,1.000,2352
259352,404085,1.000,2359
259352,404086,1.000,2359
259353,404029,1.000,2387
259354,404498,1.000,2352
259354,404499,1.000,2352
259355,404004,1.000,2359
259355,404005,1.000,2359
259356,404268,1.000,2352
259357,404390,1.000,2359
259357,404391,1.000,2359
259358,404465,1.000,3738
259359,403942,1.000,2359
259360,404381,1.000,2352
259360,404382,1.000,2352
259361,404371,1.000,2359
259361,404372,1.000,2359
259362,404116,1.000,2359
259362,404117,1.000,2359
259363,404175,1.000,2352
259364,404449,1.000,2359
259365,404345,1.000,2359
259366,404071,1.000,2359
259367,404459,1.000,2359
259367,404460,1.000,2352
259368,404375,1.000,2356
259369,404336,1.000,2352
259370,404445,1.000,2359
259370,404446,1.000,2359
259371,404433,1.000,2352
259371,404434,1.000,2352
259372,404464,1.000,2356
259373,404376,1.000,2352
259373,404377,1.000,2352
259374,403935,1.000,2360
259375,404474,1.000,2352
259375,404475,1.000,2352
259376,404131,1.000,2352
259376,404132,1.000,2352
259377,403994,1.000,2352
259378,404442,1.000,2359
259379,404101,1.000,2356
259379,404102,1.000,2356
259380,403965,1.000,2377
259381,403701,1.000,399
259381,403702,1.000,3379
259382,403851,1.000,2359
259392,404774,1.000,522
259393,404299,1.000,2359
259393,404300,1.000,2359
259394,404359,1.000,2359
259395,404447,1.000,2359
259395,404448,1.000,2359
259396,404523,1.000,2356
259396,404524,1.000,2356
259397,404386,1.000,2385
259397,404387,1.000,1323
259398,404258,1.000,2384
259398,404259,1.000,2359
259399,404633,1.000,2356
259399,404634,1.000,2356
259400,404476,1.000,2359
259400,404477,1.000,2359
259401,404414,1.000,2359
259401,404415,1.000,2359
259402,403948,1.000,2428
259402,403949,1.000,3379
259403,404420,4.000,3975
259404,404457,1.000,2359
259404,404458,1.000,2359
259405,404431,1.000,2424
259406,404587,1.000,2446
259407,404308,1.000,2359
259407,404309,1.000,2359
259408,404398,1.000,2488
259409,404360,1.000,2449
259410,404407,1.000,2360
259410,404408,1.000,2360
259412,404400,1.000,2356
259412,404401,1.000,2356
259413,404411,1.000,2359
259414,404640,1.000,2356
259414,404641,1.000,2356
259415,404451,1.000,2359
259415,404452,1.000,2359
259416,404421,1.000,2467
259417,404392,1.000,2359
259417,404393,1.000,2359
259418,404319,1.000,627
259419,404473,1.000,2359
259420,404406,1.000,2359
259421,404650,1.000,2352
259421,404651,1.000,2356
259422,404425,1.000,2352
259422,404426,1.000,2352
259423,404643,1.000,2359
259424,404657,1.000,2424
259425,404380,1.000,2385
259426,404282,1.000,2390
259427,403673,1.000,2428
259427,403674,1.000,490
259427,403675,1.000,486
259427,403676,1.000,491
259428,404516,1.000,2385
259429,404604,1.000,2359
259429,404605,1.000,2359
259430,404607,1.000,2359
259430,404608,1.000,2359
259431,404417,1.000,2360
259431,404418,1.000,2360
259432,404293,1.000,2359
259432,404294,1.000,2359
259433,404483,1.000,2458
259433,404484,1.000,405
259433,404485,1.000,486
259433,404486,1.000,491
259434,404509,1.000,2352
259434,404510,1.000,2352
259435,404618,1.000,2352
259436,404662,1.000,2352
259437,404313,1.000,2359
259438,404441,1.000,2356
259439,404466,1.000,2359
259440,404265,1.000,2359
259440,404266,1.000,2359
259441,404409,1.000,2359
259441,404410,1.000,2359
259442,404646,1.000,2359
259442,404647,1.000,2359
259443,404403,1.000,2360
259444,404274,1.000,2390
259444,404275,1.000,3245
259445,404469,1.000,2359
259445,404470,1.000,2359
259446,404404,1.000,2368
259447,404540,1.000,2522
259448,404260,1.000,2359
259448,404261,1.000,2359
259449,404802,1.000,2352
259449,404803,1.000,2352
259450,404804,1.000,2359
259450,404805,1.000,2359
259451,404467,1.000,2359
259451,404468,1.000,2359
259452,404262,1.000,2359
259453,404505,1.000,2359
259453,404506,1.000,2359
259454,404437,1.000,2449
259455,404343,1.000,2359
259455,404344,1.000,2359
259456,404584,1.000,2446
259457,404211,1.000,2383
259457,404212,1.000,408
259458,404496,1.000,2446
259459,404538,1.000,2356
259459,404539,1.000,2356
259460,404224,1.000,2359
259461,404383,1.000,2359
259461,404384,1.000,2359
259462,404234,1.000,2359
259462,404235,1.000,2359
259463,404533,1.000,399
259464,404709,1.000,2356
259464,404710,1.000,2356
259465,404366,1.000,2359
259465,404367,1.000,2359
259466,404280,1.000,2359
259466,404281,1.000,2359
259467,404340,1.000,2450
259468,404612,1.000,2446
259469,404517,1.000,2359
259469,404518,1.000,2359
259470,404454,1.000,2458
259470,404455,1.000,405
259471,404512,1.000,2356
259471,404513,1.000,2356
259472,404808,1.000,3738
259473,404551,1.000,2356
259473,404552,1.000,2356
259474,404222,1.000,3194
259475,404490,1.000,2359
259476,404353,1.000,2457
259476,404354,1.000,787
259477,404251,1.000,2467
259478,404289,1.000,2359
259479,404324,1.000,525
259480,404306,1.000,2359
259480,404307,1.000,2359
259481,404555,1.000,2359
259482,404501,1.000,2356
259483,404462,1.000,2359
259483,404463,1.000,2359
259484,404560,1.000,2356
259485,404355,1.000,2359
259486,404350,1.000,2457
259486,404351,1.000,405
259487,404839,1.000,2569
259488,404318,1.000,2424
259489,404358,1.000,2359
259490,404840,1.000,376
259491,404373,1.000,2359
259491,404374,1.000,2359
259492,404325,1.000,2359
259492,404326,1.000,2359
259493,404346,1.000,2457
259493,404347,1.000,787
259494,404302,1.000,2359
259494,404303,1.000,2359
259495,404292,1.000,2424
259496,404015,1.000,2377
259497,404450,1.000,2444
259498,403986,1.000,2426
259499,404424,1.000,2467
259500,404548,1.000,2449
259501,404572,1.000,2446
259502,404487,1.000,2449
259503,404290,1.000,399
259504,404349,1.000,2424
259505,404547,1.000,2409
259506,404430,1.000,2445
259507,404432,1.000,2703
259508,404493,1.000,2446
259509,404610,1.000,2359
259509,404611,1.000,2359
259510,404570,1.000,2457
259510,404571,1.000,405
259511,403694,1.000,2428
259512,404341,1.000,2387
259512,404342,1.000,2387
259513,404747,1.000,2457
259513,404748,1.000,787
259514,404738,1.000,2359
259514,404739,1.000,2359
259515,404686,1.000,2359
259516,404812,1.000,2352
259516,404813,1.000,2352
259517,404519,1.000,308
259518,404561,1.000,2359
259518,404562,1.000,2359
259519,404701,1.000,2359
259519,404702,1.000,2359
259520,404525,1.000,2460
259520,404526,1.000,405
259520,404527,1.000,408
259521,404297,1.000,2387
259522,404708,1.000,308
259523,404797,1.000,308
259524,403643,1.000,2428
259525,404528,1.000,2458
259525,404529,1.000,405
259526,403974,1.000,2426
259527,404727,1.000,2352
259527,404728,1.000,2359
259528,404600,1.000,2442
259529,404614,1.000,2360
259529,404615,1.000,2360
259530,404696,1.000,2446
259530,404697,1.000,2983
259531,404692,1.000,2359
259531,404693,1.000,2359
259532,404756,1.000,2360
259533,404017,1.000,2428
259534,404671,1.000,308
259535,404511,1.000,2359
259536,404688,1.000,2359
259536,404689,1.000,2359
259537,404532,1.000,2446
259538,404592,1.000,2481
259539,404348,1.000,2365
259540,404270,1.000,2441
259540,404271,1.000,134
259541,404591,1.000,2467
259542,404385,1.000,2424
259543,404624,1.000,2371
259544,404428,1.000,2359
259544,404429,1.000,2359
259545,404577,1.000,2488
259545,404578,2.000,2495
259546,404658,1.000,2359
259547,404743,1.000,2359
259548,404771,1.000,2426
259549,404725,1.000,2359
259549,404726,1.000,2359
259550,404491,1.000,2359
259550,404492,1.000,2359
259551,404694,1.000,2359
259551,404695,1.000,2359
259552,404559,1.000,2359
259553,404740,1.000,2359
259554,404504,1.000,2488
259555,404568,1.000,2450
259556,404545,1.000,2359
259556,404546,1.000,2359
259557,404549,1.000,2409
259558,404565,1.000,2458
259558,404566,1.000,405
259558,404567,2.000,672
259559,404620,1.000,2454
259559,404621,1.000,3556
259560,404711,1.000,2356
259560,404712,1.000,2356
259561,403770,1.000,2428
259561,403771,1.000,2430
259562,404716,1.000,2356
259562,404717,1.000,2356
259563,404678,1.000,2359
259563,404679,1.000,2359
259564,404741,1.000,2359
259565,404786,1.000,2373
259566,404272,1.000,2363
259566,404273,1.000,915
259567,404627,1.000,2359
259567,404628,1.000,2359
259568,404586,1.000,2359
259569,404554,1.000,2371
259570,404556,1.000,2359
259570,404557,1.000,2359
259571,404732,1.000,2356
259572,404704,1.000,2356
259572,404705,1.000,2356
259573,404379,1.000,2385
259574,404590,1.000,2703
259575,404675,1.000,2359
259575,404676,1.000,2359
259576,404606,1.000,2359
259577,404585,1.000,2385
259578,404304,1.000,2457
259578,404305,1.000,405
259579,404674,1.000,2359
259580,404083,1.000,2428
259580,404084,1.000,3379
259581,404553,1.000,2359
259582,404666,1.000,2359
259582,404667,1.000,2359
259583,404609,1.000,2488
259584,404796,1.000,2446
259585,404781,1.000,2385
259585,404782,1.000,2360
259586,404690,1.000,2359
259586,404691,1.000,2359
259587,404018,1.000,2426
259588,404298,1.000,2523
259589,404064,1.000,2428
259589,404065,1.000,491
259589,404066,1.000,599
259589,404067,1.000,490
259590,404713,1.000,2356
259591,404764,1.000,2359
259592,404785,1.000,2359
259593,404703,1.000,2352
259594,404687,1.000,2512
259595,404536,1.000,2352
259596,404801,1.000,2424
259597,404791,1.000,2512
259598,404361,1.000,2428
259598,404362,1.000,490
259598,404363,1.000,486
259598,404364,1.000,491
259599,404550,1.000,2377
259600,404537,1.000,2378
259601,404706,1.000,2352
259601,404707,1.000,2352
259602,404714,1.000,2352
259602,404715,1.000,2352
259603,404886,1.000,522
259604,404734,1.000,2352
259604,404735,1.000,2352
259605,404598,1.000,2457
259605,404599,1.000,405
259606,404723,1.000,2352
259606,404724,1.000,2352
259607,404629,1.000,2424
259608,404530,1.000,2398
259609,404809,1.000,2512
259610,404596,1.000,2352
259611,399568,1.000,2428
259611,399569,1.000,490
259611,399570,1.000,486
259611,399571,1.000,491
259612,404013,1.000,2426
259613,404544,1.000,2352
259614,404321,1.000,2416
259615,404558,1.000,2377
259616,404684,1.000,2352
259616,404685,1.000,2352
259617,404860,1.000,2352
259619,404576,1.000,2424
259620,404736,1.000,2352
259621,404050,1.000,2428
259622,404780,1.000,2352
259623,404699,1.000,2352
259623,404700,1.000,2352
259624,404721,1.000,2352
259624,404722,1.000,2352
259625,404563,1.000,2352
259625,404564,1.000,2352
259626,404623,1.000,2513
259627,404595,1.000,2352
259628,404814,1.000,2359
259628,404815,1.000,2359
259629,404489,1.000,2359
259630,404520,1.000,2359
259630,404521,1.000,2359
259631,404514,1.000,2449
259632,404616,1.000,2359
259632,404617,1.000,2359
259633,404494,1.000,2359
259633,404495,1.000,2359
259634,404742,1.000,2424
259635,404368,1.000,2449
259636,404569,1.000,2397
259637,404534,1.000,2359
259637,404535,1.000,2359
259638,404653,1.000,2359
259638,404654,1.000,2359
259639,404652,1.000,2360
259640,404677,1.000,2359
259641,404668,1.000,2360
259641,404669,1.000,2360
259642,404854,1.000,308
259643,404778,1.000,2359
259643,404779,1.000,2359
259644,404719,1.000,2359
259644,404720,1.000,2359
259645,404644,1.000,2359
259645,404645,1.000,2359
259646,404660,1.000,2359
259646,404661,1.000,2359
259647,404749,1.000,2359
259647,404750,1.000,2359
259648,404636,1.000,2359
259648,404637,1.000,2359
259649,404868,1.000,2466
259650,404758,1.000,2449
259651,404891,1.000,2359
259652,404766,1.000,2449
259653,404602,1.000,2359
259653,404603,1.000,2359
259654,404655,1.000,2359
259655,404855,1.000,2359
259656,404873,1.000,2385
259656,404874,1.000,2359
259657,404665,1.000,2359
259658,405003,1.000,2569
259659,404851,1.000,2359
259660,404642,1.000,2424
259661,404792,1.000,134
259662,404905,2.000,2512
259663,404890,1.000,2352
259664,404762,1.000,2352
259664,404763,1.000,2352
259665,404923,1.000,2352
259665,404924,1.000,2352
259666,404830,1.000,2352
259666,404831,1.000,2352
259667,404895,1.000,2352
259667,404896,1.000,2352
259668,404888,1.000,2352
259668,404889,1.000,2352
259669,404659,1.000,2424
259670,404795,1.000,2352
259671,404906,1.000,2352
259671,404907,1.000,2352
259672,404639,1.000,2359
259673,404892,1.000,2352
259673,404893,1.000,2352
259674,404751,1.000,2352
259674,404752,1.000,2352
259675,404908,1.000,2352
259675,404909,1.000,2352
259676,404920,1.000,2512
259677,404753,1.000,2354
259677,404754,1.000,2352
259678,404760,1.000,2352
259678,404761,1.000,2352
259679,405009,1.000,2569
259680,405010,2.000,2569
259681,404683,1.000,2359
259682,404672,1.000,2428
259682,404680,1.000,490
259682,404681,1.000,486
259682,404682,1.000,491
259683,404638,1.000,2446
259684,404821,1.000,2395
259684,404822,1.000,2862
259685,404959,1.000,2385
259686,404277,1.000,2428
259686,404278,1.000,3379
259687,404810,1.000,2457
259687,404811,1.000,405
259688,405124,10.000,660
259689,405126,1.000,522
259690,404845,1.000,2457
259690,404846,1.000,405
259691,404579,2.000,748
259692,404870,1.000,2458
259692,404871,1.000,405
259693,404842,1.000,2371
259694,404737,1.000,399
259695,404926,1.000,2457
259695,404927,1.000,405
259696,404875,1.000,2446
259697,404613,1.000,2369
259698,404897,1.000,2457
259698,404898,1.000,405
259699,404864,1.000,308
259700,404816,1.000,2494
259700,404817,1.000,2494
259701,404214,1.000,2428
259702,404856,1.000,2359
259702,404857,1.000,2359
259703,404838,1.000,2446
259704,404731,1.000,2385
259705,404593,1.000,2428
259706,404876,1.000,2356
259707,404881,1.000,2356
259708,404806,1.000,2359
259708,404807,1.000,2359
259709,404965,1.000,2356
259709,404966,1.000,2359
259710,404902,1.000,2356
259711,404987,1.000,2352
259712,404969,1.000,2352
259712,404970,1.000,2352
259713,404836,1.000,2352
259713,404837,1.000,2352
259714,404968,1.000,2512
259715,404946,1.000,2359
259716,404852,1.000,2356
259717,404787,1.000,399
259717,404788,1.000,2862
259718,404865,1.000,2368
259719,404798,1.000,2359
259719,404799,1.000,2359
259720,404825,1.000,2356
259721,404828,1.000,2356
259721,404829,1.000,2356
259722,404929,1.000,2457
259722,404930,1.000,405
259723,404948,1.000,2383
259724,404877,1.000,2617
259724,404878,1.000,405
259724,404879,1.000,408
259725,405067,1.000,2356
259726,404818,1.000,2460
259726,404819,1.000,405
259726,404820,1.000,408
259727,404859,1.000,2377
259728,404775,1.000,2359
259728,404776,1.000,2359
259728,404777,1.000,134
259729,404984,1.000,2359
259730,404990,1.000,2359
259730,404991,1.000,2359
259731,404843,1.000,2359
259731,404844,1.000,2359
259732,404942,1.000,2359
259733,404903,1.000,2356
259734,404901,1.000,2356
259735,404332,1.000,2802
259735,404333,1.000,787
259736,405181,25.000,660
259737,404833,1.000,2359
259738,404026,1.000,2467
259739,404882,1.000,2356
259740,404745,1.000,2461
259740,404746,1.000,405
259741,404976,1.000,2385
259742,405042,1.000,2359
259743,404880,1.000,554
259744,404951,1.000,2387
259745,405050,1.000,2392
259746,405191,1.000,2569
259747,404981,1.000,2359
259748,404369,1.000,2428
259748,404370,1.000,2862
259749,404933,1.000,2424
259750,404622,1.000,2374
259751,404869,1.000,308
259752,404900,1.000,2461
259753,404827,1.000,2472
259754,404853,1.000,2389
259755,404461,1.000,2426
259756,404835,1.000,2359
259757,404482,1.000,2384
259758,404832,1.000,2446
259759,404863,1.000,2457
259760,404597,1.000,2359
259761,404800,1.000,2387
259762,405130,1.000,2359
259763,405134,1.000,2359
259763,405135,1.000,2359
259764,404952,1.000,2359
259764,404953,1.000,2359
259765,405016,1.000,2449
259766,405006,1.000,2356
259766,405007,1.000,2356
259767,404995,1.000,2359
259767,404996,1.000,2359
259768,404962,1.000,2359
259768,404963,1.000,2359
259769,405022,1.000,2446
259770,404928,1.000,2446
259771,405004,1.000,2356
259772,404789,1.000,2359
259773,405000,1.000,2359
259773,405001,1.000,2359
259774,405032,1.000,2356
259775,404915,1.000,2359
259775,404916,1.000,2359
259776,404954,1.000,2359
259776,404955,1.000,2359
259777,405035,1.000,308
259778,404917,1.000,2359
259779,405036,1.000,2488
259780,404541,1.000,2428
259780,404542,1.000,2430
259781,404960,1.000,2359
259781,404961,1.000,2359
259782,404913,1.000,2359
259782,404914,1.000,2359
259783,404918,1.000,2356
259784,404911,1.000,2359
259784,404912,1.000,2359
259785,405027,1.000,2488
259786,405048,1.000,2359
259786,405049,1.000,2359
259787,405023,1.000,308
259788,405073,1.000,2356
259789,404934,1.000,2449
259790,404899,1.000,2359
259791,404956,1.000,2359
259792,405043,1.000,2359
259792,405044,1.000,2359
259793,404910,1.000,2359
259794,404648,1.000,2360
259794,404649,1.000,2360
259795,405002,1.000,2359
259796,405368,1.000,3954
259797,404997,1.000,2359
259798,405247,1.000,2352
259798,405248,1.000,2352
259799,405029,1.000,2352
259800,404998,1.000,2352
259800,404999,1.000,2352
259801,405222,1.000,2352
259801,405223,1.000,2352
259802,405250,1.000,2352
259803,404967,1.000,2512
259804,405019,1.000,2352
259805,405220,1.000,2359
259805,405221,1.000,2359
259806,405057,1.000,2359
259806,405058,1.000,2359
259807,404402,1.000,308
259808,404932,1.000,2573
259809,405224,1.000,2359
259809,405225,1.000,2359
259810,404972,1.000,2359
259811,405229,1.000,2359
259812,405386,2.000,2352
259812,405387,2.000,2352
259813,405030,1.000,2390
259813,405031,1.000,646
259814,404973,1.000,2449
259815,404964,1.000,2449
259816,405230,1.000,2359
259817,405390,4.000,2566
259818,404416,1.000,2426
259819,404531,1.000,2426
259820,405103,1.000,308
259820,405104,1.000,2467
259821,405287,1.000,2359
259822,404971,1.000,2488
259823,405288,1.000,2359
259823,405289,1.000,2359
259824,405056,1.000,308
259825,404939,1.000,2452
259826,404938,1.000,2452
259827,404977,1.000,2359
259827,404978,1.000,2359
259828,405240,1.000,2424
259829,404983,1.000,2359
259830,404794,1.000,2374
259831,405076,1.000,2356
259831,405077,1.000,2356
259832,405095,1.000,2359
259832,405096,1.000,2359
259833,405083,1.000,2359
259833,405084,1.000,2359
259834,404320,1.000,2449
259835,405085,1.000,2573
259836,405131,1.000,2356
259836,405132,1.000,2356
259837,405127,1.000,2356
259837,405128,1.000,2356
259838,405205,1.000,2449
259839,405161,1.000,2359
259839,405162,1.000,2359
259840,404982,1.000,2521
259841,405290,1.000,2359
259841,405291,1.000,2359
259842,405168,1.000,2356
259843,405125,1.000,2356
259844,405081,1.000,2457
259844,405082,1.000,405
259845,405177,1.000,2449
259846,404936,1.000,3402
259847,405115,1.000,2356
259848,404937,1.000,2452
259849,405089,1.000,2356
259849,405090,1.000,2356
259850,404841,1.000,2449
259851,405241,1.000,2446
259852,405324,1.000,2446
259853,405406,1.000,2446
259854,405141,1.000,2359
259854,405142,1.000,2359
259855,405321,1.000,2359
259856,405315,1.000,2359
259856,405316,1.000,2359
259857,405068,1.000,2457
259857,405069,1.000,787
259858,405200,1.000,2457
259858,405201,1.000,405
259859,405144,1.000,2359
259860,404980,1.000,2359
259861,405013,1.000,2459
259861,405014,1.000,405
259861,405015,1.000,408
259862,405070,1.000,2359
259863,405310,1.000,2356
259863,405311,1.000,2356
259864,405156,1.000,2359
259865,405285,1.000,2363
259865,405286,1.000,2359
259866,405091,1.000,2359
259867,405236,1.000,2356
259867,405237,1.000,2356
259868,404986,1.000,2359
259869,405119,1.000,2359
259869,405120,1.000,2359
259870,405398,1.000,2359
259870,405399,1.000,2359
259871,405209,1.000,399
259872,405097,1.000,2424
259873,405197,1.000,2442
259874,405189,1.000,2457
259874,405190,1.000,405
259875,405150,1.000,2512
259876,405086,1.000,2767
259876,405087,1.000,2473
259877,405462,1.000,2352
259878,405033,1.000,2449
259879,405242,1.000,2424
259880,405041,1.000,2397
259881,405322,1.000,2424
259882,405107,1.000,2352
259882,405108,1.000,2352
259883,405037,1.000,2449
259884,405034,2.000,2352
259885,405337,1.000,2352
259885,405338,1.000,2352
259886,405159,1.000,2359
259886,405160,1.000,2359
259887,405105,1.000,2359
259887,405106,1.000,2359
259888,405364,1.000,2352
259889,405179,1.000,2352
259889,405180,1.000,2352
259890,405295,1.000,2352
259890,405296,1.000,2352
259891,405079,1.000,2352
259891,405080,1.000,2352
259892,405345,1.000,2352
259892,405346,1.000,2359
259893,405204,1.000,2352
259894,405370,1.000,2352
259895,405305,1.000,2352
259896,405297,1.000,2352
259896,405298,1.000,2352
259897,405207,1.000,2352
259897,405208,1.000,2352
259898,405425,1.000,2512
259899,405336,1.000,2352
259900,405299,1.000,2352
259901,405182,1.000,2352
259902,405358,1.000,2352
259903,405347,1.000,2352
259904,405110,1.000,2352
259904,405111,1.000,2352
259905,405175,1.000,2352
259905,405176,1.000,2352
259906,405185,1.000,2387
259907,405253,1.000,2352
259908,404759,1.000,2428
259909,405123,1.000,2352
259910,405066,1.000,2352
259911,404957,1.000,401
259911,404958,1.000,646
259912,405064,1.000,2416
259913,405173,1.000,399
259914,405169,1.000,399
259915,405062,1.000,2449
259916,405410,1.000,2424
259917,405028,1.000,2386
259918,405365,1.000,2363
259919,405121,1.000,2359
259919,405122,1.000,2352
259920,405557,1.000,2569
259921,405101,1.000,2352
259921,405102,1.000,2359
259922,404945,1.000,2398
259923,405109,1.000,2356
259924,405664,1.000,3876
259925,405263,1.000,2359
259925,405264,1.000,2359
259926,405052,1.000,2368
259927,405147,1.000,2359
259927,405148,1.000,2359
259928,405116,1.000,2446
259929,405559,1.000,2359
259929,405560,1.000,2359
259930,405569,1.000,2359
259931,405277,1.000,2359
259932,405558,1.000,2359
259933,405025,1.000,399
259934,405017,1.000,2359
259934,405018,1.000,2359
259935,405051,1.000,2368
259936,404656,1.000,2363
259937,404858,1.000,2428
259938,404919,1.000,308
259939,405464,1.000,2359
259939,405465,1.000,2359
259940,405278,1.000,2356
259941,404935,1.000,2392
259942,404772,1.000,2428
259942,404773,1.000,2430
259943,405040,1.000,2377
259944,405055,1.000,2377
259945,405227,1.000,2359
259945,405228,1.000,2359
259946,405047,1.000,2359
259947,405273,1.000,2356
259947,405274,1.000,2359
259948,405588,1.000,2359
259948,405589,1.000,2359
259949,405258,1.000,2352
259950,405267,1.000,2352
259950,405268,1.000,2352
259951,405251,1.000,2352
259951,405252,4.000,134
259952,405283,1.000,2352
259953,405567,1.000,2352
259953,405568,1.000,2352
259954,405603,1.000,2512
259955,405566,1.000,2512
259956,405561,1.000,2352
259956,405562,1.000,2352
259957,405489,2.000,2512
259958,405583,1.000,2359
259958,405584,1.000,2359
259959,405256,1.000,2356
259959,405257,1.000,2359
259960,405059,1.000,2359
259960,405060,1.000,2359
259960,405061,1.000,134
259961,405163,1.000,2359
259961,405164,1.000,2359
259962,404949,1.000,2387
259963,405705,1.000,2446
259964,405563,1.000,2352
259964,405564,4.000,134
259965,405613,1.000,2352
259965,405614,1.000,2352
259966,405604,1.000,2352
259966,405605,1.000,2352
259967,405817,1.000,522
259968,405195,1.000,2457
259968,405196,1.000,405
259969,405088,1.000,308
259970,405117,1.000,2446
259971,404943,1.000,2457
259971,404944,1.000,405
259972,405192,1.000,2457
259972,405193,1.000,405
259973,405118,1.000,308
259974,404940,1.000,2459
259974,404941,1.000,405
259975,405155,1.000,2446
259976,405170,1.000,2457
259976,405171,1.000,405
259977,405231,1.000,2449
259978,405078,1.000,2368
259979,405165,1.000,2359
259979,405166,1.000,2359
259980,405188,1.000,2363
259981,405129,1.000,2363
259982,405245,1.000,2446
259983,405711,1.000,2356
259983,405712,1.000,2359
259984,405243,1.000,2457
259984,405244,1.000,405
259985,405238,1.000,2457
259985,405239,1.000,787
259986,405020,1.000,2457
259986,405021,1.000,787
259987,405113,1.000,2428
259988,405100,1.000,2359
259989,405183,1.000,2363
259991,405112,1.000,2359
259992,405136,1.000,2359
259992,405137,1.000,2359
259993,405359,1.000,399
259993,405360,1.000,646
259994,405657,1.000,308
259995,405331,1.000,308
259996,405157,1.000,2359
259996,405158,1.000,2359
259997,405114,1.000,2359
259998,404921,1.000,2501
259998,404922,1.000,2983
259999,405756,1.000,2457
259999,405757,1.000,405
260000,405455,1.000,2457
260000,405456,1.000,405
260001,405332,1.000,2359
260002,405554,1.000,376
260003,405555,1.000,2428
260004,405539,1.000,2359
260004,405540,1.000,2359
260005,405586,1.000,308
260006,405093,1.000,2467
260006,405094,1.000,2446
260007,405143,1.000,2368
260008,405098,1.000,2488
260008,405099,1.000,2467
260009,405149,1.000,2371
260010,405414,1.000,2359
260010,405415,1.000,2359
260010,405416,1.000,1323
260011,405484,1.000,2424
260012,405355,1.000,399
260013,405071,1.000,2359
260014,405186,1.000,2457
260014,405187,1.000,787
260015,405545,1.000,2449
260016,405351,1.000,2428
260017,405139,1.000,2367
260018,405643,1.000,2359
260018,405645,1.000,2359
260019,405154,1.000,2452
260020,404988,1.000,2363
260021,404884,1.000,2446
260022,404823,1.000,2428
260022,404824,1.000,2862
260023,405145,1.000,2428
260023,405146,2.000,2430
260024,405063,1.000,2359
260025,405527,1.000,2395
260025,405528,1.000,2356
260026,405536,1.000,2356
260026,405537,1.000,2356
260027,404985,1.000,2428
260028,405325,1.000,2424
260029,404826,1.000,2428
260030,405133,1.000,2371
260031,404989,1.000,2359
260032,405428,1.000,2356
260033,404619,1.000,399
260034,405356,1.000,2359
260034,405357,1.000,2359
260035,405198,1.000,2457
260035,405199,1.000,405
260036,405335,1.000,2449
260037,405578,1.000,2449
260038,405660,1.000,2387
260039,405513,1.000,531
260040,404419,1.000,2428
260041,405329,1.000,2461
260041,405330,1.000,405
260042,405478,1.000,2359
260042,405479,1.000,2359
260043,404950,1.000,2387
260044,404580,1.000,2460
260044,404581,1.000,405
260044,404582,1.000,408
260044,404583,2.000,748
260045,405512,1.000,2390
260046,405151,1.000,2446
260047,405140,1.000,2446
260048,404992,1.000,2458
260048,404993,1.000,405
260048,405490,1.000,490
260048,405491,1.000,486
260048,405492,1.000,491
260049,405184,2.000,748
260050,404947,1.000,2352
260051,405437,1.000,2450
260052,405532,1.000,2352
260052,405533,1.000,2352
260053,405538,1.000,2424
260054,405005,1.000,2378
260055,405411,1.000,2359
260056,405682,1.000,2352
260057,405039,1.000,2929
260058,405448,1.000,2352
260058,405449,1.000,2352
260059,405436,1.000,2352
260060,405404,1.000,2664
260061,405407,1.000,2352
260061,405408,1.000,2352
260062,405318,1.000,2424
260063,405642,1.000,2511
260064,405454,1.000,2424
260065,405623,1.000,2495
260066,405409,1.000,2618
260067,405232,1.000,2460
260067,405233,1.000,405
260067,405234,1.000,408
260067,405235,1.000,748
260068,405881,1.000,2356
260069,405882,2.000,660
260070,405174,1.000,2478
260071,405445,1.000,2359
260071,405446,1.000,2359
260072,405300,1.000,2460
260072,405301,1.000,405
260072,405510,1.000,408
260073,405352,1.000,2387
260074,405328,1.000,308
260075,405317,1.000,2425
260076,405313,1.000,2449
260076,405314,1.000,748
260077,405312,1.000,2906
260078,405294,1.000,2446
260079,405292,1.000,2359
260079,405293,1.000,2359
260080,405282,1.000,2449
260081,405279,1.000,2359
260082,405255,1.000,2385
260083,405226,1.000,2359
260084,405219,1.000,2368
260085,405218,1.000,3704
260086,405216,1.000,2359
260086,405217,1.000,2359
260087,405214,1.000,2359
260087,405215,1.000,2359
260088,405511,1.000,2449
260089,405521,1.000,2481
260089,405522,1.000,2423
260091,405326,1.000,2395
260092,405276,1.000,2359
260093,405275,1.000,2359
260094,405265,1.000,2359
260094,405266,1.000,2359
260095,405262,1.000,2359
260096,405261,1.000,2446
260097,405260,1.000,2359
260098,405254,1.000,2446
260099,405249,1.000,2449
260100,405487,1.000,2359
260100,405488,1.000,2359
260101,405482,1.000,2446
260102,405480,1.000,2356
260103,405477,1.000,2424
260104,405590,1.000,2359
260104,405591,1.000,2359
260105,405658,1.000,2356
260105,405659,1.000,2352
260106,405616,1.000,2356
260106,405617,1.000,2356
260107,405601,1.000,2356
260107,405602,1.000,2359
260108,405691,1.000,2356
260108,405692,1.000,2356
260109,405698,1.000,2356
260110,405641,1.000,3738
260111,405883,1.000,3738
260112,405610,1.000,2512
260113,405651,1.000,2352
260114,405900,1.000,2352
260114,405901,1.000,2352
260115,405647,1.000,2352
260115,405648,1.000,2352
260116,405903,1.000,2352
260116,405904,1.000,2352
260117,405906,1.000,2352
260118,405709,1.000,2352
260118,405710,1.000,2352
260119,405902,1.000,2359
260120,405654,1.000,2352
260121,405798,1.000,2356
260121,405799,1.000,2356
260122,405038,1.000,2428
260123,405862,1.000,2356
260124,405608,1.000,2424
260125,405930,3.000,2569
260126,406066,10.000,660
260127,406074,1.000,3408
260128,406080,32.000,660
260129,406082,1.000,3408
260130,406085,45.000,660
260130,406086,2.000,3363
260131,406087,20.000,660
260132,406088,1.000,3408
260133,406090,10.000,660
260134,406091,1.000,3408
260135,406094,20.000,660
260135,406095,2.000,3363
260136,405895,1.000,2359
260136,405896,1.000,2359
260137,405892,1.000,2368
260138,405376,1.000,2359
260139,405868,1.000,2446
260140,405206,1.000,2942
260141,405766,1.000,2356
260142,405470,1.000,2359
260143,405457,1.000,2359
260143,405458,1.000,2359
260144,405362,1.000,399
260144,405363,1.000,3379
260145,405858,1.000,2424
260146,405053,1.000,2395
260147,405400,1.000,2371
260148,405735,1.000,2356
260149,405343,1.000,2359
260149,405344,1.000,2359
260150,405389,1.000,2424
260151,405453,1.000,2424
260152,405333,1.000,2428
260152,405334,1.000,2387
260153,405379,1.000,609
260153,405380,1.000,399
260153,405381,1.000,599
260154,405718,1.000,2371
260155,405592,1.000,2359
260155,405593,1.000,2359
260156,405632,1.000,2359
260156,405633,1.000,2359
260157,405596,1.000,2359
260158,405594,1.000,2359
260158,405595,1.000,2359
260159,405606,1.000,2359
260159,405607,1.000,2359
260160,405650,1.000,2359
260161,405625,1.000,2359
260161,405626,1.000,2359
260162,405636,1.000,2359
260162,405637,1.000,2359
260163,405374,1.000,2387
260163,405375,1.000,2387
260164,405543,1.000,2457
260164,405544,1.000,405
260165,405714,1.000,2446
260166,405869,1.000,2494
260167,406011,1.000,2356
260167,406012,1.000,2356
260167,406013,1.000,646
260168,405706,1.000,2449
260169,405570,1.000,2359
260170,405888,1.000,2359
260170,405889,1.000,2359
260171,405717,1.000,2449
260172,405518,1.000,1098
260173,405611,1.000,2359
260173,405612,1.000,2359
260174,405638,1.000,2359
260175,405571,1.000,2359
260176,405382,1.000,2395
260177,405694,1.000,2449
260178,406181,1.000,2359
260178,406182,1.000,2359
260179,405696,1.000,2449
260180,405620,1.000,2385
260181,406034,1.000,2359
260182,405974,1.000,2446
260183,405700,1.000,2359
260183,405701,1.000,2359
260184,406175,1.000,2356
260184,406176,1.000,2356
260185,405644,1.000,2359
260185,405646,1.000,2359
260186,405927,1.000,2481
260187,405621,1.000,2359
260187,405622,1.000,2359
260188,405976,1.000,2449
260189,405634,1.000,2449
260190,405699,1.000,2449
260191,405939,1.000,2360
260191,405940,1.000,2360
260192,406020,1.000,2424
260193,405922,1.000,2359
260193,405923,1.000,2359
260194,405777,1.000,2359
260195,405914,1.000,2359
260196,405615,1.000,308
260197,406072,1.000,2356
260197,406073,1.000,2356
260198,405884,1.000,2360
260198,405885,1.000,2360
260199,405893,1.000,2352
260199,405894,1.000,2352
260200,405024,1.000,399
260201,405618,1.000,2352
260201,405619,1.000,2352
260202,406062,1.000,2512
260203,405822,1.000,2516
260204,406186,1.000,2352
260205,405944,1.000,2352
260205,405945,1.000,2352
260206,406049,1.000,2352
260206,406050,1.000,2352
260207,405918,1.000,2352
260207,405919,1.000,2352
260208,406009,1.000,2352
260208,406010,1.000,2352
260209,406184,1.000,2352
260210,406069,1.000,2352
260210,406070,1.000,2352
260211,405672,1.000,2390
260211,405673,1.000,646
260212,406056,1.000,2352
260212,406057,1.000,2352
260213,406214,1.000,2352
260214,405541,1.000,2458
260214,405542,1.000,405
260215,405707,1.000,2449
260216,405661,1.000,2390
260216,405662,1.000,672
260216,405663,1.000,3122
260217,405665,1.000,2390
260217,405669,1.000,646
260218,405401,1.000,2359
260219,405502,1.000,2467
260220,405405,1.000,2446
260221,405505,1.000,399
260221,405506,1.000,3379
260221,405507,2.000,672
260222,405443,1.000,2359
260222,405444,1.000,2359
260223,405572,1.000,2446
260224,405471,1.000,2449
260225,405435,1.000,2446
260226,405655,1.000,2467
260227,405531,1.000,2467
260228,405463,1.000,2359
260229,405719,1.000,2356
260229,405720,1.000,2356
260230,405353,1.000,2457
260230,405354,1.000,405
260231,405327,1.000,2467
260232,405074,1.000,2428
260232,405075,1.000,3379
260233,405534,1.000,2467
260234,405548,1.000,2359
260234,405550,1.000,2359
260235,405485,1.000,2457
260235,405486,1.000,405
260236,405378,1.000,2446
260237,405447,1.000,2372
260238,405394,1.000,2359
260238,405395,1.000,2359
260239,405474,1.000,2459
260239,405475,1.000,405
260239,405476,1.000,408
260240,405384,1.000,2449
260241,405535,1.000,308
260242,405859,1.000,2424
260243,405767,1.000,399
260244,405473,1.000,2372
260245,405426,1.000,2390
260246,405439,1.000,308
260247,405649,1.000,2359
260248,405442,1.000,2359
260249,405438,1.000,2359
260250,405385,1.000,399
260251,405675,1.000,3284
260252,405801,1.000,2449
260253,405582,1.000,2449
260254,405361,1.000,2389
260255,406209,1.000,2457
260255,406210,1.000,405
260256,406195,1.000,2457
260257,405431,1.000,2359
260257,405432,1.000,2359
260258,405552,1.000,2359
260259,405880,1.000,2426
260260,405553,1.000,2428
260261,405393,1.000,2359
260262,405366,1.000,2458
260262,405367,1.000,405
260263,405494,1.000,405
260263,405495,1.000,408
260263,405501,1.000,2460
260264,406096,1.000,2467
260265,405508,1.000,2359
260265,405509,1.000,2359
260266,405306,1.000,399
260266,405307,1.000,2862
260267,405280,1.000,2458
260267,405281,1.000,405
260268,405653,1.000,2387
260269,406137,1.000,308
260270,405417,1.000,2458
260270,405418,1.000,405
260271,405758,1.000,2467
260272,405765,1.000,2356
260274,405812,1.000,2356
260274,405813,1.000,2356
260275,405246,1.000,2359
260276,405860,2.000,308
260277,405269,1.000,2426
260277,405270,1.000,2433
260278,405433,1.000,2359
260278,405434,1.000,2359
260279,405152,1.000,2428
260279,405153,2.000,2430
260280,405915,1.000,2424
260281,405194,1.000,2428
260282,405990,1.000,2424
260283,405323,1.000,2416
260284,405879,1.000,2387
260285,405823,1.000,2359
260286,405726,1.000,2359
260287,405806,1.000,2449
260288,405825,1.000,2359
260288,405826,1.000,2359
260289,405402,1.000,2359
260289,405403,1.000,2359
260290,405759,1.000,2381
260290,405760,1.000,2862
260291,405587,1.000,2359
260292,406295,16.000,660
260292,406296,2.000,3363
260293,405949,1.000,399
260294,405810,1.000,2359
260294,405811,1.000,2359
260295,405420,1.000,2428
260295,405421,1.000,2430
260295,405422,1.000,486
260295,405423,1.000,490
260295,405424,1.000,491
260296,405876,1.000,2424
260297,406299,2.000,522
260298,405905,1.000,2423
260299,404847,1.000,2428
260299,404848,1.000,490
260299,404849,1.000,486
260299,404850,1.000,491
260300,406300,1.000,490
260301,405985,1.000,2424
260302,405987,1.000,399
260303,406301,1.000,2569
260304,405789,1.000,2446
260305,405787,1.000,2446
260306,405791,1.000,2446
260307,405451,1.000,2359
260307,405452,1.000,2359
260308,405723,1.000,2359
260309,405666,1.000,2446
260310,405961,1.000,2473
260310,405962,1.000,2767
260311,406105,1.000,2352
260311,406106,1.000,2352
260312,406004,1.000,2446
260313,406163,1.000,2352
260313,406164,1.000,2352
260314,405670,1.000,2449
260315,406161,1.000,2352
260315,406162,1.000,2352
260316,405392,1.000,2359
260317,405748,1.000,2352
260318,405459,1.000,2361
260319,405733,1.000,2352
260320,405912,1.000,2352
260321,405781,1.000,2457
260321,405782,1.000,405
260322,405341,1.000,2352
260322,405342,1.000,2352
260323,405792,1.000,2457
260323,405793,1.000,405
260324,405736,1.000,2387
260325,405396,1.000,2359
260325,405397,1.000,2359
260326,405785,1.000,2352
260326,405786,1.000,134
260327,406185,1.000,2352
260328,405745,1.000,2359
260328,405746,1.000,2359
260329,405743,1.000,3738
260330,405913,1.000,2352
260331,406102,1.000,2352
260331,406103,1.000,2352
260332,405721,1.000,2352
260332,405722,1.000,2352
260333,405320,1.000,2495
260334,405770,1.000,2352
260334,405771,1.000,2352
260335,406170,1.000,2352
260335,406171,1.000,2352
260336,405728,1.000,2352
260336,405729,1.000,2352
260337,405934,1.000,2352
260337,405935,1.000,2352
260338,405740,1.000,2352
260338,405741,1.000,2352
260339,406042,1.000,2358
260339,406043,1.000,2356
260340,406133,1.000,2352
260340,406134,1.000,2352
260341,406153,1.000,2359
260341,406154,1.000,2359
260342,405815,1.000,2352
260343,406131,1.000,2359
260344,406192,1.000,2352
260344,406193,1.000,2352
260345,406100,1.000,2352
260345,406101,1.000,2352
260346,405639,1.000,2352
260346,405640,1.000,2352
260347,405529,1.000,2457
260347,405530,1.000,405
260348,405968,1.000,2359
260349,406068,1.000,2352
260350,405932,1.000,2359
260350,405933,1.000,2359
260351,405924,1.000,2352
260351,405925,1.000,2352
260351,405926,1.000,134
260352,405877,1.000,2363
260353,405667,1.000,2359
260353,405668,1.000,2359
260354,405429,1.000,2359
260354,405430,1.000,2359
260355,406128,1.000,2390
260356,405724,1.000,2359
260356,405725,1.000,2359
260357,405703,1.000,2356
260357,405704,1.000,2356
260358,405715,1.000,2359
260358,405716,1.000,2359
260359,406108,1.000,2359
260359,406109,1.000,2359
260360,405768,1.000,2359
260360,405769,1.000,2359
260361,405515,1.000,2460
260361,405516,1.000,405
260361,405517,1.000,408
260362,406207,1.000,2359
260362,406208,1.000,2359
260363,406179,1.000,2359
260363,406180,1.000,2359
260364,406187,1.000,2359
260364,406188,1.000,2359
260365,405762,1.000,2359
260365,405763,1.000,2359
260366,405820,1.000,2359
260366,405821,1.000,2359
260367,405731,1.000,399
260367,405732,1.000,3379
260368,406060,1.000,2359
260368,406061,1.000,2359
260369,405773,1.000,2359
260369,405774,1.000,2359
260370,405339,1.000,2359
260370,405340,1.000,2359
260371,406205,1.000,2359
260371,406206,1.000,2359
260372,405980,1.000,2359
260372,405981,1.000,2359
260373,405814,1.000,2449
260374,405875,1.000,2449
260375,405681,1.000,2449
260376,405737,1.000,2359
260376,405738,1.000,2359
260377,405956,1.000,2359
260378,405372,1.000,815
260378,405373,1.000,915
260379,405752,1.000,2460
260379,405753,1.000,405
260379,405754,1.000,408
260380,405920,1.000,2359
260380,405921,1.000,2359
260381,406212,1.000,2459
260381,406213,1.000,405
260382,405749,1.000,2521
260383,405783,1.000,2359
260383,405784,1.000,2359
260384,405775,1.000,2449
260385,405802,1.000,2449
260386,406172,1.000,2356
260386,406173,1.000,2356
260387,405412,1.000,2457
260387,405413,1.000,405
260387,405468,1.000,522
260388,405514,1.000,400
260389,405652,1.000,2449
260390,405688,1.000,2449
260391,405878,1.000,2426
260392,405971,2.000,2997
260393,405054,1.000,2387
260394,405778,1.000,2552
260395,406303,1.000,2359
260395,406304,1.000,2359
260396,405441,1.000,405
260396,406099,1.000,2802
260397,405523,1.000,2428
260397,405524,1.000,490
260397,405525,1.000,486
260397,405526,1.000,491
260398,406218,1.000,2512
260399,405656,1.000,2359
260400,405755,1.000,2359
260401,406014,1.000,2352
260401,406015,1.000,2862
260402,406083,1.000,2359
260402,406084,1.000,2359
260403,406054,1.000,2359
260403,406055,1.000,2359
260404,405898,1.000,2359
260404,405899,1.000,2359
260405,405963,1.000,2359
260405,405964,1.000,2359
260406,406007,1.000,2494
260406,406008,1.000,2446
260407,406002,1.000,2359
260407,406003,1.000,2359
260408,405936,1.000,2481
260409,406022,1.000,2359
260409,406023,1.000,2359
260410,406324,1.000,2481
260411,406325,1.000,2359
260411,406326,1.000,2359
260412,406005,1.000,2359
260412,406006,1.000,2359
260413,405969,1.000,2359
260414,405941,1.000,2359
260415,406297,1.000,2359
260415,406298,1.000,2359
260416,406222,1.000,2356
260416,406223,1.000,2356
260417,406000,1.000,2376
260418,406058,1.000,2359
260418,406059,1.000,2359
260419,405890,1.000,2359
260419,405891,1.000,2359
260420,405928,1.000,2359
260421,406065,1.000,308
260422,405950,1.000,2359
260422,405951,1.000,2359
260422,405952,2.000,134
260423,406202,1.000,2359
260423,406203,1.000,2359
260424,405886,1.000,2359
260424,405887,1.000,2359
260425,405942,1.000,2359
260426,406229,1.000,2356
260426,406230,1.000,2356
260427,405982,1.000,2446
260428,406047,1.000,2424
260429,405779,1.000,2428
260429,405780,2.000,2430
260430,406092,1.000,2446
260431,405984,1.000,2449
260432,405997,1.000,2449
260433,405989,1.000,2449
260434,406019,1.000,2359
260435,406149,1.000,2458
260435,406150,1.000,405
260436,405973,1.000,2449
260437,406255,1.000,2359
260438,405986,1.000,2449
260439,405991,1.000,2449
260440,405988,1.000,2449
260441,406048,1.000,2359
260442,405979,1.000,2449
260443,405983,1.000,2449
260444,405750,1.000,2359
260444,405751,1.000,2359
260445,405911,1.000,399
260446,405460,1.000,399
260446,405461,1.000,2862
260447,405797,1.000,399
260448,406244,1.000,2395
260448,406245,1.000,2359
260449,405929,1.000,308
260450,406331,1.000,2352
260451,406219,1.000,2352
260451,406220,1.000,2352
260452,406226,1.000,2352
260452,406227,1.000,2352
260453,406237,1.000,2352
260454,406252,1.000,2512
260455,406198,1.000,2352
260455,406199,1.000,2352
260456,406232,1.000,2360
260457,406104,1.000,2552
260458,406514,1.000,2352
260458,406515,1.000,134
260459,406256,1.000,2352
260460,406224,1.000,2356
260460,406225,1.000,2356
260461,406516,1.000,2352
260462,406029,1.000,2460
260462,406030,1.000,405
260462,406031,1.000,408
260463,406110,1.000,2359
260464,406249,1.000,2356
260464,406250,1.000,2356
260465,406025,1.000,535
260466,406077,1.000,2397
260466,406078,1.000,915
260466,406079,1.000,2387
260467,405996,1.000,2449
260468,406290,1.000,2377
260469,406291,1.000,2395
260469,406292,1.000,2356
260470,406327,1.000,2352
260470,406328,1.000,2352
260471,406052,1.000,2397
260471,406053,1.000,2389
260472,406329,1.000,2352
260473,406338,1.000,2352
260473,406339,1.000,2352
260474,406333,1.000,2352
260474,406334,1.000,2359
260475,406341,1.000,2352
260475,406342,1.000,2352
260476,406335,1.000,2352
260476,406336,1.000,2352
260477,406533,1.000,408
260478,406355,1.000,2428
260479,406437,1.000,399
260480,406561,12.000,4027
260481,406390,1.000,2359
260481,406391,1.000,2359
260482,406609,1.000,1129
260483,405727,1.000,2488
260484,405808,1.000,2457
260484,405809,1.000,405
260485,406148,1.000,2424
260486,406121,1.000,2359
260486,406122,1.000,2359
260487,406127,1.000,2377
260488,406228,1.000,2494
260489,406132,1.000,308
260490,405907,1.000,399
260491,405391,1.000,2446
260492,406266,1.000,2359
260492,406267,1.000,2359
260493,405730,1.000,2359
260494,405739,1.000,2359
260495,406356,1.000,2980
260496,406177,1.000,2359
260496,406178,1.000,2359
260497,405818,1.000,2359
260497,405819,1.000,2359
260498,406313,1.000,2356
260499,405742,1.000,2359
260500,406097,1.000,2359
260500,406098,1.000,2359
260501,405419,1.000,2428
260502,405795,1.000,2446
260503,406024,1.000,2387
260504,406124,1.000,2359
260505,405678,1.000,2490
260506,405734,1.000,2555
260507,405679,1.000,2359
260508,406017,1.000,2359
260508,406018,1.000,2359
260509,405863,1.000,2457
260509,405864,1.000,405
260509,405865,1.000,2457
260509,405866,1.000,787
260510,406404,1.000,2356
260510,406405,1.000,2356
260511,406125,1.000,2359
260512,405800,1.000,2359
260513,405687,1.000,2392
260514,406271,1.000,2359
260515,406169,1.000,308
260516,406274,1.000,2359
260517,405585,1.000,2392
260518,405910,1.000,2368
260519,406694,1.000,2446
260520,405796,1.000,2450
260521,406711,1.000,2375
260522,406713,1.000,2352
260522,406714,1.000,2352
260523,405503,1.000,2428
260523,405504,2.000,2430
260524,406467,1.000,2359
260524,406468,1.000,2359
260525,405804,1.000,2457
260525,405805,1.000,405
260526,406123,1.000,2377
260527,406167,1.000,2359
260528,405947,1.000,2385
260528,405948,1.000,2359
260529,406032,1.000,2359
260529,406033,1.000,2359
260530,406146,1.000,399
260531,406286,1.000,2449
260532,406135,1.000,2387
260533,405747,1.000,2450
260534,405695,1.000,3077
260535,405689,1.000,2457
260535,405690,1.000,405
260536,405824,1.000,2450
260537,406471,2.000,308
260538,406035,1.000,2449
260538,406036,1.000,2495
260539,405861,1.000,2459
260540,406525,1.000,2357
260540,406526,1.000,2357
260541,406412,1.000,399
260542,406545,1.000,308
260543,406183,1.000,3946
260544,406413,1.000,2352
260544,406414,1.000,2352
260545,406730,1.000,2509
260546,406348,1.000,2352
260546,406349,1.000,2352
260547,406406,1.000,2352
260547,406407,1.000,2352
260548,406547,1.000,2352
260549,406408,1.000,2352
260549,406409,1.000,2352
260550,406470,1.000,2352
260551,406277,1.000,2352
260551,406278,1.000,2352
260552,406485,1.000,2352
260552,406486,1.000,2352
260553,406527,1.000,2359
260554,406364,1.000,2356
260555,406528,1.000,2458
260555,406529,1.000,405
260556,406275,1.000,2359
260557,406374,1.000,2356
260557,406375,1.000,2356
260558,406194,1.000,2359
260559,405916,1.000,2359
260559,405917,1.000,2359
260560,405579,1.000,2460
260560,405580,1.000,405
260560,405581,1.000,408
260561,406421,1.000,3194
260562,405598,1.000,2458
260562,405599,1.000,405
260563,406464,1.000,2359
260564,406119,1.000,2359
260564,406120,1.000,2359
260565,406453,1.000,2424
260566,406026,1.000,2360
260567,405908,1.000,2458
260567,405909,1.000,405
260568,406191,1.000,2359
260569,405794,1.000,2428
260570,405764,1.000,2481
260571,406037,1.000,2382
260571,406038,1.000,408
260572,406045,1.000,2377
260573,406449,1.000,2356
260574,406483,1.000,2352
260575,406746,1.000,2359
260576,406749,1.000,2352
260576,406750,1.000,2352
260577,406465,1.000,2352
260577,406466,1.000,2352
260578,406834,1.000,2359
260578,406835,1.000,2359
260579,406204,1.000,2377
260580,406482,1.000,2359
260581,405573,1.000,2428
260581,405574,1.000,486
260581,405575,1.000,490
260581,405576,1.000,491
260582,406200,1.000,2359
260582,406201,1.000,2359
260583,406932,2.000,2352
260584,406253,1.000,2359
260584,406254,1.000,2359
260585,406447,1.000,2359
260585,406448,1.000,2359
260586,406251,1.000,2359
260587,406350,1.000,2359
260587,406351,1.000,2359
260588,406373,1.000,2359
260589,406247,1.000,2359
260589,406248,1.000,2359
260590,406427,1.000,2359
260590,406428,1.000,2359
260591,406354,1.000,2359
260592,406455,1.000,2356
260592,406456,1.000,2352
260593,406367,1.000,2359
260594,406476,1.000,2359
260595,406262,1.000,2359
260596,406360,1.000,2359
260596,406361,1.000,2359
260597,406319,1.000,2488
260598,406473,1.000,2356
260598,406474,1.000,2356
260599,406258,1.000,2378
260600,406386,1.000,2359
260600,406387,1.000,2359
260601,406419,1.000,2359
260601,406420,1.000,2359
260602,406344,1.000,2359
260603,406235,1.000,2359
260603,406236,1.000,2359
260604,406378,1.000,2359
260605,406380,1.000,2359
260605,406381,1.000,2359
260606,406388,1.000,2446
260607,406371,1.000,2359
260608,406263,1.000,2359
260609,406666,1.000,2494
260610,406358,1.000,2359
260610,406359,1.000,2359
260611,406724,1.000,2352
260611,406725,1.000,2352
260612,406451,1.000,2352
260612,406452,1.000,2352
260613,406597,1.000,2352
260614,406495,1.000,2352
260615,406450,1.000,2352
260616,406261,1.000,2359
260617,406021,1.000,2469
260618,406346,1.000,2446
260619,406778,1.000,2352
260619,406779,1.000,2352
260620,406370,1.000,2352
260621,406233,1.000,2360
260621,406234,1.000,2360
260622,406330,1.000,2445
260623,406238,1.000,2359
260624,406221,1.000,2359
260625,406270,1.000,2387
260626,406493,1.000,2352
260627,406765,1.000,2352
260627,406766,1.000,2352
260628,406345,1.000,2512
260629,406767,1.000,2512
260630,406957,1.000,2352
260630,406958,1.000,2352
260631,406347,1.000,2352
260632,406477,1.000,2512
260633,406259,1.000,2359
260634,406260,1.000,2387
260635,406630,1.000,2460
260635,406631,1.000,405
260635,406632,1.000,408
260636,406257,1.000,2387
260637,406462,1.000,2377
260638,406562,1.000,2387
260639,406890,1.000,2359
260640,406372,1.000,2359
260641,406352,1.000,2359
260641,406353,1.000,2359
260642,406363,1.000,2473
260643,406436,1.000,2352
260644,406902,1.000,2359
260645,406174,1.000,2446
260646,406071,1.000,2449
260647,406272,1.000,2359
260647,406273,1.000,2359
260648,406113,1.000,2359
260649,406165,1.000,2446
260650,406067,1.000,2450
260651,406520,1.000,2357
260651,406521,1.000,2357
260652,406538,1.000,2356
260652,406539,1.000,2356
260653,406727,1.000,2356
260654,406634,1.000,2457
260654,406635,1.000,405
260655,406643,1.000,399
260656,406269,1.000,2449
260657,406673,1.000,2594
260658,406692,1.000,2352
260658,406693,1.000,2352
260659,406676,1.000,2359
260660,406610,1.000,2398
260661,406129,1.000,2449
260662,406728,1.000,2356
260663,406001,1.000,2360
260664,405943,1.000,2446
260665,405946,1.000,2446
260666,406305,1.000,2359
260667,406316,1.000,2359
260668,406152,1.000,2446
260669,406126,1.000,2359
260670,405803,1.000,2449
260671,406046,1.000,2395
260672,405994,1.000,2359
260672,405995,1.000,2359
260673,405519,2.000,2495
260673,405520,2.000,684
260674,406625,1.000,2472
260675,406315,1.000,2446
260676,406284,1.000,2457
260676,406285,1.000,405
260677,406891,1.000,2457
260677,406892,1.000,405
260678,406289,1.000,2446
260679,406063,1.000,2458
260679,406064,1.000,405
260680,405957,1.000,2459
260680,405958,1.000,405
260680,405959,1.000,408
260681,406231,1.000,2494
260682,405776,1.000,2446
260683,406550,1.000,2359
260683,406551,1.000,2359
260684,406144,1.000,2457
260684,406145,1.000,787
260685,406016,1.000,2446
260686,406600,1.000,2359
260686,406601,1.000,2359
260687,406075,1.000,2428
260687,406076,1.000,2430
260688,405998,1.000,2457
260688,405999,1.000,405
260689,406662,1.000,2424
260690,406478,1.000,2457
260690,406479,1.000,405
260691,406151,1.000,399
260692,406593,1.000,2360
260692,406594,1.000,2360
260693,406652,1.000,2424
260694,405953,1.000,2428
260694,405954,1.000,2430
260695,406308,1.000,399
260696,406306,1.000,2387
260697,406618,1.000,2356
260698,406997,1.000,2457
260698,406998,1.000,405
260700,406996,1.000,2446
260701,406314,1.000,2359
260703,405970,1.000,2449
260704,406142,1.000,2457
260704,406143,1.000,787
260705,405972,1.000,2440
260706,406155,1.000,399
260706,406156,1.000,2862
260707,406592,1.000,2356
260708,406622,1.000,2356
260709,406684,1.000,399
260710,406546,1.000,2425
260711,406566,1.000,2359
260712,406444,1.000,2424
260713,406322,1.000,399
260713,406323,1.000,2862
260714,406659,1.000,2424
260715,406586,1.000,2360
260715,406587,1.000,2360
260716,406343,1.000,2446
260717,406530,1.000,2359
260717,406531,1.000,2359
260718,406760,1.000,2359
260718,406761,1.000,2359
260719,406130,2.000,2494
260720,406111,1.000,2395
260721,406700,1.000,2359
260722,407004,1.000,2980
260723,406139,1.000,2458
260723,406140,1.000,405
260724,406454,1.000,2392
260725,406913,1.000,2664
260726,405966,1.000,2381
260726,405967,1.000,408
260727,406434,1.000,2458
260727,406435,1.000,405
260728,406598,1.000,2359
260728,406599,1.000,2359
260729,406901,1.000,2359
260730,406608,1.000,2359
260731,406852,35.000,660
260732,407147,30.000,660
260733,406114,1.000,2460
260733,406115,1.000,405
260734,406936,1.000,2356
260735,406565,1.000,2385
260736,406157,1.000,2428
260736,406158,1.000,490
260736,406159,1.000,486
260736,406160,1.000,491
260737,406815,1.000,399
260738,406731,1.000,3194
260739,406311,1.000,2449
260740,405992,1.000,2446
260740,405993,1.000,2424
260741,405867,1.000,2416
260742,406293,1.000,2359
260742,406294,1.000,2359
260743,406903,1.000,2460
260743,406904,1.000,405
260744,406649,1.000,2424
260745,406540,1.000,2352
260745,406541,1.000,2352
260746,406580,1.000,2352
260747,406715,1.000,2352
260747,406716,1.000,2352
260748,406578,1.000,2352
260749,406281,1.000,2352
260749,406282,1.000,2352
260750,406736,1.000,2352
260750,406737,1.000,2352
260751,406616,1.000,2352
260751,406617,1.000,2352
260752,406644,1.000,2352
260752,406645,1.000,2352
260753,406576,1.000,2352
260754,406537,1.000,2512
260755,406636,1.000,2352
260755,406637,1.000,2352
260755,406638,1.000,2359
260755,406639,1.000,2359
260755,406640,2.000,134
260756,406591,1.000,2512
260758,406536,1.000,2352
260759,406570,1.000,2352
260760,406283,1.000,2359
260761,407154,1.000,2359
260761,407155,1.000,2359
260762,406501,1.000,2457
260762,406502,1.000,405
260763,407210,1.000,2359
260764,406497,1.000,2384
260764,406498,1.000,2359
260765,406362,1.000,2449
260766,406832,1.000,2359
260766,406833,1.000,2359
260767,407047,1.000,2449
260768,406915,1.000,2356
260768,406916,1.000,2359
260769,406365,1.000,2359
260770,406900,1.000,2424
260771,406810,1.000,2352
260771,406811,1.000,2352
260772,406543,1.000,2359
260772,406544,1.000,2359
260773,406559,1.000,2359
260774,407017,1.000,2359
260775,406480,1.000,2359
260775,406481,1.000,2359
260776,406384,1.000,2359
260776,406385,1.000,2359
260777,407254,3.000,2512
260778,406397,1.000,2359
260778,406398,1.000,2359
260779,406089,1.000,2428
260780,406402,1.000,2377
260781,406930,1.000,2356
260782,406393,1.000,2359
260782,406394,1.000,2359
260783,406403,1.000,2446
260784,406560,1.000,2446
260785,407099,1.000,2371
260786,406469,1.000,2446
260787,406395,1.000,2458
260787,406396,1.000,405
260788,406425,1.000,531
260788,406426,1.000,3556
260789,407078,1.000,2359
260789,407079,1.000,2359
260790,406492,1.000,2471
260791,406475,1.000,2449
260792,406504,1.000,2387
260793,406458,1.000,2428
260794,406376,1.000,2446
260795,406431,1.000,2488
260796,407007,1.000,2356
260796,407008,1.000,2356
260797,406357,1.000,2449
260798,407095,1.000,2359
260798,407096,1.000,2359
260799,406430,1.000,815
260800,407156,1.000,2359
260801,406975,1.000,2359
260802,406951,1.000,2356
260802,406952,1.000,2356
260803,406383,1.000,2359
260804,406805,1.000,2512
260805,407086,1.000,2352
260806,406922,1.000,2352
260806,406923,1.000,2352
260807,406917,1.000,2352
260807,406918,1.000,2352
260808,407272,1.000,2352
260809,407273,1.000,2352
260809,407274,1.000,2352
260810,407279,1.000,522
260811,407269,1.000,2359
260812,407270,1.000,2352
260812,407271,1.000,2352
260813,406337,1.000,2446
260814,407043,1.000,2446
260815,406679,1.000,2457
260815,406680,1.000,405
260816,406677,1.000,2457
260816,406678,1.000,405
260817,406320,1.000,2449
260818,406671,1.000,2457
260819,407176,1.000,2359
260820,406445,1.000,308
260821,407118,1.000,2409
260822,406670,1.000,399
260823,406624,1.000,2359
260824,406040,1.000,2428
260824,406041,2.000,3379
260825,407266,1.000,308
260826,406442,1.000,2378
260827,406720,1.000,2359
260827,406721,1.000,2359
260828,406668,1.000,2457
260828,406669,1.000,405
260829,406845,1.000,2457
260829,406846,1.000,405
260830,406287,1.000,2489
260831,406956,2.000,2424
260832,406743,1.000,399
260833,407181,1.000,2359
260834,406584,1.000,2359
260834,406585,1.000,2359
260835,406648,1.000,2449
260836,406340,1.000,2446
260837,405965,1.000,2428
260838,406784,1.000,2371
260839,406734,1.000,2359
260839,406735,1.000,2359
260840,406309,1.000,2428
260840,406310,1.000,2430
260841,406842,1.000,2359
260841,406843,1.000,2359
260842,406595,1.000,2359
260842,406596,1.000,2359
260843,407435,1.000,1129
260844,406698,1.000,2359
260844,406699,1.000,2359
260845,406905,1.000,2462
260845,406906,1.000,405
260846,406588,1.000,2359
260846,406589,1.000,2359
260847,406535,1.000,2377
260848,406682,1.000,2457
260848,406683,1.000,405
260849,406712,1.000,2359
260850,407116,1.000,2409
260851,405960,1.000,2428
260852,406569,1.000,2359
260853,407130,1.000,2385
260854,406989,1.000,2457
260854,406990,1.000,405
260855,405046,1.000,1090
260856,406439,1.000,2457
260856,406440,1.000,405
260857,406633,1.000,2359
260858,406899,1.000,399
260859,406582,1.000,2356
260859,406583,1.000,2356
260860,406681,1.000,2371
260861,406719,1.000,2371
260862,406744,1.000,399
260863,406510,1.000,2449
260864,406757,1.000,2359
260864,406758,1.000,2359
260865,406489,1.000,2449
260866,406813,1.000,2457
260866,406814,1.000,405
260867,407277,1.000,2356
260868,406511,1.000,2449
260869,406422,1.000,2458
260869,406423,1.000,405
260870,406499,1.000,2457
260870,406500,1.000,405
260871,406674,1.000,2428
260872,406417,1.000,2458
260872,406418,1.000,405
260873,407276,1.000,2356
260874,406312,1.000,308
260875,407234,1.000,2359
260875,407235,1.000,2359
260876,406424,1.000,2387
260877,406686,1.000,2457
260877,406687,1.000,405
260878,406976,1.000,399
260879,406675,1.000,2428
260880,406503,1.000,2446
260881,406459,1.000,2457
260881,406460,1.000,405
260882,406571,1.000,2359
260882,406572,1.000,2359
260883,406722,1.000,2371
260884,406753,1.000,2356
260884,406754,1.000,2356
260885,406567,1.000,2439
260886,406081,1.000,2428
260887,406317,1.000,2442
260887,406318,1.000,3120
260888,407275,1.000,2356
260889,406791,1.000,2458
260889,406792,1.000,405
260889,406793,1.000,486
260889,406794,1.000,490
260889,406795,1.000,491
260890,406770,1.000,2460
260890,406771,1.000,405
260890,406772,1.000,408
260891,406368,1.000,2458
260891,406369,1.000,405
260892,407052,1.000,2424
260893,406896,1.000,2400
260894,406542,1.000,2359
260895,406196,1.000,2443
260895,406197,1.000,3120
260896,407065,1.000,2390
260896,407066,1.000,646
260896,407067,1.000,748
260897,407375,1.000,2457
260897,407376,1.000,405
260898,406555,1.000,2424
260899,407127,1.000,2352
260899,407128,1.000,2352
260900,407038,1.000,2416
260901,406112,1.000,2428
260902,406960,1.000,2424
260903,407026,1.000,2352
260903,407027,1.000,2352
260904,407186,1.000,2359
260904,407187,1.000,2359
260905,406986,1.000,2352
260905,406987,1.000,2352
260906,406849,1.000,2384
260907,406441,1.000,2359
260908,406581,1.000,2359
260909,407261,1.000,2459
260909,407262,1.000,405
260909,407263,1.000,408
260910,406709,1.000,2359
260910,406710,1.000,2359
260911,406496,1.000,2359
260912,406763,1.000,2363
260913,406942,1.000,2356
260914,406738,1.000,2359
260914,406739,1.000,2359
260915,407188,1.000,2359
260915,407189,1.000,2359
260916,406577,1.000,2359
260917,407137,1.000,2352
260918,407236,1.000,2352
260919,406607,1.000,2352
260920,407450,1.000,2359
260921,407102,1.000,2352
260922,407246,1.000,2352
260923,407451,1.000,2359
260923,407452,1.000,2359
260924,407097,1.000,2352
260924,407098,1.000,2352
260925,407213,1.000,2352
260926,406579,1.000,2352
260927,407061,1.000,2352
260927,407062,1.000,2352
260928,407164,1.000,2352
260929,407217,1.000,2352
260929,407218,1.000,2352
260930,407083,1.000,2352
260930,407084,1.000,2352
260931,407174,1.000,2352
260931,407175,1.000,2359
260932,407022,1.000,2352
260932,407023,1.000,2352
260933,407454,1.000,2359
260933,407455,1.000,2359
260934,406620,1.000,2359
260934,406621,1.000,2359
260935,407122,1.000,2352
260935,407123,1.000,2352
260936,407453,1.000,2359
260937,406279,1.000,2460
260937,406280,1.000,405
260938,407456,1.000,2352
260938,407457,1.000,2352
260939,407649,1.000,2352
260939,407650,1.000,2352
260940,407414,1.000,2352
260940,407415,1.000,2352
260941,407283,1.000,2352
260941,407284,1.000,2356
260942,407405,1.000,2352
260942,407407,1.000,2352
260943,407410,1.000,2512
260943,407411,1.000,2512
260944,407396,1.000,2352
260944,407397,1.000,2352
260945,407320,1.000,2352
260945,407321,1.000,2352
260946,407367,1.000,2352
260946,407368,1.000,2352
260947,407196,1.000,2356
260947,407197,1.000,2356
260948,406924,1.000,2359
260948,406925,1.000,2359
260949,406907,1.000,2359
260949,406908,1.000,2359
260950,406781,1.000,2359
260950,406782,1.000,2359
260951,406768,1.000,2359
260951,406769,1.000,2359
260952,406959,1.000,2477
260953,406928,1.000,2359
260953,406929,1.000,2359
260954,406775,1.000,2359
260955,406773,1.000,2449
260956,406777,1.000,2449
260957,406830,1.000,2359
260957,406831,1.000,2359
260958,406818,1.000,2359
260958,406819,1.000,2359
260959,406803,1.000,2359
260959,406804,1.000,2359
260960,407069,1.000,2359
260961,406854,1.000,2356
260961,406855,1.000,2356
260962,406808,1.000,2359
260962,406809,1.000,2359
260963,406776,1.000,2449
260964,407382,1.000,2424
260965,407528,1.000,2424
260966,406980,1.000,2424
260967,406726,1.000,2359
260968,406838,1.000,2359
260968,406839,1.000,2359
260969,406802,1.000,308
260970,406853,1.000,2359
260971,407552,1.000,2359
260971,407553,1.000,2359
260972,406783,1.000,2387
260973,406895,1.000,2359
260974,406751,1.000,2359
260974,406752,1.000,2359
260975,407091,1.000,2360
260976,406780,1.000,2449
260977,407255,1.000,2356
260977,407256,1.000,2356
260978,406941,1.000,2371
260979,407179,1.000,2359
260979,407180,1.000,2359
260980,407199,1.000,2359
260980,407200,1.000,2359
260981,407412,1.000,2373
260982,407516,1.000,2352
260982,407517,1.000,2352
260983,407459,1.000,2352
260983,407460,1.000,2352
260984,407531,1.000,2352
260985,407190,1.000,2352
260985,407191,1.000,2352
260986,407548,1.000,2352
260986,407549,1.000,2352
260987,407525,1.000,2352
260988,406828,1.000,2359
260988,406829,1.000,2359
260989,407286,1.000,2359
260989,407287,1.000,2359
260990,407383,1.000,2424
260991,406926,1.000,2460
260991,406927,1.000,405
260992,407561,1.000,2356
260992,407562,1.000,2356
260993,407352,1.000,2352
260994,407289,1.000,2359
260994,407290,1.000,2359
260995,407504,1.000,2359
260996,407231,1.000,2352
260997,407328,1.000,2352
260997,407329,1.000,2352
260998,407480,1.000,2352
260998,407481,1.000,2352
260999,407533,1.000,2352
261000,407598,1.000,2352
261000,407599,1.000,2352
261001,407592,1.000,2359
261001,407593,1.000,2359
261002,407687,1.000,2352
261002,407688,1.000,2352
261003,407109,1.000,399
261004,406747,1.000,2449
261005,407403,1.000,399
261006,407247,1.000,2424
261007,406646,1.000,2428
261008,407844,1.000,2446
261009,406984,1.000,2359
261009,406985,1.000,2359
261010,407028,1.000,2359
261010,407029,1.000,2359
261011,406519,1.000,2449
261012,407444,1.000,2424
261013,407014,1.000,2359
261013,407015,1.000,2359
261014,406619,1.000,2449
261015,406534,1.000,2449
261016,407030,1.000,2359
261016,407031,1.000,2359
261017,406740,1.000,2457
261017,406741,1.000,405
261018,406967,1.000,2359
261018,406968,1.000,2359
261019,406664,1.000,2428
261019,406665,1.000,2430
261020,407889,1.000,2446
261021,406762,1.000,2428
261022,406653,1.000,2428
261023,406623,1.000,2449
261024,406626,1.000,308
261025,406759,1.000,308
261026,407404,1.000,2356
261027,406532,1.000,2471
261028,407075,1.000,2359
261028,407076,1.000,2359
261029,406981,1.000,2356
261029,406982,1.000,2356
261030,407140,1.000,2356
261030,407141,1.000,2356
261031,406438,1.000,2387
261032,407482,1.000,2356
261032,407483,1.000,2356
261033,406667,1.000,308
261034,406641,1.000,2449
261035,407841,1.000,2359
261036,406733,1.000,2359
261037,406611,1.000,2428
261037,406612,1.000,490
261037,406613,1.000,486
261037,406614,1.000,491
261038,407082,1.000,2356
261039,406701,1.000,2446
261040,406651,1.000,2359
261041,407165,1.000,2371
261042,407010,1.000,2359
261042,407011,1.000,2359
261043,406973,1.000,2359
261043,406974,1.000,2359
261044,407546,1.000,2458
261044,407547,1.000,405
261045,407012,1.000,2359
261045,407013,1.000,2359
261046,407184,1.000,2446
261047,407111,1.000,399
261048,407264,1.000,2359
261048,407265,1.000,2359
261049,407135,1.000,2371
261050,407323,1.000,2356
261051,407225,1.000,2359
261051,407226,1.000,2359
261052,406824,1.000,2457
261052,406825,1.000,405
261053,407018,1.000,2359
261053,407019,1.000,2359
261054,407443,1.000,2356
261055,407401,1.000,2356
261055,407402,1.000,2356
261056,406604,1.000,408
261057,406786,1.000,2494
261058,407842,1.000,2387
261058,407843,1.000,2387
261059,406401,1.000,2481
261060,407055,1.000,2452
261061,406507,1.000,490
261061,406508,1.000,599
261061,406509,1.000,491
261062,406796,1.000,308
261063,407722,1.000,308
261064,406615,1.000,308
261065,407886,1.000,2387
261066,407429,1.000,2359
261066,407430,1.000,2359
261067,407361,1.000,2356
261067,407362,1.000,2356
261068,407449,1.000,2356
261069,407103,1.000,2379
261070,406628,1.000,2449
261071,407823,1.000,2467
261072,406657,1.000,2458
261072,406658,1.000,405
261073,406432,1.000,2428
261073,406433,1.000,2430
261074,406962,1.000,2359
261074,406963,1.000,2359
261075,407386,1.000,2359
261075,407387,1.000,2359
261076,406707,1.000,2457
261076,406708,1.000,405
261077,406697,1.000,2446
261078,406494,2.000,308
261079,407849,1.000,2446
261080,406557,1.000,2446
261081,407049,1.000,2363
261082,407824,1.000,3393
261083,406410,1.000,2458
261083,406411,1.000,405
261084,406518,1.000,2450
261085,406822,1.000,2457
261085,406823,1.000,405
261086,407054,1.000,2359
261087,406909,2.000,2495
261087,406910,1.000,376
261088,406307,1.000,2449
261089,406745,1.000,2446
261090,406789,1.000,2457
261090,406790,1.000,405
261091,406933,1.000,2460
261091,406934,1.000,748
261091,406935,1.000,408
261092,406705,1.000,2457
261092,406706,1.000,405
261093,407162,1.000,399
261094,408000,23.000,660
261094,408001,2.000,3363
261095,407074,1.000,2395
261096,407623,1.000,2424
261097,408002,10.000,660
261098,406742,1.000,2449
261099,403636,1.000,399
261100,407051,1.000,2359
261101,407221,1.000,2359
261101,407222,1.000,2359
261102,407050,1.000,2359
261103,406685,1.000,2458
261104,408003,46.000,660
261105,406961,1.000,399
261106,408004,1.000,3408
261107,406702,1.000,2458
261107,406703,1.000,405
261108,406690,1.000,2463
261108,406691,1.000,405
261109,406695,1.000,2458
261109,406696,1.000,405
261110,407596,1.000,2359
261110,407597,1.000,2359
261111,407591,1.000,2359
261112,406816,1.000,2458
261113,406820,1.000,2382
261113,406821,1.000,408
261114,407845,1.000,2449
261115,406688,1.000,2458
261115,406689,1.000,405
261116,407781,1.000,2356
261117,406663,1.000,2449
261118,407727,1.000,2511
261119,406912,1.000,2519
261120,407426,1.000,2352
261120,407427,1.000,2359
261121,407655,1.000,2352
261121,407656,1.000,2352
261123,407698,1.000,2352
261124,407526,1.000,2352
261124,407527,1.000,2352
261125,407718,1.000,2352
261126,407652,1.000,2352
261126,407653,1.000,2352
261127,407760,1.000,2352
261127,407761,1.000,2352
261128,407900,1.000,2352
261128,407901,1.000,2352
261129,407898,1.000,2352
261129,407899,1.000,2352
261130,407463,1.000,2352
261130,407464,1.000,2352
261131,407699,1.000,2352
261131,407700,1.000,2352
261132,407758,1.000,2352
261132,407759,1.000,2352
261133,408023,1.000,2352
261133,408024,1.000,2352
261134,408025,1.000,2449
261135,408021,1.000,2352
261135,408022,1.000,2352
261136,408019,2.000,2352
261136,408020,2.000,2352
261137,407152,1.000,2359
261137,407153,1.000,2359
261138,408042,1.000,2352
261138,408043,1.000,2352
261139,407885,1.000,2377
261140,408085,1.000,3975
261141,407896,1.000,2395
261142,407431,1.000,3475
261143,407893,1.000,2387
261144,407228,1.000,2359
261144,407229,1.000,2862
261145,407890,1.000,2377
261146,407790,1.000,3738
261146,407791,1.000,2512
261146,407792,1.000,2352
261147,408018,1.000,2352
261148,407738,1.000,2352
261148,407739,1.000,2352
261149,407855,1.000,2352
261149,407856,1.000,2352
261150,407731,1.000,2352
261151,408090,1.000,2352
261151,408091,1.000,2352
261152,407346,1.000,2359
261153,407281,1.000,2359
261153,407282,1.000,2359
261154,407712,1.000,2359
261154,407713,1.000,2359
261155,407215,1.000,2359
261155,407216,1.000,2359
261156,408026,1.000,2359
261157,407513,1.000,2357
261157,407514,1.000,2357
261158,407212,1.000,2359
261159,407798,1.000,2389
261160,407230,1.000,2359
261161,407208,1.000,2359
261161,407209,1.000,2359
261162,407219,1.000,2359
261163,407204,1.000,2363
261164,407202,1.000,2359
261164,407203,1.000,2359
261165,408131,1.000,2352
261166,407194,1.000,2359
261166,407195,1.000,2359
261167,407167,1.000,2360
261168,407248,1.000,2359
261169,407192,1.000,2363
261169,407193,1.000,2359
261170,407933,1.000,2359
261170,407934,1.000,2359
261171,407413,1.000,2359
261172,407398,1.000,2359
261172,407399,1.000,2359
261173,407394,1.000,2359
261173,407395,1.000,2359
261174,407381,1.000,2359
261175,407379,1.000,2359
261175,407380,1.000,2359
261176,407378,1.000,2359
261177,407372,1.000,2359
261178,407358,1.000,2359
261178,407359,1.000,2359
261179,407349,1.000,2359
261179,407350,1.000,2359
261180,407330,1.000,2359
261180,407331,1.000,2359
261181,407613,1.000,2356
261181,407614,1.000,2356
261182,407384,1.000,2359
261182,407385,1.000,2359
261183,407629,1.000,2356
261183,407630,1.000,2356
261184,407360,1.000,2449
261185,407295,1.000,2449
261186,407743,1.000,2356
261186,407744,1.000,2356
261187,407567,1.000,2356
261187,407568,1.000,2356
261187,407569,1.000,134
261188,407523,1.000,2356
261188,407524,1.000,2356
261189,407646,1.000,2356
261189,407647,1.000,2359
261190,407322,1.000,2449
261191,407260,1.000,2449
261192,407297,1.000,2449
261193,407878,1.000,2458
261193,407879,1.000,405
261193,407880,1.000,486
261193,407881,1.000,490
261193,407882,1.000,491
261194,408054,1.000,2359
261195,407521,1.000,2356
261196,407370,1.000,2450
261197,408100,1.000,2450
261198,407750,1.000,399
261199,407304,1.000,2458
261199,407305,1.000,405
261200,407572,2.000,2495
261200,407573,1.000,2495
261201,407894,1.000,2389
261202,407325,1.000,2359
261202,407326,1.000,2359
261203,407337,1.000,2449
261204,407207,1.000,399
261205,407332,1.000,2359
261205,407333,1.000,2359
261206,407484,1.000,2359
261206,407485,1.000,2359
261207,407476,1.000,2359
261207,407477,1.000,2359
261208,407895,1.000,2425
261209,407831,1.000,2382
261209,407832,1.000,408
261210,407003,1.000,2446
261211,406993,1.000,2449
261212,406992,1.000,2449
261213,407837,1.000,2359
261213,407838,1.000,2359
261214,408203,2.000,660
261214,408204,2.000,3363
261214,408205,1.000,3384
261215,408209,1.000,2509
261216,406415,1.000,2458
261216,406416,1.000,405
261217,407442,1.000,2359
261218,407921,1.000,2395
261219,407020,1.000,2359
261219,407021,1.000,2359
261220,407753,1.000,2424
261221,407233,1.000,2394
261222,406505,1.000,2486
261223,406979,1.000,399
261224,407136,1.000,2359
261225,407081,1.000,2385
261226,407177,1.000,2359
261226,407178,1.000,2359
261227,406563,1.000,2467
261228,406965,1.000,2359
261228,406966,1.000,2359
261229,407317,1.000,2356
261229,407318,1.000,2356
261230,406955,1.000,2446
261231,406748,1.000,2467
261232,406590,1.000,2467
261233,406943,1.000,2359
261234,406490,1.000,2457
261234,406491,1.000,405
261235,407089,1.000,2488
261236,407059,1.000,2359
261236,407060,1.000,2359
261237,407570,1.000,2359
261237,407571,1.000,2359
261238,407034,1.000,2457
261238,407035,1.000,405
261239,406797,1.000,2460
261239,406798,1.000,405
261239,406799,1.000,408
261240,407250,1.000,2359
261240,407251,1.000,2359
261241,408078,1.000,2446
261242,406548,1.000,2446
261243,406506,1.000,2446
261244,407471,1.000,2359
261244,407472,1.000,2359
261245,406800,1.000,2495
261245,406801,1.000,684
261246,407494,1.000,2359
261247,407036,1.000,2359
261247,407037,1.000,2359
261248,407090,1.000,2447
261249,407161,1.000,2359
261250,407554,1.000,2387
261251,407566,1.000,2363
261252,407922,1.000,2356
261252,407923,1.000,2359
261253,408046,1.000,2494
261253,408047,1.000,2494
261253,408048,1.000,2495
261254,407201,1.000,2359
261255,407479,1.000,2359
261256,407445,1.000,2446
261257,407433,1.000,2488
261258,407765,1.000,308
261259,406971,1.000,2359
261259,406972,1.000,2359
261260,407041,1.000,2359
261260,407042,1.000,2359
261261,406568,1.000,2983
261262,407992,1.000,2359
261262,407993,1.000,2359
261263,407205,1.000,2387
261264,407100,1.000,2359
261264,407101,1.000,2359
261265,406977,1.000,2359
261266,407620,1.000,2359
261267,407267,1.000,2356
261267,407268,1.000,2356
261268,406944,1.000,2359
261268,406945,1.000,2359
261269,407139,1.000,2385
261270,407434,1.000,2390
261271,406850,1.000,2359
261271,406851,1.000,2359
261272,407048,1.000,2359
261273,407541,1.000,2359
261274,407058,1.000,2368
261275,407671,1.000,2481
261276,407163,1.000,2359
261277,406549,1.000,2381
261277,406552,1.000,408
261277,406553,1.000,3122
261278,407071,1.000,2359
261278,407072,1.000,2359
261279,408102,1.000,2359
261280,406893,1.000,2428
261280,406894,1.000,2430
261281,407160,1.000,399
261282,407448,1.000,2428
261283,407535,1.000,2387
261284,407866,1.000,2458
261284,407867,1.000,405
261285,407148,1.000,531
261286,407858,1.000,2395
261287,406856,1.000,3512
261288,407146,1.000,2452
261289,406988,1.000,2446
261290,407068,1.000,531
261291,407159,1.000,3512
261292,406573,1.000,2428
261292,406574,1.000,490
261292,406575,1.000,486
261293,406513,1.000,2416
261294,406512,1.000,2416
261295,408152,1.000,2352
261295,408153,1.000,2352
261296,408159,1.000,2510
261296,408160,1.000,2510
261297,407974,1.000,2352
261297,407975,1.000,2352
261298,408145,1.000,2352
261299,408148,1.000,2352
261300,408066,1.000,2352
261300,408067,1.000,2352
261301,407907,1.000,2512
261302,408093,1.000,2352
261303,408087,1.000,2352
261304,407981,1.000,2352
261304,407982,1.000,2352
261305,407458,1.000,2481
261306,407519,1.000,2359
261306,407520,1.000,2359
261307,406991,1.000,2449
261308,407198,1.000,2996
261309,407509,1.000,2359
261309,407510,1.000,2359
261310,408149,1.000,2446
261311,407166,1.000,2449
261312,407799,1.000,2458
261312,407800,1.000,405
261312,407801,1.000,486
261312,407802,1.000,490
261312,407803,1.000,491
261312,407804,1.000,3148
261313,406940,1.000,2359
261314,407257,1.000,2359
261314,407258,1.000,2359
261315,407182,1.000,2449
261316,407474,1.000,2359
261316,407475,1.000,2359
261317,408044,1.000,2359
261318,406994,1.000,2359
261318,406995,1.000,2359
261319,407244,1.000,2359
261319,407245,1.000,2359
261320,407777,1.000,2359
261320,407778,1.000,2359
261321,407249,1.000,2359
261322,407951,1.000,2359
261322,407952,1.000,2359
261323,407232,1.000,2359
261324,407117,1.000,2359
261325,408030,1.000,2352
261326,407581,1.000,2359
261326,407582,1.000,2359
261327,407400,1.000,2359
261328,407953,1.000,2356
261328,407954,1.000,2356
261329,407365,1.000,2359
261329,407366,1.000,2359
261330,407917,1.000,2356
261331,407540,1.000,2359
261332,407779,1.000,2359
261332,407780,1.000,2359
261333,407544,1.000,2359
261334,406764,1.000,2449
261335,407314,1.000,2359
261335,407315,1.000,2359
261336,407124,1.000,2359
261336,407125,1.000,2359
261337,407874,1.000,2458
261337,407875,1.000,405
261338,408299,2.000,2352
261339,407354,1.000,2359
261339,407355,1.000,2359
261340,407436,1.000,2363
261341,407446,1.000,2359
261341,407447,1.000,2359
261342,407774,1.000,2463
261342,407775,1.000,405
261342,407776,1.000,408
261343,407465,1.000,2359
261343,407466,1.000,2359
261344,407788,1.000,2371
261345,408086,1.000,2359
261346,407857,1.000,2449
261347,407498,1.000,2387
261348,407142,1.000,2359
261349,408329,1.000,2512
261350,407994,1.000,2352
261350,407995,1.000,2352
261350,407996,2.000,134
261351,408365,20.000,660
261352,408178,1.000,2356
261352,408179,1.000,2356
261353,407643,1.000,2359
261353,407644,1.000,2359
261354,407710,1.000,2359
261354,407711,1.000,2359
261355,407732,1.000,2446
261356,407313,1.000,2377
261357,407783,1.000,2371
261358,407638,1.000,2359
261358,407639,1.000,2359
261359,407327,1.000,2449
261360,407600,1.000,2359
261360,407601,1.000,2359
261361,407559,1.000,2360
261361,407560,1.000,2360
261362,407419,1.000,2359
261362,407420,1.000,2359
261363,407511,1.000,2356
261363,407512,1.000,2356
261364,407303,1.000,2449
261365,407542,1.000,2360
261365,407543,1.000,2360
261366,407280,1.000,2449
261367,407766,1.000,2359
261367,407767,1.000,2359
261368,407768,1.000,2359
261368,407769,1.000,2359
261369,407877,1.000,2470
261370,407873,1.000,2470
261371,407696,1.000,2359
261371,407697,1.000,2359
261372,407316,1.000,2449
261373,407575,1.000,2359
261374,408134,1.000,2359
261374,408135,1.000,2359
261375,407557,1.000,2360
261375,407558,1.000,2360
261376,406897,1.000,2428
261376,406898,1.000,2430
261377,407826,1.000,2359
261377,407827,1.000,2359
261378,407310,1.000,2449
261379,407723,1.000,2359
261379,407724,1.000,2359
261380,407679,1.000,2356
261380,407680,1.000,2356
261381,407651,1.000,2359
261382,407618,1.000,2356
261382,407619,1.000,2356
261383,408379,1.000,2495
261384,407340,1.000,2457
261384,407341,1.000,405
261385,407278,1.000,2471
261386,407694,1.000,2371
261387,408404,1.000,2359
261388,407693,1.000,2449
261389,407583,1.000,2359
261390,408185,1.000,2352
261390,408186,1.000,2352
261391,408165,1.000,2352
261392,408346,1.000,2352
261392,408347,1.000,2352
261393,408189,1.000,2352
261394,408213,1.000,2352
261394,408214,1.000,2352
261395,408199,1.000,2352
261396,408308,1.000,2352
261397,408305,1.000,2352
261398,408111,1.000,2352
261398,408112,1.000,2352
261399,408168,1.000,2352
261399,408169,1.000,2352
261400,407675,1.000,2359
261400,407676,1.000,2359
261401,408187,1.000,2356
261401,408188,1.000,2356
261402,407092,1.000,490
261402,407093,1.000,2428
261402,407094,1.000,486
261403,407603,1.000,2359
261403,407604,1.000,2359
261404,407828,1.000,531
261404,407829,1.000,3556
261405,407300,1.000,2449
261406,407206,1.000,2449
261407,407754,1.000,2359
261408,407301,1.000,2449
261409,407214,1.000,2446
261410,407291,1.000,2446
261411,407288,1.000,2446
261412,407351,1.000,2449
261413,407285,1.000,2449
261414,407324,1.000,2449
261415,407716,1.000,2359
261415,407717,1.000,2359
261416,407579,1.000,2359
261416,407580,1.000,2359
261417,407259,1.000,2446
261418,407612,1.000,2359
261419,407635,1.000,2385
261420,407462,1.000,2428
261421,407751,1.000,2359
261421,407752,1.000,2359
261422,408201,1.000,2359
261422,408202,1.000,2359
261423,408174,1.000,2359
261423,408175,1.000,2359
261424,407728,1.000,2359
261425,407860,1.000,2360
261425,407861,1.000,2360
261426,407536,1.000,2356
261426,407537,1.000,2356
261427,407294,1.000,2446
261428,407806,1.000,2387
261429,407302,1.000,2449
261430,407334,1.000,2449
261431,408415,1.000,2352
261432,408417,2.000,2352
261432,408418,2.000,2352
261433,407468,1.000,2359
261433,407469,1.000,2359
261434,408422,1.000,399
261435,407674,1.000,2449
261436,408258,1.000,2424
261437,407633,1.000,2359
261437,407634,1.000,2359
261438,408027,1.000,2356
261438,408028,1.000,2356
261439,408170,1.000,2449
261440,407853,1.000,2359
261440,407854,1.000,2359
261441,407319,1.000,2494
261442,408163,1.000,2359
261442,408164,1.000,2359
261443,407669,1.000,2359
261443,407670,1.000,2359
261444,408177,1.000,2359
261445,408097,1.000,2371
261446,407488,1.000,2359
261447,407887,1.000,2428
261447,407888,1.000,2430
261448,408424,1.000,3738
261449,408425,1.000,2359
261449,408426,1.000,2359
261450,407764,1.000,2359
261451,407406,1.000,399
261452,408431,1.000,2359
261453,408376,1.000,2352
261453,408377,1.000,2352
261454,408208,1.000,2359
261455,407126,1.000,2481
261456,407143,1.000,308
261457,407104,1.000,2442
261457,407105,1.000,3120
261458,407046,1.000,2481
261459,406774,1.000,2449
261460,407944,1.000,2360
261460,407945,1.000,2360
261461,408410,1.000,2352
261461,408411,1.000,2352
261462,408271,1.000,2352
261463,408259,1.000,2352
261463,408260,1.000,2352
261464,408370,1.000,2352
261465,408407,1.000,2352
261465,408408,1.000,2352
261466,408294,1.000,2352
261466,408295,1.000,2352
261467,408105,1.000,2352
261467,408106,1.000,2352
261468,408362,1.000,2512
261469,408354,1.000,2352
261469,408355,1.000,2352
261470,408402,1.000,2352
261470,408403,1.000,2352
261471,408334,1.000,2352
261472,408352,1.000,2352
261472,408353,1.000,2352
261473,407871,1.000,2446
261473,407872,1.000,2467
261474,407025,1.000,2446
261475,406656,1.000,2426
261476,407085,1.000,2488
261477,406950,1.000,2378
261478,407106,1.000,2488
261479,407039,1.000,2457
261479,407040,1.000,405
261480,407185,1.000,2449
261481,407990,1.000,2449
261481,407991,1.000,2586
261482,408129,1.000,2446
261483,407005,1.000,308
261484,407132,1.000,308
261485,407024,1.000,2449
261486,406964,1.000,308
261487,407296,1.000,308
261488,408033,1.000,2618
261489,407432,1.000,2359
261490,407416,1.000,2378
261491,407532,1.000,308
261492,407211,1.000,308
261493,407144,1.000,2457
261493,407145,1.000,405
261494,407924,1.000,2356
261494,407925,1.000,2356
261495,407119,1.000,2457
261495,407120,1.000,405
261496,407503,1.000,2356
261497,407864,1.000,2359
261497,407865,1.000,2359
261498,407672,1.000,531
261498,407673,1.000,2387
261499,407786,1.000,2450
261499,407787,1.000,2467
261500,407377,1.000,2428
261501,407338,1.000,2359
261502,408051,1.000,2424
261503,407437,1.000,2359
261503,407438,1.000,2359
261504,407223,1.000,2385
261504,407224,1.000,2359
261505,407473,1.000,2359
261506,406939,1.000,399
261507,407771,1.000,2359
261508,407253,1.000,2359
261509,408053,1.000,2368
261510,407292,1.000,2359
261510,407293,1.000,2359
261511,408220,1.000,2359
261512,407391,1.000,2359
261512,407392,1.000,2359
261513,406948,1.000,2426
261513,406949,1.000,2433
261514,407565,1.000,2365
261515,407594,1.000,2457
261515,407595,1.000,405
261516,407588,1.000,2457
261516,407589,1.000,405
261517,408088,1.000,2457
261517,408089,1.000,405
261518,407311,1.000,2359
261518,407312,1.000,2359
261519,407308,1.000,2359
261519,407309,1.000,2359
261520,407131,1.000,2360
261521,407306,1.000,399
261522,407298,1.000,2359
261522,407299,1.000,2359
261523,407782,1.000,2356
261524,406983,1.000,2392
261525,407252,1.000,3892
261526,407389,1.000,2360
261527,407928,1.000,2359
261528,406826,1.000,2426
261528,406827,1.000,2433
261529,407393,1.000,2359
261530,408012,1.000,2449
261531,407949,1.000,2359
261531,407950,1.000,2359
261532,407876,1.000,2425
261533,408161,1.000,2449
261534,407237,1.000,2387
261535,407986,1.000,2447
261536,407497,1.000,2390
261537,408074,1.000,2356
261537,408075,1.000,2356
261538,408095,1.000,2359
261538,408096,1.000,2359
261539,407238,1.000,2428
261539,407239,1.000,2430
261539,407240,1.000,486
261539,407241,1.000,490
261539,407242,1.000,491
261540,407363,1.000,2387
261541,407725,1.000,2359
261542,407611,1.000,2368
261543,407121,1.000,2481
261544,407586,1.000,2458
261544,407587,1.000,405
261545,406953,1.000,2481
261546,407590,1.000,2467
261547,406755,1.000,2461
261547,406756,1.000,405
261548,407220,1.000,3475
261549,407373,1.000,2387
261549,407374,1.000,2359
261550,408055,1.000,2385
261550,408056,1.000,2359
261551,407940,1.000,2356
261552,408124,1.000,2387
261553,407417,1.000,2428
261553,407418,1.000,2430
261554,407439,1.000,2368
261555,408122,1.000,2457
261555,408123,1.000,405
261556,406969,1.000,2457
261556,406970,1.000,405
261557,407227,1.000,2394
261558,407942,1.000,2359
261558,407943,1.000,2359
261559,407884,1.000,531
261560,408142,1.000,2378
261561,407936,1.000,2356
261561,407937,1.000,2356
261562,408063,1.000,2424
261563,407755,1.000,2359
261563,407756,1.000,2359
261564,407347,1.000,2428
261564,407348,1.000,2430
261565,407171,1.000,486
261565,407172,1.000,490
261566,407115,1.000,2428
261567,407087,1.000,2385
261567,407088,1.000,2359
261568,407892,1.000,2390
261569,407032,1.000,2428
261569,407033,1.000,2430
261570,407906,1.000,2398
261571,407641,1.000,2449
261572,406914,1.000,2880
261573,406812,1.000,2428
261574,408014,1.000,2449
261575,407044,1.000,3407
261575,407045,1.000,408
261576,407507,1.000,2359
261576,407508,1.000,2359
261577,407706,1.000,308
261578,407904,1.000,2463
261578,407905,1.000,405
261579,407628,1.000,2359
261580,407113,1.000,3407
261580,407114,1.000,408
261581,408083,1.000,2359
261581,408084,1.000,2359
261582,407681,1.000,2359
261582,407682,1.000,2359
261583,406732,1.000,2424
261584,407369,1.000,2428
261585,408537,1.000,2426
261586,408536,1.000,2426
261587,408057,1.000,2359
261587,408058,1.000,2359
261588,408060,1.000,2359
261589,407908,1.000,2387
261590,407648,1.000,2359
261591,404210,1.000,2428
261592,407970,1.000,2359
261593,408155,1.000,2359
261594,408176,1.000,2363
261595,408244,1.000,2359
261595,408245,1.000,2359
261596,408252,1.000,2359
261597,407808,1.000,2375
261598,407605,1.000,2359
261599,408215,1.000,2359
261599,408216,1.000,2359
261600,408211,1.000,2359
261600,408212,1.000,2359
261601,408197,1.000,2360
261601,408198,2.000,672
261602,408195,1.000,2359
261602,408196,1.000,2359
261603,408194,1.000,2360
261604,408190,1.000,2385
261604,408191,1.000,2359
261605,408183,1.000,2359
261605,408184,1.000,2359
261606,408180,1.000,2359
261606,408181,1.000,2359
261606,408182,1.000,134
261607,408171,1.000,2359
261607,408172,1.000,2359
261608,408157,1.000,2359
261608,408158,1.000,2359
261609,408136,1.000,2360
261610,408132,1.000,2359
261611,408127,1.000,2360
261611,408128,1.000,2360
261612,408125,1.000,2359
261612,408126,1.000,2359
261613,408146,1.000,2356
261613,408147,1.000,2356
261614,407388,1.000,2449
261615,407345,1.000,2449
261616,407518,1.000,2446
261617,407522,1.000,2449
261618,407534,1.000,2449
261619,407539,1.000,2446
261620,407545,1.000,2446
261621,407564,2.000,2494
261622,407770,1.000,2449
261623,407763,1.000,2449
261624,408339,1.000,2352
261625,408384,1.000,2352
261626,408400,1.000,2352
261627,408486,1.000,2352
261627,408487,1.000,2352
261628,408488,1.000,2352
261629,408499,1.000,2352
261629,408500,1.000,2352
261630,408521,1.000,2352
261631,408528,1.000,2352
261631,408529,1.000,2352
261632,408744,1.000,2352
261633,408758,1.000,2352
261633,408759,1.000,2352
261634,408760,1.000,2352
261635,408775,1.000,2352
261635,408776,1.000,2352
261636,407654,1.000,2449
261637,408563,1.000,2356
261637,408564,1.000,2356
261638,407719,1.000,2449
261639,407833,1.000,2460
261639,407834,1.000,405
261639,407835,1.000,408
261640,407830,1.000,2446
261641,408558,1.000,2356
261641,408559,1.000,2356
261642,407478,1.000,2449
261643,408156,1.000,2446
261644,407684,1.000,2449
261645,407683,1.000,2449
261646,408094,1.000,2446
261647,407576,1.000,2424
261648,407606,1.000,2458
261648,407607,1.000,405
261649,408879,1.000,2359
261650,407640,1.000,2449
261651,407627,1.000,2449
261652,408551,1.000,2424
261653,407642,1.000,2449
261654,408533,1.000,2390
261654,408534,1.000,915
261655,408393,1.000,2359
261656,408420,1.000,2377
261656,408421,1.000,2569
261657,408645,1.000,2352
261658,408192,1.000,399
261658,408193,1.000,2862
261659,408312,1.000,2359
261660,407621,1.000,2481
261661,408323,1.000,2359
261661,408324,1.000,2359
261662,408309,1.000,2359
261662,408310,1.000,2359
261663,408301,1.000,2359
261664,407636,1.000,2450
261665,408300,1.000,2359
261666,407632,1.000,2446
261667,407734,1.000,2488
261668,408303,1.000,2359
261669,408306,1.000,2359
261669,408307,1.000,2359
261670,407708,1.000,2449
261671,407840,1.000,2449
261672,408200,1.000,2424
261673,407839,1.000,2446
261674,407726,1.000,2428
261675,407490,1.000,2356
261675,407491,1.000,2356
261676,407897,1.000,2449
261677,408450,1.000,2356
261677,408451,1.000,2356
261678,408413,1.000,2390
261679,407902,1.000,2428
261679,407903,1.000,2430
261680,408501,1.000,2861
261681,408313,1.000,2356
261681,408314,1.000,2356
261682,408341,1.000,2359
261683,408320,1.000,2356
261684,408886,1.000,2352
261684,408887,1.000,2352
261685,408318,1.000,2457
261685,408319,1.000,405
261686,408921,1.000,2867
261687,407735,1.000,2359
261687,407736,1.000,2359
261688,408391,1.000,2359
261689,407720,1.000,2449
261690,408852,1.000,2352
261690,408853,1.000,2352
261691,408819,1.000,2352
261691,408820,1.000,2352
261692,408964,1.000,2352
261692,408965,1.000,2352
261693,408858,1.000,2352
261694,408791,1.000,2352
261694,408792,1.000,2356
261695,408815,1.000,2352
261695,408816,1.000,2352
261696,408956,1.000,2352
261697,408583,1.000,2352
261698,408644,1.000,2352
261699,408954,1.000,2352
261700,408600,1.000,2352
261700,408601,1.000,2352
261701,408502,1.000,2352
261702,408712,1.000,2352
261703,408596,1.000,2352
261704,408381,1.000,2359
261704,408382,1.000,2352
261705,408602,1.000,2352
261706,408741,1.000,2352
261706,408742,1.000,2352
261707,408713,1.000,2352
261708,408603,1.000,2352
261708,408604,1.000,2352
261709,408682,1.000,2352
261709,408683,1.000,2352
261710,408735,1.000,2352
261711,407622,1.000,2368
261712,407336,1.000,2395
261713,407461,1.000,815
261714,407969,1.000,3512
261715,407870,1.000,2446
261716,407467,1.000,2446
261717,407617,1.000,2446
261718,407637,1.000,2446
261719,407505,1.000,2428
261719,407506,1.000,2430
261720,408331,1.000,2359
261720,408332,1.000,2359
261721,407499,1.000,2457
261721,407500,1.000,405
261721,407501,1.000,2457
261721,407502,1.000,787
261722,407574,1.000,2449
261723,408115,1.000,2424
261724,407550,1.000,2457
261724,407551,1.000,787
261725,408064,1.000,2359
261725,408065,1.000,2359
261726,408052,1.000,2359
261727,408076,1.000,2359
261727,408077,1.000,2359
261728,408016,1.000,2359
261728,408017,1.000,1323
261729,407862,1.000,2359
261729,407863,1.000,2359
261730,407702,1.000,2359
261730,407703,1.000,2359
261731,408069,1.000,2359
261731,408070,1.000,2359
261732,407958,1.000,2359
261732,407959,1.000,2359
261733,408007,1.000,2461
261733,408008,1.000,405
261734,409065,1.000,522
261735,407073,1.000,2416
261736,406650,1.000,2449
261737,408141,1.000,2446
261738,409067,1.000,2569
261739,407789,1.000,2703
261740,407962,1.000,2359
261740,407963,1.000,2359
261741,407746,1.000,2359
261741,407747,1.000,2359
261742,407691,1.000,2359
261742,407692,1.000,2359
261743,407729,1.000,2359
261743,407730,1.000,2359
261744,407748,1.000,2359
261745,407243,1.000,2359
261746,408041,1.000,2509
261747,408286,1.000,2359
261747,408287,1.000,2359
261748,407911,1.000,2458
261748,407912,1.000,405
261749,408348,1.000,2359
261749,408349,1.000,2359
261750,407847,1.000,2359
261750,407848,1.000,2359
261751,407868,1.000,2359
261751,407869,1.000,2359
261752,408230,1.000,2450
261752,408231,1.000,2862
261753,407978,1.000,2460
261753,407979,1.000,405
261753,407980,1.000,408
261754,407972,1.000,2446
261755,407757,1.000,491
261756,408333,1.000,399
261757,408406,1.000,399
261758,408569,1.000,399
261759,407919,1.000,399
261760,408267,1.000,399
261761,408250,1.000,399
261761,408505,1.000,609
261761,408506,1.000,486
261762,409068,1.000,2569
261763,408045,1.000,399
261764,408015,1.000,2449
261765,407422,1.000,2449
261766,407794,1.000,2442
261766,407795,1.000,3120
261767,407424,1.000,2383
261767,407425,1.000,408
261768,408368,1.000,2446
261768,408369,1.000,2469
261769,408013,1.000,2446
261770,408495,1.000,2457
261770,408496,1.000,405
261771,407563,1.000,2446
261772,407626,1.000,2449
261773,407677,1.000,2359
261773,407678,1.000,2359
261774,407064,1.000,405
261774,408944,1.000,2458
261774,408945,1.000,748
261775,408108,1.000,2458
261775,408109,1.000,405
261776,407486,1.000,2457
261776,407487,1.000,405
261777,407796,1.000,2382
261777,407797,1.000,408
261778,407935,1.000,2449
261779,408833,1.000,2359
261779,408834,1.000,2359
261780,407578,1.000,2449
261781,407695,1.000,2387
261782,407914,1.000,2458
261782,407915,1.000,405
261782,407916,1.000,748
261783,407964,1.000,2442
261783,407965,1.000,3120
261784,407342,1.000,2449
261785,408288,1.000,2359
261786,407492,1.000,2457
261786,407493,1.000,405
261787,408350,1.000,2450
261788,407960,1.000,2449
261789,408117,1.000,2446
261790,407966,1.000,2359
261790,407967,1.000,2359
261791,407357,1.000,2449
261792,408607,1.000,399
261793,408530,1.000,399
261793,408531,1.000,2862
261794,408445,1.000,2359
261794,408446,1.000,2359
261795,408210,1.000,2861
261796,408236,1.000,2359
261796,408237,1.000,2359
261797,408753,1.000,2356
261797,408754,1.000,2356
261798,407805,1.000,2377
261799,408101,1.000,2359
261800,408254,1.000,2359
261800,408255,1.000,2359
261801,408463,1.000,2424
261802,408419,1.000,2363
261803,408623,1.000,2446
261804,407807,1.000,2446
261805,408276,1.000,2359
261805,408277,1.000,2359
261806,408104,1.000,2385
261807,408238,1.000,2359
261807,408239,1.000,2359
261808,408373,1.000,2385
261809,408040,1.000,2449
261810,408483,1.000,2359
261811,407920,1.000,2359
261812,407983,1.000,2359
261813,407625,1.000,2449
261814,407440,1.000,2442
261814,407441,1.000,3120
261815,407984,1.000,2359
261815,407985,1.000,2359
261816,407624,1.000,2446
261817,407976,1.000,2446
261818,408241,1.000,2359
261818,408242,1.000,2359
261819,406978,1.000,2446
261820,408062,1.000,2449
261821,408263,1.000,2359
261822,407608,1.000,2449
261823,407631,1.000,2449
261824,407773,1.000,2359
261825,408366,1.000,2359
261825,408367,1.000,2359
261826,408622,1.000,2424
261827,407859,1.000,2363
261828,408321,1.000,2359
261829,408344,1.000,2359
261829,408345,1.000,2359
261830,407977,1.000,2446
261831,407343,1.000,2446
261832,408061,1.000,308
261833,408072,1.000,2359
261833,408073,1.000,2359
261834,408232,1.000,2359
261834,408233,1.000,2359
261835,408363,1.000,2359
261835,408364,1.000,2359
261836,407941,1.000,2377
261837,407955,1.000,2359
261837,407956,1.000,2359
261838,407784,1.000,2458
261838,407785,1.000,405
261839,408068,1.000,2446
261840,407538,1.000,2449
261841,407998,1.000,2359
261841,407999,1.000,2359
261842,408292,1.000,2356
261842,408293,1.000,2356
261843,407987,1.000,2359
261843,407988,1.000,134
261843,407989,1.000,2359
261844,408253,1.000,2359
261845,407749,1.000,2359
261846,408467,1.000,2446
261847,408390,1.000,2359
261848,407909,1.000,2442
261848,407910,1.000,3120
261849,408785,1.000,2356
261849,408786,1.000,2356
261850,408475,1.000,2359
261851,407957,1.000,2446
261852,408546,1.000,2424
261852,408547,1.000,2363
261853,408540,1.000,2457
261853,408541,1.000,405
261854,408515,1.000,399
261854,408516,1.000,2387
261855,407918,1.000,2452
261856,407577,1.000,2494
261857,408592,1.000,2389
261858,408396,1.000,308
261859,408138,1.000,399
261859,408139,1.000,2862
261860,407851,1.000,2457
261860,407852,1.000,405
261861,408747,1.000,2359
261861,408748,1.000,2359
261862,408032,1.000,2392
261863,407932,1.000,308
261864,408646,1.000,2458
261864,408647,1.000,405
261865,407515,1.000,2446
261866,408542,1.000,2460
261866,408543,1.000,405
261866,408544,1.000,408
261867,407836,1.000,2525
261868,408268,1.000,2359
261868,408269,1.000,2359
261869,408460,1.000,2359
261870,408248,1.000,2359
261871,408343,1.000,2387
261872,407668,1.000,2385
261873,408281,1.000,2359
261874,407689,1.000,2600
261875,408640,1.000,2449
261876,408698,1.000,2352
261877,408567,1.000,2356
261878,408590,1.000,2356
261879,408243,1.000,2359
261880,407715,1.000,2446
261881,407663,1.000,405
261882,408461,1.000,2457
261882,408462,1.000,405
261883,407657,1.000,2457
261883,407658,1.000,405
261884,407973,1.000,2467
261885,407421,1.000,2383
261885,407423,1.000,408
261886,408284,1.000,2359
261886,408285,1.000,2359
261887,408289,1.000,2471
261888,408895,1.000,2389
261888,408896,1.000,2387
261889,407006,1.000,2449
261890,409069,1.000,1323
261891,408049,1.000,2458
261891,408050,1.000,405
261892,407825,1.000,2449
261893,408494,1.000,2359
261894,408522,1.000,2359
261894,408523,1.000,2359
261895,408526,1.000,2359
261895,408527,1.000,2359
261896,408517,1.000,2359
261896,408518,1.000,2359
261897,408512,1.000,2359
261897,408513,1.000,2359
261898,408492,1.000,2359
261898,408493,1.000,2359
261899,408490,1.000,2359
261899,408491,1.000,2359
261900,408481,1.000,2359
261901,408478,1.000,2359
261902,408464,1.000,2359
261903,408455,1.000,2359
261903,408456,1.000,2359
261904,408388,1.000,2359
261905,408386,1.000,2359
261905,408387,1.000,2359
261906,408383,1.000,2359
261907,408317,1.000,2356
261908,408311,1.000,2356
261909,408989,1.000,2352
261909,408990,1.000,2352
261910,408235,1.000,2449
261911,408151,1.000,2449
261912,408256,1.000,2471
261913,408262,1.000,2446
261914,408240,1.000,2449
261915,408218,1.000,2457
261915,408219,1.000,405
261916,408154,1.000,2449
261917,408150,1.000,2446
261918,408144,1.000,2449
261919,408704,1.000,2359
261919,408705,1.000,2359
261920,408611,1.000,2359
261921,409114,2.000,2569
261922,408738,1.000,2359
261923,408615,1.000,2359
261923,408616,1.000,2359
261924,408552,1.000,2359
261925,408731,1.000,2359
261925,408732,1.000,2359
261926,408133,1.000,2446
261927,408612,1.000,2359
261928,408877,1.000,2387
261928,408878,1.000,2387
261929,408538,1.000,2359
261929,408539,1.000,2359
261930,408560,1.000,2449
261931,408582,1.000,2359
261932,408620,1.000,2359
261933,408771,1.000,2356
261933,408772,1.000,2356
261934,408553,1.000,2359
261934,408554,1.000,2359
261935,408524,1.000,2385
261936,408302,1.000,2449
261937,409087,1.000,2359
261938,408597,1.000,2356
261938,408598,1.000,2356
261939,408875,1.000,2377
261940,407745,1.000,2449
261941,408631,1.000,399
261942,408634,1.000,2371
261943,409108,1.000,2359
261944,408322,1.000,308
261945,409107,1.000,2359
261946,408378,1.000,2446
261947,409149,1.000,522
261948,407721,1.000,2449
261949,408489,1.000,2446
261950,408743,1.000,2359
261951,408627,1.000,399
261952,408372,1.000,2449
261953,408892,1.000,2365
261954,408568,1.000,2374
261955,409220,1.000,522
261956,409228,1.000,3726
261957,408034,1.000,2428
261957,408035,2.000,2430
261958,407740,1.000,2428
261958,407741,1.000,2432
261959,407659,1.000,2428
261959,407660,1.000,490
261959,407661,1.000,486
261959,407662,1.000,491
261960,408588,1.000,2457
261960,408589,1.000,787
261961,408427,1.000,2457
261961,408428,1.000,405
261961,408429,1.000,2457
261961,408430,1.000,787
261962,408036,1.000,2428
261962,408037,2.000,2430
261962,408038,1.000,408
261963,407664,1.000,2428
261963,407665,1.000,490
261963,407666,1.000,486
261963,407667,1.000,491
261964,408031,1.000,2428
261965,407971,1.000,2428
261966,406729,1.000,2425
261967,408465,1.000,2703
261968,408498,1.000,3491
261969,407891,1.000,2359
261970,408274,1.000,2488
261970,408275,1.000,2495
261971,408251,1.000,2446
261972,407707,1.000,2428
261973,408059,1.000,2428
261974,407938,1.000,2428
261974,407939,1.000,2430
261975,407685,1.000,2426
261975,407686,1.000,2433
261976,408994,1.000,2512
261977,409021,1.000,2352
261977,409022,1.000,2352
261978,409080,1.000,2352
261978,409081,1.000,2352
261979,409123,1.000,2512
261980,409084,1.000,2352
261980,409085,1.000,2352
261981,409113,1.000,2512
261982,408689,1.000,2359
261982,408690,1.000,2359
261983,408468,1.000,2359
261984,408828,1.000,2359
261985,408298,1.000,2389
261986,408140,1.000,2450
261987,409037,1.000,2424
261988,408657,1.000,2359
261988,408658,1.000,2359
261989,408572,1.000,2359
261989,408573,1.000,2359
261990,408649,1.000,2459
261990,408650,1.000,405
261990,408651,1.000,748
261991,408579,1.000,2359
261991,408580,1.000,2359
261992,408389,1.000,3379
261993,408265,1.000,2359
261993,408266,1.000,2359
261994,408817,1.000,2359
261994,408818,1.000,2359
261995,408443,1.000,2359
261995,408444,1.000,2359
261996,408761,2.000,308
261997,408452,1.000,2359
261997,408453,1.000,2359
261998,408642,1.000,2359
261998,408643,1.000,2359
261999,408897,1.000,2395
262000,408726,1.000,2359
262000,408727,1.000,2359
262001,408278,1.000,2359
262001,408279,1.000,2359
262002,408822,1.000,2359
262002,408823,1.000,2359
262003,408736,1.000,2356
262003,408737,1.000,2356
262004,408282,1.000,2385
262004,408283,1.000,2359
262005,408315,1.000,2359
262005,408316,1.000,2359
262006,408699,1.000,2359
262006,408700,1.000,2359
262007,408223,1.000,486
262007,408224,1.000,490
262007,408225,1.000,491
262008,408578,1.000,2359
262009,408671,1.000,2359
262009,408672,1.000,2359
262010,408702,1.000,2359
262010,408703,1.000,2359
262011,408706,1.000,2457
262011,408707,1.000,405
262012,408356,1.000,399
262013,408681,1.000,2359
262014,408342,1.000,2389
262015,408708,1.000,2356
262016,407149,1.000,2866
262016,407150,1.000,3120
262016,407151,1.000,408
262017,408358,1.000,2359
262017,408359,1.000,2359
262018,408827,1.000,2385
262019,408638,1.000,2359
262020,408939,1.000,2359
262020,408940,1.000,2359
262021,408399,1.000,2359
262022,408497,1.000,2371
262023,408005,1.000,2450
262023,408006,1.000,2488
262024,408432,1.000,308
262025,408257,1.000,308
262026,408943,1.000,2359
262027,408173,1.000,2359
262028,408360,1.000,2467
262029,408166,1.000,2359
262029,408167,1.000,2359
262030,407704,1.000,2428
262030,407705,1.000,2430
262031,408296,1.000,2359
262031,408297,1.000,2359
262032,408357,1.000,2449
262033,409279,1.000,399
262034,409070,1.000,2359
262035,408685,1.000,2356
262035,408686,1.000,2356
262036,408570,1.000,2356
262036,408571,1.000,2356
262037,408768,1.000,2368
262038,408585,1.000,2387
262038,408586,1.000,2387
262039,408507,1.000,2359
262039,408508,1.000,2359
262040,408975,1.000,2385
262040,408976,1.000,2359
262040,408977,1.000,2359
262041,409165,1.000,2356
262042,408469,1.000,2387
262043,408098,1.000,2359
262043,408099,1.000,2359
262044,408549,1.000,2390
262044,408550,1.000,915
262045,408859,1.000,2359
262045,408860,1.000,2359
262046,407615,1.000,2449
262046,407616,1.000,2424
262046,408514,1.000,308
262047,408811,1.000,2356
262048,408680,1.000,2356
262049,408693,1.000,2359
262049,408694,1.000,2359
262050,408081,1.000,2455
262051,408831,1.000,2359
262051,408832,1.000,2359
262052,408509,1.000,2389
262052,408510,1.000,748
262052,408511,1.000,2359
262053,408291,1.000,2449
262054,408652,1.000,2359
262054,408653,1.000,2359
262055,408247,1.000,2428
262056,408113,1.000,2385
262057,408272,1.000,2488
262057,408273,1.000,2495
262058,408696,1.000,2359
262059,408952,1.000,2359
262059,408953,1.000,2359
262060,408290,1.000,2428
262061,408401,1.000,2449
262062,407850,1.000,2428
262063,408162,1.000,2359
262064,409164,1.000,2457
262064,409166,1.000,405
262065,408711,1.000,525
262066,408919,1.000,2383
262067,408795,1.000,2409
262068,408397,1.000,2457
262068,408398,1.000,405
262069,408910,1.000,2359
262070,407772,1.000,2394
262071,408392,1.000,2359
262072,408648,1.000,2359
262073,408963,1.000,2446
262074,408806,1.000,2359
262074,408807,1.000,2359
262075,408967,1.000,2446
262076,408905,1.000,2395
262077,408809,1.000,2359
262077,408810,1.000,2360
262078,408484,1.000,2446
262079,408011,1.000,2505
262080,408591,1.000,2509
262081,408814,1.000,408
262082,408838,1.000,2457
262082,408839,1.000,405
262083,408840,1.000,2424
262084,408328,1.000,2703
262085,408476,1.000,2446
262086,408821,1.000,2471
262087,408836,1.000,2457
262087,408837,1.000,405
262088,408234,1.000,2490
262089,408628,1.000,2424
262090,408409,1.000,2446
262091,408405,1.000,2449
262092,408532,1.000,2368
262093,408918,1.000,399
262094,408261,1.000,2428
262095,408678,1.000,2368
262096,409326,1.000,399
262097,409051,1.000,2359
262098,409007,1.000,2359
262098,409008,1.000,2359
262099,408991,1.000,2359
262100,408911,1.000,2359
262101,408884,1.000,2359
262101,408885,1.000,2359
262102,408898,1.000,2457
262102,408899,1.000,405
262103,409101,1.000,2359
262103,409102,1.000,2359
262104,408765,1.000,2359
262105,408749,1.000,2356
262105,408750,1.000,2356
262106,408787,1.000,2359
262106,408788,1.000,2359
262107,408504,1.000,2481
262108,409138,1.000,2359
262108,409139,1.000,2359
262109,408763,1.000,2359
262109,408764,1.000,2359
262110,408751,1.000,2359
262110,408752,1.000,2359
262111,408783,1.000,2359
262111,408784,1.000,2359
262112,408780,1.000,2416
262113,409171,1.000,2352
262113,409172,1.000,2352
262114,409249,1.000,2352
262114,409250,1.000,2352
262115,409109,1.000,2352
262115,409110,1.000,2352
262116,408416,1.000,3738
262117,409078,1.000,2356
262117,409079,1.000,2352
262118,408766,1.000,2356
262118,408767,1.000,2356
262119,408756,1.000,2359
262119,408757,1.000,2359
262120,409118,1.000,2359
262121,409225,1.000,2360
262121,409226,1.000,2360
262122,409105,1.000,2385
262122,409106,1.000,2359
262123,408876,1.000,2449
262124,409230,1.000,2359
262125,408659,1.000,2359
262125,408660,1.000,2359
262126,408739,1.000,2359
262126,408740,1.000,2359
262127,408755,1.000,2359
262128,408769,1.000,2359
262128,408770,1.000,2359
262129,408608,1.000,2449
262130,408778,1.000,2359
262130,408779,1.000,2359
262131,409169,1.000,2352
262131,409170,1.000,2352
262132,409206,1.000,2352
262132,409207,1.000,2352
262133,408466,1.000,2449
262134,409125,1.000,2359
262135,408774,1.000,2359
262136,408730,1.000,399
262137,408619,1.000,2449
262138,409173,1.000,2359
262139,409094,1.000,2359
262139,409095,1.000,2359
262140,408485,1.000,2378
262141,409077,1.000,2363
262142,408762,1.000,2488
262143,409221,1.000,2359
262144,408535,1.000,2416
262145,409233,1.000,2387
262146,408996,1.000,2428
262147,409145,1.000,2359
262147,409146,1.000,2359
262148,408561,1.000,2457
262148,408562,1.000,405
262149,408557,1.000,2488
262150,409280,1.000,2359
262151,409120,1.000,2449
262152,408479,1.000,2449
262153,408470,1.000,2449
262154,408441,1.000,2428
262154,408442,1.000,2430
262155,408471,1.000,2449
262156,408477,1.000,2449
262157,408555,1.000,2458
262157,408556,1.000,405
262158,409135,1.000,2352
262159,409258,1.000,2352
262159,409259,1.000,2352
262160,409406,23.000,660
262161,408009,1.000,2416
262162,409208,1.000,2359
262162,409209,1.000,2359
262163,406919,1.000,2428
262163,406920,1.000,2430
262163,406921,1.000,672
262164,408545,1.000,2447
262165,408412,1.000,2424
262166,408673,1.000,2428
262167,409015,1.000,2359
262168,408118,1.000,2428
262168,408119,1.000,486
262168,408120,1.000,490
262168,408121,1.000,491
262169,408433,1.000,2460
262169,408434,1.000,405
262169,408435,1.000,408
262170,408869,1.000,2359
262170,408870,1.000,2359
262171,408912,1.000,2385
262171,408913,1.000,2359
262172,408789,1.000,2359
262172,408790,1.000,2359
262173,408812,1.000,2359
262174,409294,1.000,2359
262174,409295,1.000,2359
262175,409002,1.000,2387
262175,409003,1.000,2387
262176,408636,1.000,2385
262176,408637,1.000,2359
262177,408872,1.000,2397
262178,408805,1.000,2359
262179,408971,1.000,2359
262180,409045,1.000,2359
262180,409046,1.000,2359
262181,408914,1.000,2359
262181,408915,1.000,2359
262182,409028,1.000,2359
262182,409029,1.000,2359
262183,409018,1.000,2359
262184,408654,1.000,2392
262185,409047,1.000,2386
262186,409019,1.000,2359
262186,409020,1.000,2359
262187,408799,1.000,2359
262187,408800,1.000,2359
262188,408955,1.000,2359
262189,408854,1.000,2359
262190,408825,1.000,2387
262191,409054,1.000,2359
262191,409055,1.000,2359
262192,408719,1.000,2356
262192,408720,1.000,2356
262193,408957,1.000,2363
262194,408904,1.000,2449
262195,408907,1.000,2446
262196,408710,1.000,2446
262197,408270,1.000,2424
262198,408883,1.000,2446
262199,408721,1.000,2424
262200,408677,1.000,2446
262201,408632,1.000,2494
262202,408935,1.000,2446
262203,408626,1.000,2446
262204,409215,2.000,308
262205,408655,1.000,2424
262206,408482,1.000,2455
262207,409154,1.000,308
262208,408633,1.000,2447
262209,408371,1.000,2428
262210,408635,1.000,2455
262211,409026,1.000,2360
262212,408701,1.000,815
262213,408668,1.000,2446
262214,408891,1.000,2446
262215,408959,1.000,2460
262215,408960,1.000,405
262215,408961,1.000,408
262216,408695,1.000,2428
262217,408687,1.000,2446
262218,408844,1.000,2368
262219,407762,1.000,2428
262220,408714,1.000,2457
262220,408715,1.000,405
262221,408661,1.000,2457
262221,408662,1.000,787
262222,408624,1.000,2428
262222,408625,1.000,2430
262223,408641,1.000,308
262224,409083,1.000,2861
262225,408630,1.000,2467
262226,409011,1.000,2387
262226,409012,1.000,2387
262227,408950,1.000,2356
262227,408951,1.000,2356
262228,408802,1.000,2359
262229,409137,1.000,2359
262230,409268,1.000,2359
262231,409229,1.000,2359
262232,409273,1.000,2359
262233,409348,1.000,2387
262234,409004,1.000,2387
262235,408824,1.000,2363
262236,409285,1.000,2359
262236,409286,1.000,2359
262237,408826,1.000,2359
262238,409255,1.000,2359
262238,409256,1.000,2359
262239,408902,1.000,2360
262239,408903,2.000,748
262240,409086,1.000,2359
262241,408709,1.000,2449
262242,409153,1.000,2390
262243,408987,1.000,2382
262243,408988,1.000,408
262244,408335,1.000,2428
262244,408336,1.000,2430
262245,409236,1.000,2428
262245,409237,1.000,2430
262246,409283,1.000,2359
262246,409284,1.000,2359
262247,408684,1.000,2449
262248,408639,1.000,2446
262249,409239,1.000,2359
262250,409240,1.000,2359
262250,409241,1.000,2359
262251,408733,1.000,2446
262252,408801,2.000,308
262253,408845,1.000,2387
262254,408595,1.000,2446
262255,408676,1.000,2446
262256,409312,1.000,2359
262256,409313,1.000,2359
262257,408958,1.000,2387
262258,409260,1.000,2352
262258,409261,1.000,2352
262259,409357,1.000,2352
262259,409358,1.000,134
262259,409359,1.000,2352
262260,408793,1.000,2356
262260,408794,1.000,2356
262261,409238,1.000,2352
262262,409291,1.000,2352
262263,409583,1.000,2352
262263,409584,1.000,2352
262264,409262,1.000,2352
262265,409254,1.000,2352
262266,409327,1.000,2512
262267,409417,1.000,2352
262268,409247,1.000,2352
262269,409418,1.000,2352
262269,409419,1.000,2352
262270,409352,1.000,2512
262271,409420,1.000,2352
262272,409589,1.000,2569
262273,409586,1.000,2352
262273,409587,1.000,2352
262274,409424,1.000,2352
262275,409388,1.000,2352
262276,409422,1.000,2352
262276,409423,1.000,2352
262277,409594,1.000,1129
262278,409596,3.000,490
262310,409257,1.000,2359
262311,408438,1.000,2460
262311,408439,1.000,405
262311,408440,1.000,408
262312,408457,1.000,2428
262312,408458,1.000,2387
262312,408459,1.000,408
262313,408697,1.000,2446
262314,408206,1.000,2428
262314,408207,1.000,2430
262315,409000,1.000,3811
262316,408679,1.000,2446
262317,408665,1.000,2426
262318,408970,1.000,2446
262319,408666,1.000,399
262319,408667,1.000,2862
262320,408436,1.000,2428
262320,408437,1.000,2430
262321,409127,1.000,399
262322,409010,1.000,399
262323,408246,1.000,2416
262324,408629,1.000,2447
262325,408723,1.000,2460
262325,408724,1.000,405
262325,408725,1.000,408
262326,408855,1.000,2356
262326,408856,1.000,2356
262327,409040,1.000,2802
262327,409041,1.000,787
262328,408995,1.000,2359
262329,409374,1.000,2359
262330,408576,1.000,2457
262330,408577,1.000,405
262331,409210,1.000,2359
262331,409211,1.000,2359
262332,408617,1.000,2458
262332,408618,1.000,405
262333,408874,1.000,2390
262334,409222,1.000,2359
262335,409459,1.000,2359
262336,408448,1.000,2443
262336,408449,1.000,3120
262337,408936,1.000,525
262338,409281,1.000,2385
262338,409282,1.000,2359
262339,409321,1.000,2359
262340,408656,1.000,2446
262341,409310,1.000,2424
262342,409242,1.000,2368
262343,409334,1.000,2356
262343,409335,1.000,2356
262344,409392,1.000,2359
262344,409393,1.000,2359
262345,409013,1.000,2360
262346,409034,1.000,2363
262347,409297,1.000,2359
262347,409298,1.000,2359
262348,408857,1.000,2387
262349,409212,1.000,2359
262349,409213,1.000,2359
262350,409224,1.000,2359
262351,409214,1.000,2359
262352,409251,1.000,2449
262353,409148,1.000,2356
262353,409150,1.000,2356
262354,409144,1.000,2356
262355,409133,1.000,2356
262355,409134,1.000,2356
262356,409801,1.000,3955
262357,409540,1.000,2352
262357,409541,1.000,2352
262358,409498,3.000,2352
262359,409550,1.000,2352
262360,409700,1.000,2352
262360,409701,1.000,2352
262361,409566,1.000,2352
262361,409567,1.000,2352
262362,409537,1.000,2352
262362,409538,1.000,2356
262363,409457,1.000,2352
262363,409458,1.000,2352
262364,409698,1.000,2352
262364,409699,1.000,2352
262365,409486,1.000,2352
262366,409444,1.000,2352
262367,409447,1.000,2352
262367,409448,1.000,2352
262368,408781,1.000,2446
262369,409487,1.000,2352
262370,409636,1.000,2359
262370,409637,1.000,2359
262371,409558,1.000,2359
262372,408909,1.000,2446
262373,408993,1.000,2488
262374,409825,2.000,2352
262374,409826,2.000,2352
262375,408930,1.000,2428
262375,408931,1.000,2430
262376,409331,1.000,2385
262377,409827,1.000,2352
262378,409828,1.000,2352
262379,409539,1.000,2481
262380,408926,1.000,399
262381,409517,1.000,2359
262381,409518,1.000,2359
262382,409751,1.000,308
262383,409478,1.000,2359
262383,409479,1.000,2359
262384,409557,1.000,2359
262385,409355,1.000,2359
262385,409356,1.000,2359
262386,408613,1.000,2457
262386,408614,1.000,405
262387,408924,1.000,2442
262387,408925,1.000,3120
262388,409514,1.000,2359
262388,409515,1.000,2359
262389,408920,1.000,2446
262390,409503,1.000,2397
262391,409396,1.000,2387
262392,408847,1.000,646
262392,408848,1.000,2392
262392,408849,1.000,748
262393,409506,1.000,2449
262394,408908,1.000,2450
262395,409544,1.000,2359
262395,409545,1.000,2359
262396,408773,1.000,2446
262397,409534,1.000,2359
262398,409516,1.000,399
262399,409399,1.000,2359
262399,409400,1.000,2359
262400,409426,1.000,2424
262401,409416,1.000,2359
262402,409372,1.000,399
262403,409858,1.000,2442
262403,409859,1.000,3120
262403,409860,1.000,2387
262404,409866,1.000,2457
262404,409867,1.000,405
262405,409835,1.000,2359
262405,409836,1.000,2359
262406,409499,1.000,2359
262407,408593,1.000,2983
262407,408594,1.000,2467
262408,408565,1.000,2457
262408,408566,1.000,405
262409,408900,1.000,2457
262409,408901,1.000,405
262410,408669,1.000,2458
262410,408670,1.000,405
262411,408519,1.000,2457
262411,408520,1.000,405
262412,408716,1.000,2457
262412,408717,1.000,405
262413,408718,1.000,2446
262414,409765,1.000,2368
262415,408893,1.000,2462
262415,408894,1.000,405
262416,408997,1.000,399
262417,409469,1.000,2450
262418,408808,1.000,2378
262419,409290,1.000,2359
262420,409794,1.000,522
262421,409244,1.000,2386
262422,409253,1.000,2356
262423,409314,1.000,2363
262424,408473,1.000,2442
262424,408474,1.000,3120
262425,408962,1.000,2362
262426,409338,1.000,2360
262427,409434,1.000,2457
262427,409435,1.000,405
262428,409725,1.000,2446
262429,409053,1.000,2428
262429,409111,1.000,2430
262430,408835,1.000,2428
262431,408937,1.000,2458
262431,408938,1.000,405
262432,409066,1.000,2491
262433,409317,1.000,2359
262433,409318,1.000,2359
262434,409155,1.000,2359
262434,409156,1.000,2359
262435,409271,1.000,399
262435,409272,1.000,491
262436,409278,1.000,2359
262437,409652,1.000,2424
262438,409461,1.000,2359
262439,409456,1.000,2409
262440,409590,1.000,2359
262440,409591,1.000,2359
262441,409299,1.000,2359
262441,409300,1.000,2359
262442,409296,1.000,2359
262443,409762,1.000,2460
262443,409763,1.000,405
262443,409764,1.000,408
262444,408917,1.000,525
262445,408947,1.000,2446
262446,409520,1.000,2359
262446,409521,1.000,2359
262447,409289,1.000,2359
262448,409440,1.000,2360
262448,409441,1.000,2360
262449,409016,1.000,2386
262450,409644,1.000,2446
262451,409455,1.000,308
262452,409324,1.000,2359
262453,409347,1.000,2359
262454,409472,1.000,2424
262455,408986,1.000,2359
262456,409815,1.000,2352
262456,409816,1.000,2352
262457,409723,1.000,2446
262458,409782,1.000,2512
262459,409805,1.000,2352
262460,409575,1.000,2352
262461,409519,1.000,2352
262462,409758,1.000,2359
262462,409759,1.000,2359
262463,409427,1.000,2352
262463,409428,1.000,2352
262464,409808,1.000,2352
262464,409809,1.000,2352
262465,408850,1.000,2449
262466,409429,1.000,2352
262466,409430,1.000,2352
262467,409844,1.000,2352
262467,409845,1.000,2352
262468,409058,1.000,2457
262468,409059,1.000,405
262469,409629,1.000,2352
262469,409630,1.000,2352
262470,409871,1.000,3738
262471,408729,1.000,2467
262472,409722,1.000,2512
262473,408922,1.000,2457
262473,408923,1.000,405
262474,409570,1.000,2352
262474,409571,1.000,2352
262475,409660,1.000,2449
262476,408934,1.000,2446
262477,409983,1.000,2352
262477,409984,1.000,2352
262478,409036,1.000,2449
262479,409071,1.000,2446
262480,409921,1.000,2394
262481,409075,4.000,748
262482,408980,1.000,2459
262482,408981,1.000,405
262482,408982,1.000,408
262483,409325,1.000,2359
262484,409377,1.000,2359
262484,409378,1.000,2359
262485,409319,1.000,2359
262485,409320,1.000,2359
262486,409365,1.000,2356
262486,409366,1.000,2356
262487,409647,1.000,2359
262487,409649,1.000,2359
262488,409824,1.000,3077
262489,409452,1.000,2457
262489,409453,1.000,405
262490,409466,1.000,2356
262490,409467,1.000,2356
262491,409633,1.000,2359
262491,409634,1.000,2359
262492,409160,1.000,2371
262493,409031,1.000,308
262494,409390,1.000,2386
262495,409641,1.000,2359
262495,409642,1.000,2359
262496,409496,1.000,2359
262496,409497,1.000,2359
262497,409382,1.000,2359
262497,409383,1.000,2359
262498,409436,1.000,2359
262499,409025,1.000,2449
262500,408966,1.000,2467
262501,409005,1.000,405
262502,409721,1.000,2446
262503,408929,1.000,2449
262504,409304,1.000,2359
262505,409380,1.000,2481
262506,409341,1.000,2394
262507,408948,1.000,2428
262507,408949,1.000,2430
262508,409136,1.000,2356
262509,408610,1.000,2449
262510,409006,1.000,399
262511,408691,1.000,2457
262511,408692,1.000,405
262512,409044,1.000,2449
262513,409792,1.000,2424
262514,409385,1.000,2371
262515,409407,1.000,399
262516,409531,1.000,399
262517,409322,1.000,2371
262518,410013,6.000,660
262518,410014,2.000,3363
262519,410015,1.000,3408
262520,410016,5.000,660
262521,410017,12.000,660
262521,410018,4.000,2352
262522,410019,1.000,3408
262523,410020,25.000,660
262523,410021,4.000,2352
262524,410022,1.000,3408
262525,410023,40.000,660
262525,410024,2.000,3363
262526,410025,16.000,660
262527,410026,40.000,660
262528,410028,1.000,2371
262529,409685,1.000,2359
262530,409098,1.000,2356
262530,409099,1.000,134
262530,409100,1.000,2356
262531,409639,1.000,2359
262531,409640,1.000,2359
262532,409488,1.000,2359
262533,409509,1.000,2387
262533,409510,1.000,2387
262534,409473,1.000,2359
262534,409474,1.000,2359
262535,409413,1.000,646
262536,409504,1.000,2359
262536,409505,1.000,2359
262537,409893,1.000,2446
262538,409555,1.000,2359
262538,409556,1.000,2359
262539,409454,1.000,2449
262540,409360,1.000,4028
262540,409361,1.000,2352
262540,409362,4.000,134
262541,410003,1.000,2446
262542,409884,1.000,2359
262542,409885,1.000,2359
262543,409523,1.000,2359
262543,409524,1.000,2359
262544,410031,1.000,2359
262544,410032,1.000,2359
262545,409483,1.000,2363
262545,409484,1.000,2359
262546,409485,1.000,2359
262547,409786,1.000,2375
262548,409482,1.000,2359
262549,409999,1.000,2352
262549,410000,1.000,2352
262550,409978,1.000,2352
262551,410036,1.000,2352
262551,410037,1.000,2352
262552,409650,1.000,2449
262553,409934,1.000,2352
262553,409935,1.000,2352
262554,409951,1.000,2352
262555,409535,1.000,2359
262555,409536,1.000,2359
262556,409796,1.000,2352
262557,409930,1.000,2512
262558,409891,1.000,2356
262558,409892,1.000,2352
262559,410093,1.000,2352
262559,410094,1.000,2352
262560,409943,1.000,2352
262560,409944,1.000,2352
262561,409949,1.000,2352
262561,409950,1.000,2352
262562,409938,1.000,2352
262562,409939,1.000,2352
262563,409917,1.000,2352
262564,409955,1.000,2352
262564,409956,1.000,2352
262565,409798,1.000,2457
262565,409799,1.000,405
262566,409783,1.000,2359
262566,409784,1.000,2359
262567,410260,1.000,2352
262567,410261,1.000,2352
262568,409776,1.000,2443
262568,409777,1.000,3120
262569,409525,1.000,2359
262569,409526,1.000,2359
262570,409973,1.000,2352
262570,409974,1.000,2352
262571,409507,1.000,399
262572,409130,1.000,2459
262572,409131,1.000,405
262573,410010,1.000,2424
262574,409756,1.000,2356
262574,409757,1.000,2356
262575,409574,1.000,399
262576,409945,1.000,2352
262577,409754,1.000,2356
262577,409755,1.000,2356
262578,409410,1.000,2861
262579,409890,1.000,2446
262580,410371,1.000,2457
262580,410372,1.000,405
262581,410408,1.000,2569
262582,409502,1.000,2371
262583,408841,1.000,2460
262583,408842,1.000,405
262583,408843,1.000,408
262584,410449,1.000,2569
262585,408972,1.000,2460
262585,408973,1.000,405
262585,408974,1.000,408
262586,410141,1.000,2446
262587,409810,1.000,2449
262588,409451,1.000,2449
262589,409981,1.000,2446
262590,409157,1.000,2460
262591,408933,1.000,2398
262592,409760,1.000,2446
262593,409712,1.000,2424
262594,409732,1.000,2457
262594,409733,1.000,405
262595,409532,1.000,2457
262595,409533,1.000,405
262596,409445,1.000,2458
262596,409446,1.000,405
262597,410226,1.000,2446
262598,409052,1.000,2446
262599,410314,1.000,2460
262599,410315,1.000,405
262599,410316,1.000,408
262600,408394,1.000,2426
262600,408395,1.000,2433
262601,410127,1.000,2458
262601,410128,1.000,405
262602,410137,1.000,2371
262603,409270,1.000,399
262604,409090,1.000,2446
262605,409349,1.000,2459
262605,409350,1.000,405
262606,409477,1.000,399
262607,409702,1.000,2424
262608,409980,1.000,308
262609,409248,1.000,2389
262610,409972,1.000,2449
262611,410047,1.000,2457
262611,410048,1.000,405
262612,410514,1.000,3876
262613,409001,1.000,2416
262614,409572,1.000,2359
262615,409585,1.000,2359
262616,409928,1.000,2359
262617,408796,1.000,2446
262618,409646,1.000,2359
262619,408829,1.000,2457
262619,408830,1.000,787
262620,409948,1.000,2359
262621,409494,1.000,2446
262622,409886,1.000,2359
262622,409887,1.000,2359
262623,409914,1.000,2352
262623,409915,1.000,2352
262624,409846,1.000,2352
262624,409847,1.000,2352
262625,410306,1.000,2352
262625,410307,1.000,2352
262626,410263,1.000,2352
262626,410264,1.000,2352
262627,409970,1.000,2352
262627,409971,1.000,2352
262628,409853,1.000,2352
262628,409854,1.000,2352
262629,410184,1.000,2352
262630,410130,1.000,2371
262631,410356,1.000,2352
262631,410357,1.000,2352
262632,410362,1.000,2481
262633,409901,1.000,2519
262634,410360,1.000,2467
262635,410180,1.000,2352
262635,410181,1.000,2352
262636,410192,1.000,2354
262636,410193,1.000,2352
262637,409856,1.000,2352
262637,409857,1.000,2352
262638,409568,1.000,2359
262639,409872,1.000,399
262640,409302,1.000,2359
262641,409595,1.000,2359
262642,409309,1.000,399
262643,409842,1.000,2356
262643,409843,1.000,2356
262644,409274,1.000,3700
262645,409789,1.000,2359
262645,409790,1.000,2359
262646,409829,1.000,2359
262647,409927,1.000,308
262648,409546,1.000,2359
262649,409635,1.000,2359
262650,409703,1.000,2359
262650,409704,1.000,2359
262651,409686,1.000,2359
262652,409852,1.000,2359
262653,409527,1.000,2359
262653,409528,1.000,2359
262654,409925,1.000,308
262655,409373,1.000,2378
262656,409330,1.000,2356
262657,410532,1.000,2404
262658,408587,1.000,2428
262659,409665,1.000,2363
262659,409666,1.000,2359
262660,409573,1.000,2356
262661,408983,1.000,2446
262662,408574,1.000,2428
262662,408575,1.000,2430
262663,409946,1.000,2424
262664,409631,1.000,2359
262664,409632,1.000,2359
262665,408928,1.000,2978
262666,409882,1.000,2371
262667,408862,1.000,2428
262668,410235,1.000,2387
262669,408674,1.000,2428
262669,408675,1.000,2430
262670,409582,1.000,2356
262671,409873,1.000,2359
262671,409874,1.000,2356
262672,410167,1.000,2363
262673,410231,1.000,2467
262674,410151,1.000,2359
262674,410152,1.000,2359
262675,409056,1.000,2457
262675,409057,1.000,405
262676,408888,1.000,2446
262677,409142,1.000,2446
262678,410142,1.000,2457
262678,410143,1.000,405
262679,409042,1.000,2457
262679,409043,1.000,405
262680,409761,1.000,2449
262681,409592,1.000,2356
262681,409593,1.000,2356
262682,409431,1.000,2356
262683,410213,1.000,2359
262683,410214,1.000,2359
262684,409716,1.000,2359
262684,409717,1.000,2359
262685,410134,1.000,2460
262685,410135,1.000,405
262685,410136,1.000,408
262686,409678,1.000,2356
262686,409679,1.000,2356
262687,409578,1.000,2481
262688,408932,1.000,2488
262689,409091,1.000,2458
262689,409092,1.000,787
262690,409394,1.000,399
262690,409395,1.000,2862
262691,409316,1.000,2446
262692,410554,1.000,3955
262693,408866,1.000,490
262693,408867,1.000,486
262693,408868,1.000,491
262694,410203,1.000,2512
262695,408861,1.000,491
262696,409734,1.000,2457
262696,409735,1.000,405
262697,408337,1.000,2428
262698,410041,1.000,2457
262698,410042,1.000,405
262699,408663,1.000,2428
262699,408664,1.000,2430
262700,409363,1.000,2428
262700,409364,1.000,2430
262701,409547,1.000,2371
262702,410095,1.000,2457
262702,410131,1.000,405
262703,409082,1.000,2502
262704,409987,1.000,2449
262705,409437,1.000,2460
262705,409438,1.000,405
262705,409439,1.000,408
262706,409888,1.000,2359
262706,409889,1.000,2359
262707,408927,1.000,2452
262708,409883,1.000,2387
262709,410358,1.000,2352
262709,410359,1.000,2352
262710,410355,1.000,2352
262711,410252,1.000,2352
262712,409711,1.000,2488
262713,409551,1.000,308
262714,410630,1.000,2569
262715,410653,35.000,660
262716,409993,1.000,2359
262716,409994,1.000,2359
262717,410098,1.000,2359
262717,410099,1.000,2359
262718,409673,1.000,2356
262718,409674,1.000,2356
262719,410153,1.000,2359
262719,410154,1.000,2359
262720,409991,1.000,2359
262720,409992,1.000,2359
262721,409936,1.000,2371
262722,409959,1.000,2359
262722,409960,1.000,2359
262723,410266,1.000,2359
262723,410267,1.000,2359
262724,410194,1.000,2359
262724,410195,1.000,2359
262725,410090,1.000,2359
262725,410091,1.000,2359
262726,409903,1.000,2359
262727,410112,1.000,2359
262727,410113,1.000,2359
262728,410004,1.000,2356
262728,410005,1.000,2356
262729,409730,1.000,2359
262729,409731,1.000,2359
262730,409919,1.000,2359
262730,409920,1.000,2359
262731,410588,1.000,2359
262732,409119,1.000,2446
262733,409367,1.000,2457
262733,409368,1.000,405
262733,409369,1.000,2457
262733,409370,1.000,787
262734,409894,1.000,2446
262735,410033,1.000,2387
262736,410219,1.000,2359
262736,410220,1.000,2359
262737,410109,1.000,2359
262737,410110,1.000,2359
262738,410246,1.000,2446
262739,410001,1.000,2363
262739,410002,1.000,2359
262740,410189,1.000,2359
262741,409112,1.000,2446
262742,409076,1.000,2449
262743,409906,1.000,2359
262743,409907,1.000,2359
262744,409895,1.000,2359
262744,409896,1.000,2359
262745,410006,1.000,2359
262746,410043,1.000,2359
262746,410044,1.000,2359
262747,409902,1.000,2359
262748,410176,1.000,2359
262748,410177,1.000,2359
262749,410410,1.000,2352
262749,410411,1.000,2352
262750,410217,2.000,2352
262751,410431,1.000,2352
262751,410432,1.000,2352
262752,409811,1.000,2352
262752,409812,1.000,2352
262753,410162,1.000,2352
262754,410376,1.000,2352
262754,410377,1.000,2352
262755,410420,1.000,2352
262756,410480,1.000,2352
262757,410583,1.000,2352
262758,410328,1.000,2352
262758,410329,1.000,2352
262759,410670,1.000,2368
262760,410494,1.000,2512
262761,410586,1.000,2352
262761,410587,1.000,2352
262762,410685,30.000,660
262763,410248,1.000,2359
262764,410688,1.000,3408
262765,410686,1.000,2352
262765,410687,1.000,2352
262766,409897,1.000,2356
262766,409898,1.000,2356
262767,410149,1.000,2358
262767,410150,1.000,2358
262768,410691,10.000,660
262769,409552,1.000,2397
262769,409553,1.000,2387
262770,409997,1.000,2360
262770,409998,1.000,2360
262771,410581,1.000,2359
262771,410582,1.000,2359
262772,409117,1.000,2449
262773,410210,1.000,2363
262774,409140,1.000,308
262775,409492,1.000,2449
262776,409328,1.000,2428
262776,409329,1.000,2862
262777,409989,1.000,2359
262778,410618,1.000,2457
262778,410619,1.000,405
262779,409235,1.000,2446
262780,409931,1.000,2377
262781,409995,1.000,2385
262781,409996,1.000,2359
262782,409332,1.000,2428
262782,409333,1.000,2862
262783,409124,1.000,308
262784,409899,1.000,2446
262785,409093,1.000,2552
262786,409096,1.000,2552
262787,409493,1.000,2449
262788,410171,1.000,2368
262788,410172,1.000,2359
262789,409103,1.000,2458
262789,409104,1.000,405
262790,410594,1.000,2359
262790,410595,1.000,2359
262791,409141,1.000,308
262792,409219,1.000,2467
262793,410103,1.000,2377
262794,409802,1.000,2458
262794,409803,1.000,405
262795,409475,1.000,2449
262796,410584,1.000,2359
262797,410114,1.000,399
262798,410170,1.000,2356
262799,409122,1.000,2488
262800,410007,1.000,2356
262800,410008,1.000,2356
262801,409851,1.000,2703
262802,409975,1.000,2359
262802,409976,1.000,2359
262803,410115,1.000,2359
262803,410116,1.000,2359
262804,409813,1.000,2359
262804,409814,1.000,2359
262805,410354,1.000,2424
262806,410190,1.000,2428
262806,410191,1.000,2430
262807,409342,1.000,2802
262807,409343,1.000,405
262808,410122,1.000,2359
262808,410123,1.000,2359
262809,410101,1.000,2359
262810,410178,1.000,2389
262810,410179,1.000,2397
262811,410814,1.000,2449
262812,409376,1.000,2495
262813,409691,1.000,2359
262814,410610,1.000,2457
262814,410611,1.000,405
262815,408984,1.000,2802
262815,408985,1.000,405
262816,408941,1.000,2428
262816,408942,1.000,2430
262817,409683,1.000,2356
262817,409684,1.000,2356
262818,410050,1.000,2363
262819,409806,1.000,2359
262819,409807,1.000,2359
262820,409491,1.000,2481
262821,409073,1.000,2457
262821,409074,1.000,405
262822,406463,1.000,2509
262823,410318,1.000,2375
262824,410343,1.000,2424
262825,410168,1.000,3194
262826,409718,1.000,2359
262827,409869,1.000,2359
262827,409870,1.000,2359
262828,409719,1.000,2363
262828,409720,1.000,2359
262829,409706,1.000,2356
262829,409707,1.000,2356
262830,410815,1.000,2377
262831,410750,1.000,1392
262832,409746,1.000,2359
262832,409747,1.000,2359
262833,409877,1.000,2446
262834,410817,1.000,2385
262834,410818,1.000,2385
262835,409323,1.000,2446
262836,410317,1.000,399
262837,410223,1.000,2359
262837,410225,1.000,2359
262838,410403,1.000,2359
262838,410404,1.000,2359
262839,410165,1.000,2359
262839,410166,1.000,2359
262840,410658,2.000,308
262841,410173,1.000,2371
262842,409667,1.000,2428
262842,409668,1.000,486
262842,409669,1.000,490
262842,409670,1.000,491
262843,409464,1.000,2446
262844,409311,1.000,308
262845,409147,1.000,2449
262846,410526,1.000,2359
262846,410527,1.000,2359
262847,409821,1.000,2356
262847,409822,1.000,2356
262848,409391,1.000,2459
262849,410296,1.000,2359
262850,410392,1.000,2371
262851,410218,1.000,2424
262852,409462,1.000,2446
262853,410825,1.000,1129
262854,410389,1.000,2387
262854,410390,1.000,2569
262855,409398,1.000,638
262856,409415,1.000,308
262857,410185,1.000,2359
262857,410186,1.000,2359
262858,409381,1.000,3407
262859,410247,1.000,2359
262860,409705,1.000,2471
262861,410139,1.000,2359
262861,410140,1.000,2359
262862,409476,1.000,308
262863,409643,1.000,2359
262864,410350,1.000,2387
262864,410351,1.000,2387
262865,409676,1.000,2387
262865,409677,1.000,2390
262866,409728,1.000,2457
262866,409729,1.000,405
262867,409778,1.000,2387
262867,409779,1.000,2359
262868,409151,1.000,2449
262869,410291,1.000,2359
262870,410146,1.000,2359
262870,410147,1.000,2359
262871,409432,1.000,2359
262872,410507,1.000,2424
262873,409402,1.000,2457
262873,409403,1.000,405
262874,410158,1.000,2359
262874,410159,1.000,2359
262875,409653,1.000,2385
262876,410009,1.000,2359
262877,410309,1.000,2359
262877,410310,1.000,2359
262878,410288,1.000,2359
262879,410683,1.000,2352
262879,410684,1.000,2352
262880,410275,1.000,2356
262881,410442,1.000,2352
262882,410643,1.000,3488
262883,410444,1.000,2352
262883,410445,1.000,2352
262884,410600,1.000,2352
262884,410601,1.000,2352
262885,410319,1.000,2359
262885,410320,1.000,2359
262886,410382,1.000,2352
262886,410383,1.000,2352
262887,410298,1.000,2359
262888,410608,1.000,2424
262889,410725,1.000,2352
262890,409791,1.000,2368
262891,410253,1.000,2352
262891,410254,1.000,2352
262892,409266,1.000,2457
262892,409267,1.000,405
262893,410443,1.000,2352
262894,409465,1.000,2471
262895,410388,1.000,2467
262896,410199,1.000,2359
262896,410200,1.000,2359
262897,410561,1.000,2352
262898,409990,1.000,2359
262899,410660,1.000,2512
262900,409774,1.000,2472
262901,410636,1.000,2352
262901,410637,1.000,2352
262902,410468,1.000,2352
262902,410469,1.000,2352
262903,410321,1.000,2352
262903,410322,1.000,2352
262904,410681,1.000,2352
262904,410682,1.000,2352
262905,410402,1.000,2352
262906,410551,1.000,2352
262906,410552,1.000,2352
262907,409785,1.000,2395
262908,409216,1.000,2458
262908,409217,1.000,405
262909,410677,1.000,2359
262909,410678,1.000,2359
262910,409692,1.000,2471
262911,410238,1.000,2356
262911,410239,1.000,2356
262912,409775,1.000,2365
262913,410841,1.000,2449
262914,409163,1.000,2416
262915,409115,1.000,2428
262915,409116,1.000,2430
262916,410476,1.000,2424
262917,410148,1.000,2424
262918,409937,1.000,2398
262919,409063,1.000,2521
262920,410482,1.000,2359
262920,410483,1.000,2359
262921,410479,1.000,2371
262922,411152,1.000,1130
262923,410506,1.000,2375
262924,410470,1.000,2359
262924,410471,1.000,2359
262925,410416,1.000,2359
262926,410400,1.000,2359
262927,410415,1.000,2359
262928,410370,1.000,2373
262929,410369,1.000,2359
262930,410365,1.000,2359
262931,410348,1.000,2356
262931,410349,1.000,2356
262932,410287,1.000,2359
262933,410138,1.000,1129
262934,410236,1.000,2359
262934,410237,1.000,2359
262935,410775,1.000,2359
262936,410657,1.000,2389
262937,410751,1.000,2359
262937,410752,1.000,2359
262938,410457,1.000,2359
262938,410458,1.000,2359
262939,410451,1.000,2356
262940,410417,1.000,2352
262941,409480,1.000,2446
262942,409468,1.000,2446
262943,409463,1.000,2449
262944,409425,1.000,2446
262945,410227,1.000,2356
262945,410228,1.000,2356
262946,409979,1.000,2446
262947,410726,1.000,2359
262947,410727,1.000,2359
262948,409530,1.000,2458
262949,409804,1.000,2449
262950,410708,1.000,2424
262951,410049,1.000,2446
262952,410728,1.000,2424
262953,409908,1.000,2446
262954,409542,1.000,2481
262955,409529,1.000,2481
262956,410278,1.000,399
262957,409548,1.000,2442
262957,409549,1.000,3120
262958,410297,1.000,2450
262959,409905,1.000,2449
262960,410655,1.000,2356
262960,410656,1.000,2356
262961,410498,1.000,2359
262961,410499,1.000,2359
262962,411027,1.000,2359
262963,409511,1.000,2481
262964,410753,1.000,2359
262964,410754,1.000,2359
262965,410870,1.000,2359
262965,410871,1.000,2359
262966,410053,1.000,2449
262967,410121,1.000,2446
262968,410286,1.000,399
262969,410902,1.000,2359
262970,410760,1.000,2359
262971,409932,1.000,2449
262972,409916,1.000,2449
262973,410156,1.000,2446
262974,409442,1.000,2428
262974,409443,1.000,2430
262975,410034,1.000,2446
262976,409449,1.000,2428
262976,409450,1.000,2430
262977,410694,1.000,2359
262978,410680,1.000,2359
262979,410852,1.000,2359
262979,410853,1.000,2359
262980,410739,1.000,2359
262981,410710,1.000,2352
262981,410711,1.000,2352
262982,410703,1.000,2352
262983,410743,1.000,2352
262983,410744,1.000,2352
262984,410748,1.000,2352
262985,410222,1.000,2356
262985,410224,1.000,2356
262986,410916,1.000,2352
262986,410917,1.000,2352
262987,410867,1.000,2352
262987,410868,1.000,2352
262988,410782,1.000,2359
262989,410912,1.000,2352
262989,410913,1.000,2352
262990,410950,1.000,2352
262990,410951,1.000,2352
262991,410695,1.000,2352
262991,410696,1.000,2352
262992,409404,1.000,2352
262992,409405,1.000,2352
262993,410784,1.000,2359
262994,410763,1.000,2459
262994,410764,1.000,405
262994,410765,1.000,408
262995,410960,1.000,2352
262996,411011,1.000,2352
262996,411012,1.000,2352
262997,411082,1.000,2352
262998,410847,1.000,2352
262998,410848,1.000,2352
262999,411007,1.000,2352
263000,410736,1.000,2359
263000,410737,1.000,2359
263001,410712,1.000,2352
263001,410713,1.000,2352
263002,410816,1.000,531
263003,410030,1.000,2449
263004,409961,1.000,2449
263005,410705,1.000,2359
263005,410706,1.000,2359
263006,410029,1.000,2449
263007,410733,1.000,2390
263007,410734,1.000,2768
263008,410931,1.000,2352
263008,410932,1.000,2352
263009,411036,1.000,2352
263009,411037,1.000,2352
263010,411047,1.000,2352
263010,411048,1.000,2352
263011,410100,1.000,2449
263012,411194,1.000,2569
263013,411035,1.000,2352
263014,410757,1.000,2352
263015,410898,1.000,2352
263016,411202,1.000,2360
263016,411203,1.000,2360
263017,411067,1.000,2424
263018,409736,1.000,2457
263018,409737,1.000,405
263019,409924,1.000,2449
263020,409588,1.000,2446
263021,409307,1.000,2449
263022,410622,1.000,2356
263022,410623,1.000,2356
263023,410303,1.000,2356
263023,410304,1.000,2356
263024,410520,1.000,2359
263025,409904,1.000,2446
263026,409657,1.000,2460
263026,409658,1.000,405
263026,409659,1.000,408
263027,409831,1.000,2449
263028,409654,1.000,308
263029,410196,1.000,2359
263029,410197,1.000,2359
263030,410198,1.000,2428
263031,409693,1.000,2428
263032,409060,1.000,2428
263033,410464,1.000,2359
263033,410465,1.000,2359
263034,409833,1.000,308
263034,409834,1.000,308
263035,410258,1.000,399
263036,410341,1.000,2359
263036,410342,1.000,2359
263037,410521,1.000,2359
263037,410522,1.000,2359
263038,410280,1.000,2460
263038,410281,1.000,405
263038,410282,1.000,408
263039,409926,1.000,2449
263040,410040,1.000,2449
263041,409581,1.000,2471
263042,410429,1.000,2359
263042,410430,1.000,2359
263043,409741,1.000,2457
263043,409742,1.000,405
263044,409690,1.000,1392
263045,409817,1.000,2457
263045,409818,1.000,405
263046,410490,1.000,2356
263046,410491,1.000,2356
263047,409726,1.000,2457
263048,409787,1.000,2457
263048,409788,1.000,787
263049,409738,1.000,2467
263050,409832,1.000,2446
263051,409687,1.000,2449
263052,409353,1.000,2457
263052,409354,1.000,405
263053,409709,1.000,2457
263054,409772,1.000,2472
263055,409771,1.000,2445
263056,409933,1.000,2494
263057,409336,1.000,2457
263057,409337,1.000,405
263058,409671,1.000,2449
263059,410330,1.000,2385
263059,410331,1.000,2767
263059,410332,1.000,2359
263060,410569,1.000,2359
263061,410770,1.000,2359
263062,410384,1.000,2387
263062,410385,1.000,2387
263063,410821,1.000,2359
263063,410822,1.000,2359
263064,410830,1.000,2359
263065,410495,1.000,2359
263065,410496,1.000,2359
263066,410435,1.000,2359
263066,410436,1.000,2359
263067,410612,1.000,2359
263068,410882,1.000,2359
263068,410883,1.000,2359
263069,410164,1.000,2356
263069,410175,1.000,2356
263070,410401,1.000,2363
263071,410700,1.000,2359
263071,410701,1.000,2359
263072,410461,1.000,2359
263072,410462,1.000,2359
263073,411064,1.000,2359
263074,409780,1.000,2457
263074,409781,1.000,405
263075,409470,1.000,2457
263075,409471,1.000,405
263076,409339,1.000,2457
263076,409340,1.000,405
263077,409724,1.000,2446
263078,409749,1.000,2382
263078,409750,1.000,408
263079,410221,1.000,2424
263080,410493,1.000,2424
263081,409863,1.000,2446
263082,409460,1.000,2471
263083,409795,1.000,2449
263084,410777,1.000,2359
263085,409168,1.000,2362
263086,409655,1.000,2457
263086,409656,1.000,405
263088,410869,1.000,2449
263089,409346,1.000,2443
263090,410183,1.000,2371
263091,409964,1.000,399
263092,410245,1.000,2385
263093,409672,1.000,2449
263094,409753,1.000,2449
263095,410510,1.000,2395
263095,410511,1.000,2359
263096,410279,1.000,2449
263097,410515,1.000,2359
263098,410999,1.000,2352
263098,411000,1.000,2352
263099,410918,1.000,2352
263100,411141,1.000,2352
263101,411149,1.000,2352
263101,411150,1.000,2352
263102,410659,1.000,2352
263103,410339,1.000,2512
263104,409962,1.000,2352
263104,409963,1.000,134
263105,410994,1.000,2352
263105,410995,1.000,2352
263106,411111,1.000,2512
263107,411178,1.000,2352
263107,411179,1.000,2352
263108,410936,1.000,2352
263108,410937,1.000,2352
263109,411139,1.000,2352
263109,411140,1.000,2356
263110,410454,1.000,2359
263110,410455,1.000,2359
263111,409708,1.000,2450
263112,410373,1.000,2446
263113,410855,1.000,2424
263114,411277,1.000,2428
263114,411278,1.000,2430
263115,408813,1.000,2428
263116,411279,2.000,2352
263116,411280,2.000,2352
263117,410201,1.000,2378
263118,409864,1.000,2458
263119,410749,1.000,2424
263120,411115,1.000,2512
263121,410262,1.000,2446
263122,410919,1.000,2457
263122,410920,1.000,787
263123,410531,1.000,2359
263124,409554,1.000,2449
263125,410935,1.000,2446
263126,409664,1.000,2449
263127,410374,1.000,2428
263127,410375,2.000,2430
263128,410301,1.000,2446
263129,410337,1.000,2457
263129,410338,1.000,787
263130,410803,1.000,2387
263131,410268,1.000,2447
263132,410785,1.000,2467
263133,410205,1.000,308
263134,410884,1.000,2387
263135,410872,1.000,2385
263136,410501,1.000,2424
263137,410182,1.000,399
263138,410477,1.000,2387
263139,409379,1.000,308
263140,410126,1.000,308
263141,411201,1.000,2467
263142,410208,2.000,308
263143,410364,1.000,2446
263144,410169,1.000,2446
263145,410363,1.000,2446
263146,410558,1.000,399
263147,410249,1.000,2428
263148,410283,1.000,2467
263149,409862,1.000,2449
263150,411153,1.000,2375
263151,410393,1.000,2467
263152,408968,1.000,2428
263152,408969,1.000,2430
263153,410302,1.000,2446
263154,409985,1.000,2457
263154,409986,1.000,405
263155,411168,1.000,308
263156,410129,1.000,308
263157,410702,1.000,2359
263158,409252,1.000,2428
263159,410229,1.000,2488
263159,410230,1.000,2467
263160,410570,1.000,399
263161,410386,1.000,2368
263162,410866,1.000,2363
263163,410638,1.000,2372
263164,410379,1.000,2428
263164,410380,1.000,2430
263165,410535,1.000,2596
263166,410346,1.000,399
263166,410347,1.000,2862
263167,410603,1.000,2359
263167,410604,1.000,2359
263168,410839,1.000,399
263169,410639,1.000,399
263170,410325,1.000,2397
263171,410914,1.000,2359
263171,410915,1.000,2359
263172,410631,1.000,2387
263173,410255,1.000,399
263174,410667,1.000,2359
263175,410456,1.000,2387
263176,410799,1.000,2458
263176,410800,1.000,405
263177,410874,1.000,2359
263178,410761,1.000,399
263178,410762,1.000,2387
263179,410795,1.000,2457
263179,410796,1.000,787
263180,410704,1.000,2359
263181,410233,1.000,2942
263181,410234,1.000,748
263182,410585,1.000,2371
263183,410460,1.000,3120
263183,411156,1.000,2443
263184,409023,1.000,2426
263184,409024,1.000,2433
263185,411137,1.000,2359
263185,411138,1.000,2359
263186,410613,1.000,2359
263187,411066,1.000,2387
263188,410500,1.000,2359
263189,411157,1.000,2425
263190,409965,1.000,2428
263190,409966,1.000,490
263190,409967,1.000,486
263190,409968,1.000,491
263191,411338,1.000,2569
263192,409489,1.000,2352
263193,409752,1.000,2416
263194,410747,1.000,2359
263195,411044,1.000,2359
263195,411045,1.000,2359
263196,411089,1.000,2360
263196,411090,1.000,2360
263197,410954,1.000,2359
263198,410940,1.000,2359
263198,410941,1.000,2359
263199,410923,1.000,2359
263199,410924,1.000,2359
263200,411057,1.000,2359
263201,411092,1.000,2359
263201,411093,1.000,2359
263202,410989,1.000,2359
263203,410908,1.000,2359
263203,410909,1.000,2359
263204,410890,1.000,2359
263204,410891,1.000,2359
263205,410943,1.000,2359
263205,410944,1.000,2359
263206,410324,1.000,2446
263207,410973,1.000,2359
263207,410974,1.000,2359
263208,410906,1.000,2360
263208,410907,1.000,2360
263209,410336,1.000,2446
263210,410961,1.000,2359
263210,410962,1.000,2359
263211,410948,1.000,2359
263211,410949,1.000,2359
263212,411363,1.000,3408
263213,410980,1.000,2359
263213,410981,1.000,2359
263214,410117,1.000,2446
263214,410118,1.000,2424
263215,411362,35.000,660
263216,410624,1.000,2446
263217,410340,1.000,2446
263218,410450,1.000,2449
263219,411248,1.000,2359
263220,410875,1.000,2359
263221,411107,1.000,2387
263222,410692,1.000,2359
263222,410693,1.000,2356
263223,411104,1.000,2387
263224,410952,1.000,2356
263225,410984,1.000,2359
263225,410985,1.000,2359
263226,411369,22.000,660
263226,411370,4.000,2352
263227,411323,1.000,2352
263227,411324,1.000,2352
263228,411291,1.000,2352
263228,411292,1.000,2359
263229,411372,6.000,660
263230,410448,1.000,2449
263231,410716,1.000,2356
263231,410717,1.000,2356
263232,411299,1.000,2385
263233,411109,1.000,2767
263234,411251,1.000,2359
263235,410860,1.000,2359
263236,411374,18.000,660
263236,411375,2.000,3363
263237,411376,10.000,660
263237,411377,2.000,3363
263238,409913,1.000,2449
263239,410087,1.000,2449
263240,411378,7.000,660
263241,410096,1.000,2449
263242,410781,1.000,2446
263243,410344,1.000,2449
263244,410250,1.000,2457
263244,410251,1.000,405
263245,410679,1.000,2449
263246,410877,1.000,2359
263246,410878,1.000,2359
263247,411072,1.000,2395
263248,411132,1.000,2359
263249,410292,1.000,2450
263250,410740,1.000,2356
263251,411285,1.000,2359
263252,410779,1.000,2449
263253,409563,1.000,2428
263253,409564,1.000,2430
263254,410885,1.000,2359
263255,410652,1.000,2449
263256,410746,1.000,2446
263257,410463,1.000,2449
263258,410776,1.000,2449
263259,410901,1.000,2360
263260,411397,1.000,1129
263261,411410,1.000,522
263262,411432,20.000,660
263263,411433,33.000,660
263263,411434,2.000,3363
263264,410486,1.000,2359
263264,410487,1.000,2359
263265,410440,1.000,2360
263265,410441,1.000,2360
263266,410963,1.000,2359
263266,410964,1.000,2359
263267,409745,1.000,399
263268,410607,1.000,2359
263269,411003,1.000,2359
263269,411004,1.000,2359
263270,410665,1.000,2359
263271,410605,1.000,2360
263272,410809,1.000,2352
263272,410810,1.000,2352
263273,409838,2.000,2430
263273,409839,1.000,486
263273,409840,1.000,490
263273,409841,1.000,491
263273,410930,1.000,2428
263274,410596,1.000,2377
263275,410968,1.000,2359
263275,410969,1.000,2359
263276,410991,1.000,2359
263276,410992,1.000,2359
263277,410789,1.000,2359
263277,410790,1.000,2359
263277,410791,2.000,134
263278,410697,1.000,2359
263279,410835,1.000,2395
263280,410927,1.000,2460
263280,410928,1.000,405
263280,410929,1.000,408
263281,410849,1.000,2385
263282,410774,1.000,2385
263283,410447,1.000,2368
263284,409800,1.000,2359
263285,410413,1.000,2359
263285,410414,1.000,2359
263286,410635,1.000,2424
263287,410977,1.000,2359
263287,410978,1.000,2359
263288,410557,1.000,2368
263289,410533,1.000,2446
263290,411161,1.000,2359
263290,411162,1.000,2359
263291,410105,1.000,405
263291,410106,1.000,408
263291,410621,1.000,2459
263292,410615,1.000,2359
263293,411145,1.000,2359
263293,411146,1.000,2359
263294,410311,1.000,2457
263294,410312,1.000,405
263295,410813,1.000,2488
263296,410433,1.000,2446
263297,410294,1.000,2457
263297,410295,1.000,405
263298,410323,1.000,2449
263299,409688,1.000,2457
263299,409689,1.000,405
263300,409797,1.000,2555
263301,409661,1.000,2460
263301,409662,1.000,405
263301,409663,1.000,408
263302,410124,1.000,2479
263302,410125,1.000,2467
263303,410276,1.000,2458
263303,410277,1.000,405
263304,410397,1.000,2446
263305,410892,1.000,2516
263306,410132,1.000,2458
263306,410133,1.000,405
263307,410412,1.000,2446
263308,410046,1.000,2459
263308,411294,1.000,405
263308,411295,1.000,408
263309,411216,1.000,2352
263310,411229,1.000,2352
263311,411065,1.000,2398
263312,411243,1.000,2352
263312,411244,1.000,2352
263313,411182,1.000,2352
263314,410723,1.000,3738
263314,410724,1.000,3738
263315,411225,1.000,2352
263315,411226,1.000,2352
263316,411353,1.000,2352
263316,411354,1.000,2352
263317,411317,1.000,2352
263317,411318,1.000,2352
263318,411381,1.000,2512
263319,411389,1.000,2353
263319,411390,1.000,2352
263320,410391,1.000,787
263321,411241,1.000,2359
263321,411242,1.000,2359
263322,411110,1.000,615
263323,410933,1.000,2389
263324,410990,1.000,2424
263325,411227,1.000,2359
263325,411228,1.000,2359
263326,410811,1.000,2359
263326,410812,1.000,2359
263327,409855,1.000,2416
263328,410508,1.000,399
263329,410633,1.000,2457
263329,410634,1.000,405
263330,411188,1.000,2359
263330,411189,1.000,2359
263331,409739,1.000,2469
263332,410938,1.000,2359
263332,410939,1.000,2359
263333,410606,1.000,2446
263334,409161,1.000,2428
263334,409162,2.000,2430
263335,410421,1.000,2428
263336,410921,1.000,2425
263337,410212,1.000,308
263338,410424,1.000,2368
263339,411134,1.000,2356
263339,411135,1.000,2359
263340,410537,1.000,2446
263341,410578,1.000,2359
263342,410845,1.000,2424
263343,410823,1.000,2387
263344,411348,1.000,2466
263344,411349,1.000,2466
263345,411315,1.000,2359
263345,411316,1.000,2359
263346,410409,1.000,308
263347,410971,1.000,2359
263348,410509,1.000,2424
263349,408280,1.000,2416
263350,410273,1.000,2428
263350,410274,1.000,2430
263351,410559,1.000,2428
263352,411163,1.000,2359
263352,411164,1.000,2359
263353,410284,1.000,2458
263353,410285,1.000,405
263354,410308,1.000,2449
263355,411127,1.000,2359
263355,411128,1.000,2359
263356,410955,1.000,2359
263356,410956,1.000,2359
263357,410525,1.000,2369
263358,411129,1.000,2361
263359,410035,1.000,2368
263360,411120,1.000,2359
263361,410466,1.000,2449
263362,410663,1.000,2359
263362,410664,1.000,2359
263363,411023,1.000,2377
263364,410591,1.000,2446
263365,410787,1.000,2470
263366,410513,1.000,2488
263367,410512,1.000,399
263368,410366,1.000,2446
263369,410439,1.000,2416
263370,410640,1.000,2460
263370,410641,1.000,405
263370,410642,1.000,408
263370,410644,3.000,2495
263370,410645,3.000,684
263371,409849,1.000,2426
263371,409850,1.000,2433
263372,410538,1.000,2446
263373,410519,1.000,2490
263374,411263,1.000,2387
263375,410367,1.000,2457
263375,410368,1.000,405
263376,411181,1.000,2387
263377,410216,1.000,2480
263378,410625,1.000,2467
263379,410626,1.000,2392
263380,410675,1.000,2457
263380,410676,1.000,405
263381,410478,1.000,2449
263382,410422,1.000,2428
263383,410567,1.000,2458
263383,410568,1.000,405
263384,410161,1.000,2481
263385,410807,1.000,2458
263385,410808,1.000,405
263386,410597,1.000,2460
263387,410801,1.000,399
263387,410802,1.000,2862
263388,410345,1.000,2449
263389,410232,1.000,2426
263390,410528,1.000,2449
263391,411328,1.000,2412
263392,410529,1.000,2449
263392,410530,1.000,1342
263393,410589,1.000,2443
263393,410590,1.000,3120
263394,410575,1.000,2428
263395,410574,1.000,2428
263396,410425,1.000,2449
263397,410259,1.000,2460
263398,411180,1.000,2356
263399,410546,1.000,2457
263399,410547,1.000,405
263400,410544,1.000,2457
263400,410545,1.000,405
263401,411512,1.000,2980
263401,411513,1.000,2488
263402,410378,1.000,405
263403,410242,1.000,486
263403,410243,1.000,490
263403,410244,1.000,491
263403,410707,1.000,2412
263404,410571,1.000,2449
263405,411062,1.000,399
263405,411063,1.000,2862
263406,410666,1.000,2428
263407,410881,1.000,2360
263408,411391,1.000,2449
263409,410720,1.000,2450
263410,410576,1.000,2428
263411,410672,1.000,531
263411,410673,1.000,2424
263412,408688,1.000,2509
263413,410265,1.000,2469
263414,410467,1.000,399
263415,409713,1.000,308
263416,410579,1.000,2471
263416,410580,1.000,2467
263417,409868,1.000,2426
263418,410755,1.000,2460
263418,410756,1.000,405
263419,410405,1.000,2446
263420,410534,1.000,2449
263421,410649,1.000,525
263421,410650,1.000,748
263421,410651,1.000,2569
263422,409819,1.000,2416
263422,409820,1.000,308
263423,410550,2.000,2494
263424,411160,1.000,2363
263425,410257,1.000,399
263426,410038,1.000,2458
263426,410039,1.000,405
263427,410144,1.000,2471
263427,410145,1.000,2467
263428,411514,1.000,2369
263429,410953,1.000,2446
263462,411196,1.000,2359
263463,410709,2.000,308
263464,410732,1.000,2449
263465,410474,1.000,405
263465,410475,1.000,2457
263466,407690,1.000,2446
263467,411579,25.000,660
263468,411581,1.000,3408
263469,410269,1.000,2467
263470,411403,1.000,2356
263470,411404,1.000,2356
263471,411084,1.000,2471
263471,411085,1.000,2467
263472,410780,1.000,2446
263473,411469,1.000,2359
263473,411470,1.000,2359
263474,411646,26.000,660
263475,410715,1.000,2446
263476,410689,1.000,2356
263476,410690,1.000,2356
263477,411282,1.000,2359
263477,411283,1.000,2359
263478,410698,1.000,2356
263478,410699,1.000,2356
263479,411525,1.000,2359
263479,411526,1.000,2359
263480,410674,1.000,2356
263481,410967,1.000,2446
263482,411088,1.000,2424
263483,411332,1.000,2359
263483,411333,1.000,2359
263484,411264,1.000,2387
263485,411438,1.000,2359
263485,411439,1.000,2359
263486,411286,1.000,2359
263486,411287,1.000,2359
263487,411308,1.000,2359
263487,411309,1.000,2359
263488,411428,1.000,2359
263488,411429,1.000,2359
263489,410864,1.000,2356
263489,410865,1.000,2356
263490,410903,1.000,2356
263490,410904,1.000,2356
263491,410965,1.000,2424
263492,409911,1.000,2449
263493,411336,1.000,2359
263494,411325,1.000,2359
263494,411326,1.000,134
263495,411331,1.000,2359
263496,410398,1.000,2458
263496,410399,1.000,405
263497,410745,1.000,2449
263498,411327,1.000,2359
263499,411387,1.000,2359
263499,411388,1.000,2359
263500,411281,1.000,2390
263501,410945,1.000,2356
263501,410946,1.000,2356
263502,411358,1.000,2359
263503,411329,1.000,2359
263504,411038,1.000,2385
263504,411039,1.000,2359
263505,411355,1.000,2371
263506,411524,1.000,2352
263507,411319,1.000,2352
263507,411320,1.000,2352
263508,411310,1.000,2352
263509,411305,1.000,2352
263509,411306,1.000,2352
263510,411462,1.000,2512
263511,411522,1.000,2359
263511,411523,1.000,2359
263512,411671,20.000,660
263513,411124,1.000,399
263514,411675,1.000,2352
263515,410958,1.000,2467
263516,410896,1.000,2356
263516,410897,1.000,2356
263517,410735,1.000,2449
263518,411494,1.000,2359
263519,411446,1.000,2385
263520,409565,1.000,2387
263521,410542,1.000,2458
263521,410543,1.000,405
263522,411268,1.000,2385
263522,411269,1.000,2359
263523,410452,1.000,2458
263523,410453,1.000,405
263524,410893,1.000,2457
263524,410894,1.000,405
263525,410899,1.000,2457
263525,410900,1.000,405
263526,410840,1.000,2363
263527,411009,1.000,2356
263528,410910,1.000,2457
263528,410911,1.000,405
263529,411236,1.000,2481
263530,409969,1.000,399
263531,410834,1.000,2446
263532,410837,1.000,2449
263533,411080,1.000,2428
263533,411081,1.000,2430
263534,411601,1.000,3284
263535,411158,1.000,2359
263536,411208,1.000,308
263537,411435,1.000,2352
263538,410797,1.000,2457
263538,410798,1.000,405
263539,411567,1.000,2352
263540,411791,1.000,522
263541,411626,1.000,2352
263541,411627,1.000,2352
263542,411641,1.000,2352
263542,411642,1.000,2352
263543,411230,1.000,2447
263544,409941,1.000,2352
263545,411220,1.000,2424
263546,411564,1.000,2359
263546,411565,1.000,2352
263547,411639,1.000,2352
263547,411640,1.000,2352
263548,410381,1.000,2376
263549,411497,1.000,2352
263550,411652,1.000,2352
263550,411653,1.000,2352
263551,411473,1.000,2352
263552,411198,1.000,2368
263552,411199,1.000,748
263553,410905,1.000,401
263554,411102,1.000,2377
263555,410548,1.000,2457
263555,410549,1.000,405
263556,410206,1.000,3922
263557,411233,1.000,2488
263558,411448,1.000,2359
263558,411449,1.000,2359
263559,411298,1.000,2371
263560,410975,1.000,2359
263561,411409,1.000,2385
263562,410472,1.000,2428
263563,410668,1.000,2425
263564,410646,1.000,486
263564,410647,1.000,490
263564,410648,1.000,491
263565,410564,1.000,2460
263565,410565,1.000,405
263565,410566,1.000,408
263566,410609,1.000,2449
263567,410484,1.000,2359
263568,411475,1.000,2359
263569,411412,1.000,2359
263569,411413,1.000,2359
263570,410602,1.000,2471
263571,410209,1.000,3922
263572,411219,1.000,2359
263573,411207,1.000,308
263574,410838,1.000,2385
263575,411209,2.000,308
263576,411478,1.000,2359
263577,411597,1.000,2359
263577,411598,1.000,2359
263578,411528,1.000,2359
263579,411584,1.000,2359
263579,411585,1.000,2359
263580,411479,1.000,2359
263581,410886,1.000,2449
263582,411175,1.000,2359
263582,411176,1.000,2359
263583,411405,1.000,2359
263583,411406,1.000,2359
263584,411531,1.000,2359
263584,411532,1.000,2359
263585,411502,1.000,2387
263586,411476,1.000,2363
263587,411455,1.000,2359
263587,411456,1.000,2359
263588,411356,1.000,2359
263588,411357,1.000,2359
263589,411250,1.000,2361
263590,411218,1.000,2359
263591,410536,1.000,2452
263592,411879,1.000,2395
263593,411217,1.000,2387
263594,410539,1.000,2449
263595,411231,1.000,2360
263596,410768,1.000,2457
263596,410769,1.000,787
263597,411471,1.000,2371
263598,410289,1.000,3922
263598,410290,1.000,408
263599,410832,1.000,2457
263599,410833,1.000,405
263600,411423,1.000,2446
263601,410873,1.000,2449
263602,411609,1.000,2552
263603,410714,1.000,2416
263604,411321,1.000,2392
263605,410783,1.000,3946
263606,410947,1.000,405
263607,411594,1.000,2428
263608,411498,1.000,2363
263609,411881,5.000,660
263609,411882,4.000,2352
263610,409500,1.000,2467
263611,411206,1.000,308
263612,410804,1.000,2457
263612,410805,1.000,405
263613,410772,1.000,2457
263613,410773,1.000,405
263614,410593,1.000,2440
263615,411511,1.000,308
263616,410934,1.000,2488
263617,410826,1.000,2446
263618,411054,1.000,2457
263618,411055,1.000,405
263619,410418,1.000,2383
263619,410419,1.000,408
263620,411118,1.000,2457
263620,411119,1.000,405
263621,410846,1.000,2481
263622,410616,1.000,2462
263622,410617,1.000,405
263623,411400,1.000,2359
263624,410627,1.000,2428
263624,410628,1.000,2430
263625,410729,1.000,2446
263626,411273,1.000,2356
263627,411130,1.000,2356
263628,411288,1.000,2459
263628,411289,1.000,405
263628,411290,1.000,408
263629,409408,1.000,2416
263630,410827,1.000,2459
263630,410828,1.000,405
263630,410829,1.000,408
263631,411607,1.000,2359
263631,411608,1.000,2359
263632,410861,1.000,399
263633,411257,1.000,399
263633,411258,1.000,2862
263633,411259,1.000,646
263634,411240,1.000,399
263635,410721,1.000,2442
263635,410722,1.000,3120
263636,410879,1.000,399
263636,410880,1.000,2862
263637,410718,1.000,2442
263637,410719,1.000,3120
263638,411056,1.000,2446
263639,411447,1.000,2449
263640,411058,1.000,2428
263640,411059,1.000,486
263640,411060,1.000,490
263640,411061,1.000,491
263641,411886,1.000,2467
263642,411256,1.000,2356
263643,410842,1.000,2460
263643,410843,1.000,405
263643,410844,1.000,408
263644,410661,1.000,2428
263644,410662,1.000,2430
263645,410313,1.000,2416
263646,411311,1.000,2356
263647,410553,1.000,2416
263648,411051,1.000,2460
263648,411052,1.000,405
263648,411053,1.000,408
263649,410856,1.000,2460
263649,410857,1.000,405
263649,410858,1.000,408
263650,411440,1.000,2359
263651,410632,1.000,2375
263652,411307,1.000,2359
263653,411367,1.000,2359
263653,411368,1.000,2359
263654,411001,1.000,2428
263654,411002,1.000,2430
263655,411340,1.000,2595
263656,411193,1.000,3946
263657,411028,1.000,2424
263658,410758,1.000,2383
263658,410759,1.000,408
263659,410671,1.000,2471
263660,411887,1.000,2460
263660,411888,1.000,405
263661,410738,1.000,2481
263662,411174,1.000,2449
263663,411713,1.000,2359
263663,411714,1.000,2359
263664,411022,1.000,2409
263665,411393,1.000,2359
263665,411394,1.000,2359
263666,410572,1.000,2596
263667,411962,1.000,2356
263668,411599,1.000,2385
263669,411704,1.000,2385
263670,411661,1.000,2359
263670,411662,1.000,2359
263671,411049,1.000,2449
263672,411094,1.000,2442
263672,411095,1.000,3120
263673,411645,1.000,2387
263674,410970,1.000,2457
263674,411083,1.000,405
263675,411659,1.000,2359
263675,411660,1.000,2359
263676,411445,1.000,2356
263677,411297,1.000,2356
263678,411284,1.000,2446
263679,411657,1.000,2359
263679,411658,1.000,2359
263680,411628,1.000,2359
263680,411629,1.000,2359
263681,411339,1.000,2446
263682,411699,1.000,2359
263683,411457,1.000,2359
263684,411613,1.000,2359
263685,411068,1.000,2457
263685,411069,1.000,405
263686,411863,1.000,2352
263686,411864,1.000,2352
263687,411853,1.000,2352
263687,411854,1.000,2352
263688,411898,1.000,2511
263689,411820,1.000,2352
263690,411841,1.000,2352
263690,411842,1.000,2352
263691,411838,1.000,2352
263692,411851,1.000,2352
263692,411852,1.000,2352
263693,411683,1.000,2352
263693,411684,1.000,2352
263694,411204,1.000,2356
263694,411205,1.000,2356
263695,411359,1.000,2359
263695,411360,1.000,2359
263696,411849,1.000,2359
263696,411850,1.000,2359
263697,411733,1.000,2359
263697,411734,1.000,2359
263698,411330,1.000,2377
263699,411656,1.000,2359
263700,411042,1.000,2428
263701,410492,1.000,399
263702,411861,1.000,2371
263703,411076,1.000,2428
263704,411740,1.000,2352
263704,411741,1.000,2352
263705,411905,1.000,2449
263706,412023,1.000,2352
263706,412024,1.000,2352
263707,411185,1.000,2359
263708,411186,1.000,2359
263709,409251,1.000,2449
263710,411517,1.000,2359
263711,410555,1.000,2457
263711,410556,1.000,405
263712,411487,1.000,2424
263713,411087,1.000,2378
263714,411200,1.000,2426
263715,411371,1.000,2426
263716,411685,1.000,2359
263716,411686,1.000,2359
263717,411399,1.000,2426
263718,411382,1.000,2426
263719,411576,1.000,2359
263720,411499,1.000,2426
263720,411500,1.000,2433
263721,411073,1.000,2460
263721,411074,1.000,405
263721,411075,1.000,408
263722,410876,1.000,2552
263723,411024,1.000,2460
263724,411595,1.000,2458
263724,411596,1.000,405
263725,411077,1.000,2460
263725,411078,1.000,405
263725,411079,1.000,408
263726,411025,1.000,3922
263726,411026,1.000,408
263727,411385,1.000,2356
263727,411386,1.000,2356
263728,411154,1.000,2424
263728,411155,1.000,308
263729,411021,1.000,2449
263730,411451,1.000,2371
263731,411252,1.000,2356
263732,411415,1.000,2424
263733,411461,1.000,2449
263734,411237,1.000,2449
263735,411245,1.000,399
263736,411265,1.000,308
263737,411465,1.000,2449
263738,411689,1.000,2359
263738,411690,1.000,2359
263739,411361,1.000,2449
263740,411071,1.000,2450
263741,411235,1.000,2449
263742,410959,1.000,2449
263743,411643,1.000,2359
263743,411644,1.000,2359
263744,411271,2.000,308
263745,411030,1.000,308
263746,411006,1.000,308
263747,411604,1.000,2446
263748,411246,1.000,2356
263748,411247,1.000,2356
263749,411034,1.000,2446
263750,410998,1.000,2446
263751,410972,1.000,2490
263752,411570,1.000,2385
263752,411571,1.000,3556
263753,411070,1.000,2446
263754,411486,1.000,2446
263755,411472,1.000,2446
263756,411519,1.000,2387
263757,411341,1.000,2457
263757,411342,1.000,405
263757,411343,1.000,2467
263758,411169,1.000,2457
263758,411170,1.000,405
263759,411013,1.000,2457
263759,411014,1.000,405
263759,411015,1.000,486
263759,411016,1.000,491
263759,411017,1.000,490
263760,411222,1.000,2457
263760,411223,1.000,405
263760,411224,1.000,2862
263761,411489,1.000,2424
263762,410502,1.000,2428
263762,410503,1.000,490
263762,410504,1.000,599
263762,410505,1.000,491
263763,411505,1.000,2457
263763,411506,1.000,405
263764,410794,1.000,2426
263765,411407,1.000,2457
263765,411408,1.000,405
263766,410986,1.000,2446
263767,410446,1.000,2428
263768,411365,1.000,2488
263769,411426,1.000,2359
263770,411105,1.000,2442
263770,411106,1.000,3120
263771,411816,1.000,2352
263772,411910,1.000,2352
263772,411911,1.000,2352
263773,411610,1.000,2359
263773,411611,1.000,2359
263774,411952,1.000,2352
263774,411953,1.000,2352
263775,412005,1.000,2352
263776,411588,1.000,2359
263776,411589,1.000,2359
263777,411810,1.000,2352
263778,411823,1.000,2352
263778,411824,1.000,2352
263779,411941,1.000,2352
263779,411942,1.000,2352
263780,412039,1.000,2352
263780,412040,1.000,2352
263781,410850,1.000,2428
263781,410851,1.000,2430
263782,411832,1.000,2352
263782,411833,1.000,2352
263783,411587,1.000,2387
263784,411452,1.000,2449
263785,411450,1.000,2449
263786,411312,1.000,2359
263787,411761,1.000,2352
263787,411762,1.000,2352
263788,411605,1.000,2359
263788,411606,1.000,2359
263789,411031,1.000,2356
263789,411032,1.000,2356
263790,411946,1.000,2352
263790,411947,1.000,2352
263791,411510,1.000,2424
263792,412002,1.000,2352
263792,412003,1.000,2352
263793,411681,1.000,2359
263793,411682,1.000,2359
263794,411261,1.000,2428
263794,411262,1.000,2430
263795,411050,1.000,2428
263796,410824,1.000,2552
263797,411857,1.000,399
263798,411501,1.000,2776
263799,410987,1.000,2416
263800,410983,1.000,2416
263801,411582,1.000,399
263801,411583,1.000,2862
263802,410540,1.000,2426
263802,410541,1.000,2433
263803,411960,1.000,2387
263804,410489,1.000,2416
263805,411454,1.000,2424
263806,410976,1.000,2495
263807,411695,1.000,2359
263808,411665,1.000,2359
263808,411666,1.000,2359
263809,411453,1.000,2449
263810,410771,1.000,2471
263811,410333,1.000,2509
263812,411562,1.000,2455
263813,411101,1.000,399
263814,411663,1.000,2457
263814,411664,1.000,405
263815,411337,1.000,2424
263816,411867,1.000,2467
263817,411980,1.000,2359
263817,411981,1.000,2352
263817,411988,1.000,134
263818,411096,1.000,2460
263818,411097,1.000,405
263818,411098,1.000,408
263819,411516,1.000,2359
263820,412213,1.000,2569
263821,411249,1.000,2471
263822,411364,1.000,2446
263823,412106,1.000,2357
263823,412107,1.000,2357
263824,411345,1.000,2387
263824,411346,1.000,2424
263825,411722,1.000,815
263826,411673,1.000,2457
263826,411674,1.000,405
263827,411602,1.000,2389
263828,412217,1.000,2449
263829,411008,1.000,2446
263830,411593,1.000,2449
263831,412219,6.000,2951
263832,411624,1.000,2359
263833,412220,1.000,2569
263834,411018,1.000,2459
263834,411019,1.000,405
263834,411020,1.000,408
263835,411005,1.000,2447
263836,411723,1.000,2359
263837,411765,1.000,2359
263837,411766,1.000,2359
263838,411395,1.000,2446
263839,411776,1.000,2359
263840,411770,1.000,399
263841,411253,1.000,2459
263841,411254,1.000,405
263841,411255,1.000,408
263842,411904,1.000,2387
263843,411620,1.000,2862
263844,411700,1.000,2385
263844,411701,1.000,2359
263845,411751,1.000,2359
263845,411752,1.000,2359
263846,411767,1.000,2359
263846,411768,1.000,2359
263847,411215,1.000,2398
263848,412061,1.000,2387
263849,411777,1.000,399
263850,411234,1.000,2428
263851,411490,1.000,2428
263851,411491,2.000,2430
263852,411989,1.000,2359
263852,411990,1.000,2359
263853,410485,1.000,2416
263854,411705,1.000,2359
263854,411706,1.000,2359
263855,411167,1.000,2416
263856,411383,1.000,2359
263857,411396,1.000,2356
263858,411932,1.000,2392
263859,410052,1.000,2481
263859,411121,1.000,787
263859,411122,1.000,2457
263860,411148,1.000,2449
263861,411817,1.000,2360
263862,411212,1.000,2358
263863,411463,1.000,2356
263863,411464,1.000,2356
263864,411955,1.000,2460
263864,411956,1.000,405
263864,411957,1.000,408
263865,412058,1.000,2359
263866,411213,1.000,2442
263866,411214,1.000,3120
263867,411876,1.000,2467
263868,411474,1.000,2424
263869,411667,1.000,2356
263870,411746,1.000,2359
263870,411747,1.000,2359
263871,411971,1.000,2359
263872,412222,1.000,308
263873,411625,1.000,2354
263874,411743,1.000,2359
263875,410926,1.000,2449
263876,411918,1.000,2460
263876,411919,1.000,405
263877,410922,1.000,2449
263878,410895,1.000,2449
263879,411334,1.000,2449
263880,411392,1.000,2446
263881,411043,1.000,2449
263882,410993,1.000,2449
263883,409910,1.000,2449
263884,411293,1.000,2449
263885,411421,1.000,2449
263886,411046,1.000,2449
263887,411322,1.000,2449
263888,411091,1.000,2446
263889,411267,1.000,308
263890,411458,1.000,2416
263891,411821,1.000,2424
263892,412224,1.000,2359
263892,412225,1.000,2359
263893,412184,1.000,2387
263894,411335,1.000,2446
263895,410054,1.000,2449
263896,410097,1.000,2449
263897,409947,1.000,2449
263898,409918,1.000,2449
263899,412036,2.000,2352
263899,412037,1.000,2352
263900,412096,1.000,2352
263900,412097,1.000,2352
263901,412226,1.000,2352
263902,412284,1.000,2352
263902,412285,1.000,2352
263903,412223,1.000,2352
263904,410092,1.000,2449
263905,411923,1.000,2512
263906,410089,1.000,2449
263907,412296,1.000,2352
263907,412297,1.000,2352
263908,412045,1.000,2352
263908,412046,1.000,2352
263909,409929,1.000,2449
263910,412269,1.000,2352
263910,412270,1.000,2352
263911,410088,1.000,2449
263912,412258,1.000,2352
263912,412259,1.000,2352
263913,412243,1.000,2352
263913,412244,1.000,2352
263914,412194,1.000,2449
263915,411811,1.000,308
263916,411835,1.000,2359
263916,411836,1.000,2359
263917,411805,1.000,2356
263917,411806,1.000,2356
263918,411753,1.000,2359
263918,411754,1.000,2359
263919,412010,1.000,2359
263920,412006,1.000,2359
263921,412245,1.000,2352
263921,412246,1.000,2352
263922,412009,1.000,2359
263923,411715,1.000,2359
263923,411716,1.000,2359
263924,411827,1.000,2359
263925,411796,1.000,2359
263925,411797,1.000,2359
263926,411868,1.000,2359
263927,411830,1.000,2359
263927,411831,1.000,2359
263928,411711,1.000,2356
263928,411712,1.000,2356
263929,411834,1.000,2371
263930,410108,1.000,2446
263931,411707,1.000,2356
263931,411708,1.000,2356
263932,409922,1.000,2446
263933,412212,1.000,2446
263934,409912,1.000,2446
263935,409942,1.000,2446
263936,411825,1.000,2359
263937,412065,1.000,308
263938,411029,1.000,2449
263939,412092,1.000,2428
263940,412115,1.000,2494
263941,411466,1.000,2457
263941,411482,1.000,405
263942,412207,1.000,2352
263943,412355,1.000,2352
263944,412028,1.000,2359
263944,412029,1.000,2359
263945,411350,1.000,2494
263945,411351,1.000,2494
263946,411669,1.000,2359
263946,411670,1.000,2359
263947,412229,1.000,2359
263947,412230,1.000,2359
263948,411917,1.000,2359
263949,411720,1.000,2356
263949,411721,1.000,2356
263950,411915,1.000,2359
263951,412162,1.000,2363
263952,411837,1.000,2359
263953,411159,1.000,2503
263954,411771,1.000,2356
263954,411772,1.000,2356
263955,412062,1.000,2360
263956,412021,1.000,2356
263956,412022,1.000,2356
263957,411417,1.000,2441
263958,410111,1.000,2446
263959,411818,1.000,2428
263959,411819,1.000,2430
263960,412344,1.000,2352
263961,412416,1.000,2352
263962,412120,1.000,2356
263962,412121,1.000,2356
263963,412117,1.000,2356
263963,412118,1.000,2356
263964,412113,1.000,2356
263965,411099,1.000,2416
263966,410988,1.000,2416
263967,412439,1.000,2359
263967,412440,1.000,2359
263968,412070,1.000,2359
263969,412056,1.000,2359
263969,412057,1.000,2359
263970,412054,1.000,2359
263971,412234,1.000,2359
263972,412027,1.000,2446
263973,411931,1.000,2449
263974,412174,1.000,2374
263975,411793,1.000,2446
263976,411781,1.000,2446
263977,412078,1.000,2359
263977,412079,1.000,2359
263978,412255,1.000,2359
263979,411935,1.000,2449
263980,412235,1.000,2359
263980,412236,1.000,2359
263981,412084,1.000,2359
263981,412085,1.000,2359
263982,412315,1.000,2387
263983,412080,1.000,2359
263983,412081,1.000,2359
263984,412063,1.000,2424
263985,411792,1.000,2449
263986,412298,1.000,2359
263986,412299,1.000,2359
263987,412316,1.000,2387
263988,411788,1.000,2449
263989,412400,1.000,2352
263990,412265,1.000,2359
263990,412266,1.000,2359
263991,411928,1.000,2449
263992,412237,1.000,2359
263992,412238,1.000,2359
263993,412170,1.000,2363
263993,412171,1.000,2387
263994,412342,1.000,2617
263994,412343,1.000,405
263995,412397,1.000,2449
263996,411672,1.000,2449
263997,411696,1.000,2390
263998,411779,1.000,2449
263999,412114,1.000,2359
264000,412205,1.000,2359
264000,412206,1.000,2862
264001,411790,1.000,2449
264002,412048,1.000,2467
264003,412202,1.000,2359
264004,411783,1.000,2449
264005,412300,1.000,2359
264006,411780,1.000,2449
264007,412261,1.000,2359
264008,412233,1.000,2372
264009,411786,1.000,2449
264010,412264,1.000,2359
264011,411802,1.000,2449
264012,412178,1.000,2449
264013,411760,1.000,2446
264014,411785,1.000,2449
264015,412041,1.000,2449
264016,411936,1.000,2449
264017,412289,1.000,2359
264017,412290,1.000,2359
264018,411694,1.000,2449
264019,412251,1.000,2359
264019,412252,1.000,2359
264020,412280,1.000,2359
264020,412281,1.000,2359
264021,412356,1.000,2359
264021,412357,1.000,2359
264022,412004,1.000,2449
264023,412353,1.000,2359
264023,412354,1.000,2359
264024,412372,1.000,2359
264025,412444,1.000,2387
264025,412445,1.000,2387
264026,412247,1.000,2359
264026,412248,1.000,2359
264027,412278,1.000,2359
264027,412279,1.000,2359
264028,412271,1.000,2359
264029,411737,1.000,2359
264029,411738,1.000,2359
264030,412594,1.000,490
264030,412595,1.000,486
264031,412014,1.000,2382
264031,412593,1.000,408
264032,412083,1.000,2363
264033,412256,1.000,2359
264033,412257,1.000,2356
264034,412291,1.000,2359
264034,412292,1.000,2359
264035,412253,1.000,2359
264035,412254,1.000,2359
264036,412188,1.000,2449
264037,412276,1.000,2359
264037,412277,1.000,2359
264038,411858,1.000,2449
264039,412283,1.000,2387
264040,412305,1.000,2359
264041,412282,1.000,2449
264042,412275,1.000,2390
264043,411913,1.000,2481
264043,412015,1.000,2378
264044,412268,1.000,2375
264045,411846,1.000,2460
264045,411847,1.000,405
264045,411848,1.000,408
264046,412267,1.000,2363
264047,411950,1.000,2442
264048,411136,1.000,2428
264048,411221,1.000,915
264049,412401,1.000,2359
264050,412597,2.000,1130
264051,412067,1.000,399
264052,412363,1.000,2377
264053,411142,1.000,2428
264053,411143,1.000,399
264053,411144,1.000,486
264053,412599,1.000,491
264054,412181,1.000,2460
264054,412182,1.000,405
264054,412606,1.000,408
264055,412692,1.000,2449
264056,412042,1.000,2385
264057,411998,1.000,2359
264057,411999,1.000,2359
264058,411977,1.000,2356
264058,411978,1.000,2356
264059,411996,1.000,2359
264060,411896,1.000,2356
264061,411773,1.000,2424
264062,411384,1.000,2449
264063,411784,1.000,2424
264064,411899,1.000,2359
264064,411900,1.000,2359
264065,411839,1.000,2356
264065,411840,1.000,2356
264066,411789,1.000,2359
264067,411775,1.000,2424
264068,411709,1.000,2359
264068,411710,1.000,2359
264069,411647,1.000,2356
264069,411648,1.000,2356
264070,411725,1.000,2359
264071,412000,1.000,2359
264071,412001,1.000,2359
264072,411735,1.000,2359
264072,411736,1.000,2359
264073,411266,1.000,2416
264074,411718,1.000,2424
264074,411719,1.000,2387
264075,411991,1.000,2359
264075,411992,1.000,2359
264076,411774,1.000,2424
264077,411729,1.000,2428
264078,411732,1.000,2428
264079,411190,1.000,2378
264080,412497,1.000,2439
264081,412580,1.000,2352
264082,411862,1.000,2446
264083,412340,1.000,2352
264083,412341,1.000,2352
264084,412110,1.000,399
264084,412148,1.000,2862
264085,412516,1.000,2352
264085,412517,1.000,2352
264086,411828,1.000,2359
264086,411829,1.000,2359
264087,412424,1.000,2352
264087,412425,1.000,2352
264088,411633,1.000,2428
264088,411634,1.000,2430
264089,412423,1.000,2512
264090,412611,1.000,2352
264091,412498,1.000,2352
264091,412499,1.000,2352
264092,411483,1.000,2426
264092,411484,1.000,2433
264093,412468,1.000,2352
264094,412382,1.000,2352
264095,411812,1.000,2428
264096,412625,1.000,2352
264096,412626,1.000,2352
264097,412388,1.000,2352
264097,412389,1.000,2352
264098,411416,1.000,2428
264099,412375,1.000,2352
264099,412376,1.000,2352
264100,411748,1.000,2428
264101,412502,1.000,2352
264102,411591,1.000,2416
264103,412447,1.000,2352
264104,412331,1.000,2359
264105,411897,1.000,2356
264106,412687,1.000,2390
264107,412163,1.000,2457
264107,412164,1.000,405
264108,412200,1.000,2458
264109,412374,1.000,2460
264110,412506,1.000,2360
264110,412507,1.000,2360
264111,412102,1.000,2352
264112,411739,1.000,2428
264113,412104,1.000,2352
264113,412105,1.000,2352
264114,412047,1.000,2352
264115,412086,1.000,2881
264116,412049,1.000,2352
264116,412050,1.000,2352
264117,412111,1.000,2446
264118,412126,1.000,2352
264118,412127,1.000,2352
264119,411401,1.000,2458
264119,411402,1.000,405
264120,411855,1.000,2446
264121,411314,1.000,2357
264122,411187,1.000,2359
264123,412025,1.000,2359
264123,412026,1.000,2359
264124,412093,1.000,2359
264125,411985,1.000,2359
264126,412326,1.000,2359
264127,411912,1.000,2359
264128,411901,1.000,2359
264128,411902,1.000,2359
264129,411744,1.000,2360
264129,411745,1.000,2360
264130,412179,1.000,2359
264130,412180,1.000,2359
264131,412536,1.000,2457
264132,412147,1.000,2359
264133,412100,1.000,2359
264134,411414,1.000,2449
264135,411637,1.000,399
264135,411638,1.000,2488
264136,411100,1.000,2416
264137,411983,1.000,3946
264138,412034,1.000,2387
264139,411654,1.000,2428
264139,411655,1.000,2430
264140,412466,1.000,3194
264141,412312,1.000,2455
264142,412338,1.000,2387
264143,411612,2.000,308
264144,412508,1.000,2424
264145,412596,1.000,308
264146,412196,1.000,2387
264147,412209,1.000,2387
264148,412409,1.000,2359
264149,412101,1.000,2356
264150,412087,1.000,2356
264151,412192,1.000,2385
264151,412193,1.000,2359
264152,411131,1.000,308
264153,412398,1.000,2359
264154,412712,1.000,2428
264154,412713,1.000,2430
264155,412173,1.000,2371
264156,411794,1.000,399
264157,411441,1.000,2428
264157,411442,1.000,490
264157,411443,1.000,486
264157,411444,1.000,491
264158,412518,1.000,399
264159,412140,1.000,2387
264160,411995,1.000,2424
264161,412215,1.000,2449
264162,412211,1.000,2359
264163,412082,1.000,2356
264164,412017,1.000,2359
264165,411907,1.000,2372
264166,412491,1.000,2359
264166,412492,1.000,2359
264167,411948,1.000,2356
264167,411949,1.000,2356
264168,412546,1.000,2359
264168,412547,1.000,2356
264169,412533,1.000,2359
264169,412534,1.000,2359
264170,411296,1.000,2359
264171,412481,1.000,2359
264171,412482,1.000,2359
264172,412455,1.000,2359
264172,412456,1.000,2387
264173,411813,1.000,2460
264173,411814,1.000,405
264173,411815,1.000,408
264174,411972,1.000,2359
264174,411973,1.000,2359
264175,412412,1.000,2359
264176,411590,1.000,2450
264177,412183,1.000,2594
264178,412477,1.000,2359
264178,412478,1.000,2359
264179,412324,1.000,2371
264180,411191,1.000,2428
264181,411975,1.000,2356
264181,411976,1.000,2359
264182,411352,1.000,2449
264183,411726,1.000,2488
264183,411727,1.000,2467
264184,411787,1.000,2424
264185,412504,1.000,2359
264186,412019,1.000,2359
264187,411769,1.000,636
264188,411621,1.000,2509
264189,412714,1.000,2375
264189,412715,1.000,2997
264190,412103,1.000,2356
264191,411878,1.000,2385
264192,411984,1.000,2359
264193,412717,1.000,2404
264194,412955,1.000,2439
264195,413005,6.000,660
264196,412272,1.000,2358
264197,412294,1.000,2356
264198,412249,1.000,2356
264198,412250,1.000,2356
264199,412627,1.000,2359
264200,412688,1.000,2359
264200,412689,1.000,2359
264201,412632,1.000,2359
264201,412633,1.000,2359
264202,412346,1.000,2356
264202,412347,1.000,2385
264203,412630,1.000,2359
264203,412631,1.000,2359
264204,412301,1.000,2356
264204,412302,1.000,2356
264205,412362,1.000,2446
264206,412760,1.000,2352
264206,412761,1.000,2352
264207,412647,1.000,2424
264208,412578,1.000,2352
264208,412579,1.000,2352
264209,412620,1.000,2352
264210,412350,1.000,399
264211,412612,1.000,2352
264211,412613,1.000,2356
264212,412603,1.000,2457
264212,412604,1.000,405
264213,412670,1.000,531
264214,412572,1.000,2352
264214,412573,1.000,2352
264215,412263,1.000,2449
264216,412757,1.000,2352
264217,412295,1.000,2359
264218,412708,1.000,2352
264219,412448,1.000,2389
264219,412449,1.000,3379
264220,412668,1.000,2359
264220,412669,1.000,2359
264221,412628,1.000,2352
264222,412334,1.000,2359
264223,412763,2.000,2352
264224,412775,1.000,2352
264225,412653,1.000,2359
264225,412654,1.000,2359
264226,412556,1.000,2352
264226,412557,1.000,2352
264227,412722,1.000,2352
264227,412723,1.000,2352
264228,412711,1.000,2368
264229,412657,1.000,2359
264230,412558,1.000,2359
264230,412559,1.000,2359
264231,413007,1.000,3876
264232,413008,3.000,2352
264233,413015,1.000,2569
264234,413014,1.000,2951
264235,413013,1.000,2951
264236,413080,1.000,2352
264236,413081,1.000,2352
264237,411586,18.000,4027
264238,411603,18.000,4027
264239,411937,1.000,2449
264240,412430,1.000,2359
264241,411467,1.000,2416
264242,411826,1.000,2428
264243,412208,1.000,2449
264244,411795,1.000,2449
264245,412588,1.000,2359
264245,412589,1.000,2359
264246,412410,1.000,2359
264246,412411,1.000,2359
264247,412122,1.000,399
264248,412696,1.000,405
264248,413006,1.000,2457
264249,412422,1.000,2385
264250,412403,1.000,2359
264250,412404,1.000,2359
264251,412417,1.000,2359
264251,412418,1.000,2359
264252,412605,1.000,2359
264253,412699,1.000,2495
264254,411503,1.000,2457
264254,411504,1.000,405
264255,411916,1.000,2460
264255,412030,1.000,405
264256,411759,1.000,308
264257,411422,1.000,2481
264258,412590,1.000,2363
264258,412591,1.000,2359
264259,412479,1.000,2359
264259,412480,1.000,2359
264260,412386,1.000,2359
264260,412387,1.000,2359
264261,412191,1.000,2428
264262,411856,1.000,2446
264263,411651,1.000,2446
264264,413086,14.000,660
264265,410669,1.000,2446
264266,413087,10.000,660
264267,411485,1.000,2525
264268,413088,1.000,3408
264269,412131,1.000,2457
264269,412132,1.000,405
264270,413090,10.000,660
264271,411600,1.000,2449
264272,411574,1.000,2471
264272,411575,1.000,308
264273,411650,1.000,2446
264274,413091,1.000,3408
264275,413027,1.000,2457
264275,413028,1.000,405
264276,411693,1.000,2446
264277,411872,1.000,2382
264277,411873,1.000,408
264278,413092,10.000,660
264279,411922,1.000,2428
264280,411477,1.000,2446
264281,412142,1.000,2424
264282,411906,1.000,399
264283,412562,1.000,2390
264284,412926,1.000,2352
264285,412902,1.000,2352
264286,413044,1.000,2352
264286,413045,1.000,2352
264287,412815,1.000,2352
264287,412816,1.000,2352
264288,412857,1.000,2352
264289,411635,1.000,2457
264289,411636,1.000,405
264290,411459,1.000,2457
264290,411460,1.000,405
264291,412954,1.000,2352
264292,412801,1.000,2352
264293,412145,1.000,2424
264294,412946,1.000,2352
264294,412947,1.000,2352
264295,412804,1.000,2352
264296,413040,1.000,2352
264296,413041,1.000,2352
264297,412135,1.000,2459
264297,412136,1.000,405
264297,412137,1.000,408
264298,411728,1.000,2449
264299,411420,1.000,2481
264300,412413,1.000,2359
264301,411492,2.000,308
264302,412813,1.000,2352
264303,411908,1.000,2356
264303,411909,1.000,2356
264304,412784,1.000,2356
264304,412785,1.000,2356
264305,412843,1.000,2352
264305,412844,1.000,2352
264306,412788,1.000,2352
264306,412789,1.000,2359
264307,412099,1.000,787
264308,412792,1.000,2352
264309,412407,1.000,2458
264309,412408,1.000,405
264310,412665,1.000,2359
264310,412666,1.000,2359
264311,412391,1.000,2359
264312,412553,1.000,2359
264313,411614,1.000,2460
264313,411615,1.000,405
264313,411616,1.000,408
264314,412697,1.000,2356
264314,412698,1.000,2352
264315,412450,1.000,2359
264315,412451,1.000,2359
264316,411822,1.000,2449
264317,412500,1.000,2359
264317,412501,1.000,2359
264318,412944,1.000,2352
264318,412945,1.000,2356
264319,412586,1.000,2359
264319,412587,1.000,2359
264320,412486,1.000,2359
264320,412487,1.000,2359
264321,411419,1.000,2491
264322,411808,1.000,2446
264323,412656,1.000,2356
264324,413035,1.000,2942
264325,411755,1.000,2428
264325,411756,1.000,486
264325,411757,1.000,490
264325,411758,1.000,491
264325,411967,1.000,486
264325,411968,1.000,490
264326,412167,1.000,399
264326,412168,1.000,2862
264326,412169,1.000,915
264327,411951,1.000,2446
264328,412336,1.000,2356
264328,412337,1.000,2356
264329,411427,1.000,2552
264330,412921,1.000,2359
264331,412035,1.000,2377
264332,412524,1.000,2395
264333,411691,1.000,2457
264333,411692,1.000,405
264334,411702,1.000,2457
264334,411703,1.000,405
264335,411572,1.000,2439
264336,411211,1.000,399
264337,412521,1.000,2424
264338,412390,1.000,2359
264339,412460,1.000,2359
264339,412461,1.000,2359
264340,411573,1.000,308
264341,412645,1.000,2359
264341,412646,1.000,2359
264342,411496,1.000,308
264343,412415,1.000,2359
264344,412052,1.000,2467
264345,411893,1.000,2484
264346,411903,1.000,2368
264347,412189,1.000,2428
264347,412190,1.000,2432
264348,412457,1.000,2363
264349,412551,1.000,399
264349,412552,1.000,2862
264350,411430,1.000,3407
264350,411431,1.000,408
264351,412335,1.000,2449
264352,411894,1.000,308
264353,411875,1.000,2481
264354,412144,1.000,2424
264355,411300,1.000,2460
264355,411301,1.000,405
264355,411302,1.000,408
264356,407129,1.000,2983
264357,412912,1.000,2359
264358,411763,1.000,2458
264358,411764,1.000,405
264359,411630,1.000,2460
264359,411631,1.000,405
264359,411632,1.000,408
264360,411869,1.000,2457
264360,411870,1.000,405
264361,412195,1.000,2458
264362,412488,1.000,2424
264363,412032,1.000,2424
264364,411979,1.000,399
264365,411929,1.000,2484
264366,412778,1.000,2390
264367,412467,1.000,2424
264368,412379,1.000,2357
264368,412380,1.000,2357
264369,412900,1.000,2359
264369,412901,1.000,2359
264370,412709,1.000,2359
264371,412462,1.000,2359
264371,412463,1.000,2359
264372,412567,1.000,2359
264372,412568,1.000,2359
264373,412682,1.000,2387
264374,412956,1.000,2395
264375,411924,1.000,2395
264375,411925,1.000,2356
264376,412983,1.000,2359
264376,412984,1.000,2359
264377,411987,1.000,2385
264378,413016,1.000,2359
264378,413017,1.000,2359
264379,412133,1.000,308
264380,412007,1.000,2359
264380,412008,1.000,2359
264381,411877,1.000,2450
264382,412020,1.000,2424
264383,411618,1.000,2383
264383,411619,1.000,408
264384,411418,1.000,2489
264385,412823,1.000,2449
264386,411921,1.000,2463
264387,412383,1.000,2395
264388,412950,1.000,2359
264389,411782,1.000,2449
264390,412351,1.000,2426
264391,411986,1.000,2376
264392,413061,1.000,3738
264392,413066,1.000,3738
264393,411697,1.000,2359
264393,411698,1.000,2359
264394,412519,1.000,2387
264394,412520,1.000,2361
264395,413100,1.000,308
264396,412994,1.000,2356
264397,411649,1.000,2449
264398,413104,1.000,2446
264399,410573,1.000,2449
264400,412043,1.000,2449
264401,411086,1.000,2416
264402,413093,10.000,660
264403,413162,1.000,1130
264404,412704,1.000,2359
264404,412705,1.000,2359
264405,412636,1.000,2359
264405,412637,1.000,2359
264406,413189,1.000,491
264407,412634,1.000,2359
264407,412635,1.000,2359
264408,412615,1.000,2359
264408,412616,1.000,2359
264409,412609,1.000,2359
264410,412690,1.000,2359
264411,412684,1.000,2359
264412,412660,1.000,2359
264413,413116,1.000,2446
264414,412658,1.000,2359
264414,412659,1.000,2359
264415,413115,1.000,2446
264416,413114,1.000,2446
264417,412623,1.000,2359
264417,412624,1.000,2359
264418,413193,1.000,2594
264419,413113,1.000,2446
264420,413107,1.000,2446
264421,413110,1.000,2446
264422,412683,1.000,2359
264423,412678,1.000,2359
264423,412679,1.000,2359
264424,412673,1.000,2359
264424,412674,1.000,2359
264425,412566,1.000,2359
264426,412565,1.000,2359
264427,412644,1.000,2359
264428,412643,1.000,2359
264429,412639,1.000,2359
264429,412640,1.000,2359
264430,413094,1.000,2352
264430,413095,1.000,2352
264431,413121,1.000,2352
264431,413122,1.000,2352
264432,413099,1.000,2352
264433,412986,1.000,2354
264434,413096,1.000,2352
264435,413128,1.000,2352
264435,413129,1.000,2352
264436,412730,1.000,2356
264436,412731,1.000,2356
264437,413210,10.000,660
264438,412728,1.000,2359
264438,412729,1.000,2359
264439,412621,1.000,2360
264439,412622,1.000,2360
264440,413211,10.000,660
264441,412751,1.000,2359
264441,412752,1.000,2359
264442,412962,1.000,2359
264443,411040,1.000,2906
264443,411041,2.000,3148
264444,412718,1.000,2359
264444,412719,1.000,2359
264445,413097,1.000,2377
264446,412638,1.000,2359
264447,412756,1.000,2424
264448,412018,1.000,2416
264449,412754,1.000,2359
264449,412755,1.000,2359
264450,413218,1.000,2352
264451,412979,1.000,2356
264452,412980,1.000,2356
264453,412607,1.000,2428
264454,412661,1.000,2470
264455,413222,1.000,2352
264455,413223,1.000,2352
264456,412016,1.000,2416
264457,412073,1.000,2387
264458,412427,1.000,3077
264459,412429,1.000,3077
264460,413024,1.000,2446
264461,411865,1.000,2449
264462,411997,1.000,2446
264463,412154,1.000,2457
264463,412155,1.000,405
264464,411933,1.000,2457
264464,411934,1.000,405
264465,412426,1.000,2481
264466,412134,1.000,2449
264467,412919,1.000,2359
264467,412920,1.000,2359
264468,412927,1.000,2359
264468,412928,1.000,2359
264469,412094,1.000,2457
264469,412095,1.000,405
264470,412420,1.000,2356
264470,412421,1.000,2356
264471,412814,1.000,2359
264472,412592,1.000,3475
264473,413152,1.000,2356
264474,412332,1.000,2457
264474,412333,1.000,405
264475,412837,1.000,2359
264476,412827,1.000,2359
264477,412172,1.000,2449
264478,412868,1.000,2359
264478,412869,1.000,2359
264479,413150,1.000,2356
264480,412108,1.000,2446
264481,412149,1.000,2488
264482,412393,1.000,2356
264482,412394,1.000,2356
264483,412845,1.000,2359
264484,412655,1.000,2488
264485,412210,1.000,2446
264486,412038,1.000,2446
264487,412138,1.000,2428
264487,412139,1.000,2430
264488,412961,1.000,2385
264489,412475,1.000,2457
264489,412476,1.000,405
264490,412128,1.000,2457
264490,412129,1.000,405
264491,412924,1.000,2359
264491,412925,1.000,2359
264492,412664,1.000,2446
264493,412177,1.000,2446
264494,412156,1.000,2488
264495,412795,1.000,2359
264496,412966,1.000,2424
264497,413070,1.000,2457
264497,413071,1.000,405
264498,413019,1.000,2488
264499,412829,1.000,636
264500,412841,1.000,2424
264501,412571,1.000,2392
264502,412957,1.000,2365
264503,412617,1.000,2356
264504,412848,1.000,2359
264504,412849,1.000,2359
264505,412143,1.000,2449
264506,412881,1.000,2359
264507,412419,1.000,2424
264508,412648,1.000,2359
264508,412649,1.000,2359
264509,412913,1.000,2359
264509,412914,1.000,2359
264510,412216,1.000,2449
264511,412794,1.000,2359
264512,412141,1.000,2446
264513,412458,1.000,2359
264513,412459,1.000,2359
264514,413432,1.000,2353
264514,413433,3.000,134
264514,413434,1.000,2352
264514,413435,1.000,134
264515,412907,1.000,2359
264515,412908,1.000,2359
264516,413190,1.000,2352
264516,413191,1.000,2352
264517,412918,1.000,2359
264518,412859,1.000,2359
264519,413314,1.000,2352
264520,413098,1.000,2352
264521,412368,1.000,2457
264521,412369,1.000,405
264521,412370,1.000,2457
264521,412371,1.000,787
264522,413184,1.000,2352
264523,413208,1.000,2352
264524,413161,1.000,2512
264525,411943,1.000,2460
264525,411944,1.000,405
264525,411945,1.000,408
264526,412988,1.000,2512
264527,413209,1.000,2352
264528,413180,1.000,2352
264529,413176,1.000,2352
264530,412367,1.000,2449
264531,413192,1.000,2473
264532,412203,1.000,2441
264533,412662,1.000,2467
264534,412198,1.000,2449
264535,412125,1.000,2449
264536,412834,1.000,2359
264537,413056,1.000,2359
264538,412860,1.000,2359
264538,412861,1.000,2359
264539,412650,1.000,2881
264540,411927,1.000,399
264541,411750,1.000,2428
264541,411890,1.000,522
264542,412651,1.000,2481
264542,412652,1.000,2481
264543,412071,1.000,2457
264543,412072,1.000,405
264544,411914,1.000,308
264545,411994,1.000,308
264546,412836,1.000,2359
264547,412214,1.000,2504
264548,412345,1.000,2457
264549,412882,1.000,2359
264550,411507,1.000,2459
264550,411508,1.000,405
264550,411509,1.000,408
264551,412123,1.000,2383
264551,412124,1.000,408
264552,412109,1.000,2449
264553,411993,1.000,308
264554,413452,1.000,2352
264554,413453,1.000,2352
264555,413451,1.000,2494
264556,412766,1.000,2359
264556,412767,1.000,2359
264557,412161,1.000,2488
264558,411843,1.000,2460
264558,411844,1.000,405
264558,411845,1.000,408
264559,412130,1.000,2449
264560,412116,1.000,2416
264561,412685,1.000,399
264562,412832,1.000,399
264563,412863,1.000,399
264564,412150,1.000,2428
264564,412151,1.000,2430
264565,412884,1.000,399
264566,412364,1.000,2488
264566,412365,1.000,2984
264567,412414,1.000,2449
264568,412850,1.000,2387
264569,412780,1.000,399
264569,412781,1.000,2863
264570,412865,1.000,2359
264570,412866,1.000,2359
264571,412964,1.000,2363
264572,412991,1.000,2363
264573,412936,1.000,2359
264573,412937,1.000,2359
264574,412405,1.000,2458
264574,412406,1.000,405
264575,413042,1.000,2363
264576,413010,1.000,2352
264576,413011,1.000,2352
264577,413475,2.000,2951
264578,413484,1.000,1129
264578,413485,1.000,1130
264579,413466,1.000,2495
264580,412069,1.000,2428
264581,412758,1.000,2359
264581,412759,1.000,2359
264582,412975,1.000,2356
264582,412976,1.000,2356
264583,412726,1.000,2360
264583,412727,1.000,2360
264584,412293,1.000,308
264585,412786,1.000,2356
264585,412787,1.000,2356
264586,412753,1.000,2356
264587,412260,1.000,2450
264588,412706,1.000,2446
264589,412239,1.000,2449
264590,412732,1.000,2360
264590,412733,1.000,2360
264591,412313,1.000,2449
264592,413486,1.000,2352
264592,413487,1.000,2352
264593,412725,1.000,2359
264594,413291,1.000,2512
264595,413194,1.000,2352
264595,413195,1.000,2352
264596,413247,1.000,2352
264596,413248,1.000,2352
264597,413228,1.000,2352
264597,413229,1.000,2352
264598,412327,1.000,2449
264599,412770,1.000,2359
264599,412771,1.000,2359
264600,412721,1.000,2359
264601,412768,1.000,2359
264601,412769,1.000,134
264602,413457,1.000,2471
264603,412537,1.000,2449
264604,412242,1.000,2449
264605,409977,1.000,3512
264606,413067,1.000,2359
264607,412773,1.000,2387
264608,412274,1.000,2446
264609,413462,1.000,2352
264609,413463,1.000,2352
264610,413490,1.000,2352
264610,413491,1.000,2352
264611,413249,1.000,2352
264611,413250,1.000,2352
264612,412358,1.000,2446
264613,413130,1.000,2360
264613,413131,1.000,2360
264614,413226,1.000,2359
264614,413227,1.000,2359
264615,412774,1.000,2359
264616,412772,1.000,2359
264617,412765,1.000,2359
264618,413242,1.000,2360
264618,413243,1.000,2359
264619,412641,1.000,2428
264619,412642,1.000,2430
264620,413274,1.000,2359
264620,413275,1.000,2359
264621,413038,1.000,2363
264622,413464,1.000,2359
264622,413465,1.000,2359
264623,412584,1.000,2449
264623,412585,1.000,2494
264624,413022,1.000,2359
264624,413023,1.000,2359
264625,413062,1.000,2356
264625,413063,1.000,2356
264626,412328,1.000,2449
264627,413168,1.000,2363
264628,413276,1.000,2359
264629,412667,1.000,2490
264630,413046,1.000,2363
264631,412854,1.000,2359
264632,412951,1.000,308
264633,413239,1.000,2385
264633,413240,1.000,2359
264634,412942,1.000,2359
264634,412943,1.000,2359
264635,412273,1.000,2449
264636,413235,1.000,2359
264637,413303,1.000,2449
264638,412348,1.000,2446
264639,412720,1.000,2449
264640,412538,1.000,2481
264641,413300,1.000,2449
264642,413553,5.000,3637
264643,413004,1.000,2411
264644,413467,1.000,2352
264644,413468,1.000,2352
264645,413299,1.000,2512
264646,413381,1.000,2352
264647,413545,1.000,2352
264647,413546,1.000,2352
264648,412977,1.000,2356
264648,412978,1.000,2356
264649,413425,1.000,2352
264650,413593,2.000,1129
264651,412074,1.000,2617
264651,412075,1.000,405
264652,412608,1.000,554
264653,406321,1.000,2378
264654,412602,1.000,2428
264655,413083,1.000,2424
264656,412807,1.000,2424
264657,412505,1.000,2449
264658,412581,1.000,2449
264659,412464,1.000,308
264660,412960,1.000,2363
264661,412996,1.000,2356
264661,412997,1.000,2356
264662,412873,1.000,2424
264663,412894,1.000,2359
264663,412895,1.000,2359
264664,412146,1.000,2449
264665,412915,1.000,2359
264665,412916,1.000,2359
264666,412938,1.000,2356
264666,412939,1.000,2356
264667,412805,1.000,2359
264667,412806,1.000,2359
264668,412885,1.000,2359
264668,412886,1.000,2359
264669,412392,1.000,2446
264670,413500,1.000,2457
264670,413501,1.000,405
264671,412802,1.000,2356
264671,412803,1.000,2356
264672,413416,1.000,399
264673,412877,1.000,2359
264673,412878,1.000,2359
264674,412833,1.000,2359
264675,412874,1.000,2371
264676,413003,1.000,2371
264677,412903,1.000,2359
264677,412904,1.000,2359
264678,412373,1.000,2449
264679,412929,1.000,2356
264679,412931,1.000,2356
264680,413528,1.000,2352
264680,413529,1.000,2352
264681,413262,1.000,2352
264681,413263,1.000,2352
264682,413533,1.000,2352
264682,413534,1.000,2352
264683,413495,1.000,2352
264683,413496,1.000,2352
264684,413543,1.000,2352
264684,413544,1.000,2352
264685,413296,1.000,2352
264685,413297,1.000,2359
264686,413522,1.000,2512
264687,413264,1.000,2352
264688,413324,1.000,2352
264689,413234,1.000,2352
264690,413478,1.000,2352
264690,413479,1.000,134
264691,413057,1.000,3160
264692,412321,1.000,2428
264692,412322,1.000,2430
264693,412810,1.000,2392
264694,413520,1.000,2457
264694,413521,1.000,405
264695,413036,1.000,2424
264696,412811,1.000,2424
264697,412489,1.000,2446
264698,412828,1.000,2359
264699,412887,1.000,2359
264699,412888,1.000,2359
264700,413405,1.000,2359
264700,413406,1.000,2359
264701,412992,1.000,2359
264702,412831,1.000,2359
264703,412473,1.000,2446
264704,412671,1.000,2449
264705,413196,1.000,2449
264706,413368,1.000,2359
264706,413369,1.000,2359
264707,412436,1.000,2490
264708,413684,1.000,3955
264709,412454,1.000,2449
264710,413474,1.000,2455
264711,412548,1.000,308
264712,412838,1.000,399
264713,413267,1.000,308
264714,413132,1.000,2359
264715,412855,1.000,2861
264716,413282,1.000,2371
264717,413480,1.000,525
264718,411982,1.000,2416
264719,413039,1.000,2481
264720,413105,1.000,2446
264721,413367,1.000,2446
264722,413503,1.000,2461
264722,413504,1.000,405
264723,412399,1.000,2428
264724,412693,1.000,2428
264724,412694,1.000,2430
264725,412339,1.000,308
264726,412442,1.000,2445
264727,412088,1.000,2428
264727,412089,1.000,490
264727,412090,1.000,486
264727,412091,1.000,491
264728,412474,1.000,308
264729,412856,1.000,308
264730,412883,1.000,399
264732,411798,1.000,2428
264732,411799,1.000,486
264732,411800,1.000,490
264732,411801,1.000,491
264733,412800,1.000,308
264734,413414,1.000,399
264735,413721,2.000,2352
264736,411730,1.000,2428
264736,411731,1.000,2430
264737,413481,1.000,2424
264738,412846,1.000,2424
264739,412469,1.000,2446
264740,413072,1.000,2861
264741,412522,1.000,2458
264741,412523,1.000,405
264742,411742,1.000,2434
264743,412044,1.000,2428
264744,413009,1.000,2395
264745,412826,1.000,399
264746,412970,1.000,531
264747,413473,1.000,2359
264748,412889,1.000,2356
264749,412569,1.000,2441
264749,412570,2.000,134
264750,412186,1.000,2428
264750,412187,1.000,2430
264751,413446,1.000,2359
264752,413572,1.000,2360
264752,413573,1.000,2360
264753,412839,1.000,2385
264753,412840,1.000,2359
264754,412876,1.000,2377
264755,412610,1.000,2449
264756,413148,1.000,2449
264757,413742,1.000,535
264758,413206,1.000,2552
264759,412677,1.000,2449
264760,413043,1.000,2552
264761,413246,1.000,2552
264762,413047,1.000,2552
264763,412890,1.000,2449
264764,412998,1.000,2365
264765,411688,1.000,2416
264766,413201,1.000,2360
264766,413202,1.000,2360
264767,413244,1.000,2359
264767,413245,1.000,2359
264768,413596,1.000,2385
264769,413280,1.000,2359
264769,413281,1.000,2359
264770,413850,15.000,660
264771,413133,1.000,2359
264771,413134,1.000,2359
264772,413186,1.000,2359
264773,413294,1.000,2359
264773,413295,1.000,2359
264774,413851,30.000,660
264775,413251,1.000,2359
264775,413252,1.000,2359
264776,413322,1.000,2359
264777,413852,1.000,3408
264778,411580,1.000,2428
264779,413117,1.000,2359
264779,413118,1.000,2359
264780,413135,1.000,2359
264780,413136,1.000,2359
264781,413137,1.000,2359
264782,413380,1.000,2359
264783,413497,1.000,2446
264784,413853,40.000,660
264784,413854,2.000,3363
264785,413155,1.000,2359
264785,413156,1.000,2359
264786,413160,1.000,2359
264787,413351,1.000,2356
264787,413353,1.000,2356
264788,413237,1.000,2359
264788,413238,1.000,2359
264789,413556,1.000,2359
264791,413470,1.000,2359
264791,413471,1.000,2359
264792,413427,1.000,2359
264792,413428,1.000,2359
264793,412710,1.000,2494
264794,413407,1.000,2457
264794,413408,1.000,405
264795,413220,1.000,2359
264795,413221,1.000,2359
264796,412308,1.000,2428
264797,412204,1.000,2426
264798,413163,1.000,2359
264798,413164,1.000,2359
264799,413344,1.000,2359
264800,412287,1.000,2428
264800,412288,1.000,2430
264801,413700,1.000,2512
264802,413771,1.000,2352
264802,413772,1.000,2352
264803,413858,1.000,4066
264804,413863,1.000,3876
264805,413283,1.000,2359
264805,413284,1.000,2359
264806,412555,1.000,2377
264807,413316,1.000,2359
264807,413317,1.000,2359
264808,413350,1.000,2424
264809,413140,1.000,2359
264809,413141,1.000,2359
264810,413219,1.000,2449
264811,413332,1.000,2356
264811,413333,1.000,2356
264812,413174,1.000,2390
264812,413175,1.000,672
264813,413212,1.000,2372
264814,412563,1.000,2458
264814,412564,1.000,405
264815,413106,1.000,2450
264816,412059,1.000,2428
264816,412060,1.000,2430
264817,413647,1.000,2359
264818,412817,1.000,2356
264818,412818,1.000,2356
264819,413690,1.000,2385
264820,413658,1.000,2385
264821,413236,1.000,2446
264822,413197,1.000,2356
264823,413310,1.000,2356
264823,413311,1.000,2356
264824,413232,1.000,2359
264824,413233,1.000,2359
264825,413386,1.000,2424
264826,413456,1.000,2449
264827,412286,1.000,2426
264828,413347,1.000,2359
264828,413348,1.000,2359
264829,413565,1.000,2352
264830,413571,1.000,2449
264831,413554,1.000,2352
264831,413555,1.000,2352
264832,413391,1.000,2359
264833,413562,1.000,2359
264833,413563,1.000,2352
264834,412619,1.000,2488
264835,413575,1.000,2512
264836,413488,1.000,2352
264836,413489,1.000,2352
264837,413640,1.000,2352
264837,413641,1.000,2352
264838,412051,1.000,2416
264839,412574,1.000,2428
264839,412575,1.000,2430
264840,413642,1.000,2352
264841,413774,1.000,2512
264842,413775,1.000,2352
264842,413776,1.000,2352
264843,413523,1.000,2359
264843,413524,1.000,2359
264844,412554,1.000,2446
264845,412600,1.000,2481
264846,412560,1.000,2457
264846,412561,1.000,405
264848,412808,1.000,2356
264848,412809,1.000,2356
264849,413373,1.000,2457
264849,413374,1.000,405
264850,413151,1.000,2452
264851,413662,1.000,2446
264852,412550,1.000,308
264853,413179,1.000,2447
264854,412490,1.000,2446
264855,413120,1.000,408
264856,414030,1.000,2467
264857,413082,1.000,2471
264858,413224,1.000,2425
264859,413364,1.000,2359
264859,413365,1.000,2359
264860,413449,1.000,2424
264861,412968,1.000,2358
264861,412969,1.000,2356
264862,413498,1.000,2494
264862,413499,1.000,2494
264863,413146,1.000,2356
264864,412932,1.000,2356
264864,412933,1.000,2356
264865,412484,1.000,2457
264865,412485,1.000,405
264866,413287,1.000,2356
264867,412503,1.000,2446
264868,412509,1.000,2459
264868,412510,1.000,405
264869,412185,1.000,2416
264870,412317,1.000,2428
264870,412318,1.000,2430
264871,413290,1.000,2424
264872,411938,1.000,2416
264873,413448,1.000,399
264874,413259,1.000,2424
264875,413382,1.000,2359
264876,412701,1.000,2461
264876,412702,1.000,405
264877,412303,1.000,2428
264877,412304,1.000,2430
264878,413253,1.000,2359
264878,413254,1.000,2359
264879,413385,1.000,2359
264880,412796,1.000,2356
264880,412797,1.000,2356
264881,413378,1.000,2359
264881,413379,1.000,2359
264882,413230,1.000,2356
264883,413661,1.000,2409
264884,413308,1.000,2359
264884,413309,1.000,2359
264885,413702,1.000,2449
264886,413073,1.000,2488
264886,413074,1.000,2495
264887,413441,1.000,2359
264887,413442,1.000,2359
264888,413845,1.000,308
264889,413526,1.000,2371
264890,413859,1.000,2359
264890,413860,1.000,2359
264891,413430,1.000,2359
264891,413431,1.000,2359
264892,413443,1.000,2359
264893,413444,1.000,2359
264893,413445,1.000,2359
264894,412541,1.000,2469
264895,413746,1.000,2352
264896,413643,1.000,2352
264896,413644,1.000,2352
264897,413606,1.000,2352
264898,413639,1.000,2356
264899,413740,1.000,2352
264900,413766,1.000,2352
264901,413898,1.000,2352
264901,413899,1.000,2352
264902,413905,1.000,2352
264902,413906,1.000,2352
264903,406857,1.000,2389
264904,412686,1.000,2426
264905,412999,1.000,2382
264905,413000,1.000,408
264906,413165,1.000,2442
264906,413166,1.000,3120
264907,413895,1.000,2352
264907,413896,1.000,2352
264908,413749,1.000,2352
264909,413713,1.000,2352
264909,413714,1.000,2352
264910,413903,1.000,2352
264910,413904,1.000,2352
264911,413769,1.000,2481
264911,413770,1.000,2484
264912,413748,1.000,2352
264913,412576,1.000,2467
264914,413893,1.000,2352
264914,413894,1.000,2352
264915,413750,1.000,2352
264916,413868,1.000,2352
264916,413869,1.000,2352
264917,412435,1.000,2494
264918,413570,1.000,2352
264919,414062,1.000,2450
264920,412377,1.000,2881
264920,412378,1.000,408
264921,412437,1.000,2383
264921,412438,1.000,408
264922,412531,1.000,2457
264922,412532,1.000,405
264923,413566,1.000,2449
264924,413398,1.000,399
264925,413338,1.000,2390
264926,413171,1.000,2447
264927,411860,1.000,2446
264928,413298,1.000,2424
264929,413517,1.000,2385
264930,413315,1.000,2363
264931,413791,1.000,2359
264932,413450,1.000,2424
264933,413205,1.000,399
264934,413846,1.000,2359
264935,414070,3.000,134
264936,412512,1.000,2428
264936,412513,1.000,490
264936,412514,1.000,486
264936,412515,1.000,491
264937,413527,1.000,2385
264938,413857,1.000,2359
264939,412525,1.000,2426
264939,412526,1.000,490
264939,412527,1.000,486
264939,412528,1.000,491
264940,412930,1.000,2428
264941,413020,1.000,2459
264941,413021,1.000,405
264942,413840,1.000,2359
264942,413841,1.000,2359
264943,412675,1.000,2457
264943,412676,1.000,405
264944,413576,1.000,2440
264945,413508,1.000,2460
264945,413509,1.000,405
264945,413510,1.000,408
264946,411891,1.000,2426
264946,411892,1.000,2433
264947,413144,1.000,2359
264947,413145,1.000,525
264948,412851,1.000,2428
264949,412981,1.000,2428
264949,412982,1.000,2430
264950,413826,1.000,2428
264950,413827,1.000,2430
264951,413214,1.000,2424
264952,414086,1.000,522
264953,414073,1.000,2522
264954,413395,1.000,2359
264954,413396,1.000,2359
264955,413505,1.000,2369
264956,412819,1.000,399
264957,413301,1.000,2387
264958,413329,1.000,2365
264959,412395,1.000,2428
264959,412396,2.000,2430
264960,413054,1.000,2428
264961,413273,1.000,2424
264962,413173,1.000,2426
264963,413530,1.000,2359
264963,413531,1.000,2359
264963,413532,1.000,134
264964,413257,1.000,2356
264964,413258,1.000,2356
264965,413507,1.000,815
264966,413318,1.000,2359
264966,413319,1.000,2359
264967,413277,1.000,2460
264967,413278,1.000,405
264967,413279,1.000,408
264968,413169,1.000,2356
264968,413170,1.000,2356
264969,413302,1.000,399
264970,413292,1.000,2359
264971,413330,1.000,2359
264971,413331,1.000,2359
264972,412314,1.000,2446
264973,413784,1.000,2449
264973,413785,1.000,2495
264974,413538,1.000,2458
264974,413539,1.000,405
264975,413437,1.000,2424
264976,413598,1.000,2368
264977,413924,1.000,2356
264977,413925,1.000,2356
264978,413653,1.000,2409
264979,413645,1.000,2458
264979,413646,1.000,405
264980,414118,1.000,2359
264980,414119,1.000,2359
264981,413876,1.000,2352
264982,413629,1.000,2359
264983,413614,1.000,2359
264983,413615,1.000,2359
264984,413536,1.000,2359
264984,413537,1.000,2359
264985,413482,1.000,2359
264985,413483,1.000,2359
264986,413616,1.000,2359
264986,413617,1.000,2359
264987,413460,1.000,2359
264987,413461,1.000,2359
264988,413458,1.000,2356
264988,413459,1.000,2356
264989,413682,1.000,2359
264989,413683,1.000,2359
264990,413668,1.000,2356
264990,413669,1.000,2359
264991,413630,1.000,2359
264991,413631,1.000,2359
264992,413648,1.000,2356
264993,413908,1.000,2352
264993,413909,1.000,2352
264994,413635,1.000,2352
264994,413636,1.000,2356
264995,413910,1.000,2352
264995,413911,1.000,2352
264996,413971,1.000,2352
264997,413962,1.000,2352
264997,413963,1.000,2352
264998,412736,1.000,2449
264999,412743,1.000,2449
265000,413984,1.000,2449
265001,412735,1.000,2449
265002,412744,1.000,2449
265003,412745,1.000,2449
265004,412953,1.000,2449
265005,412737,1.000,2449
265006,412033,1.000,2416
265007,413542,1.000,2424
265008,413323,1.000,2446
265009,412776,1.000,2446
265010,412790,1.000,308
265011,412741,1.000,2449
265012,412747,1.000,2449
265012,412748,1.000,2494
265013,413622,1.000,2372
265014,413623,1.000,2424
265015,412779,1.000,308
265016,412777,1.000,308
265017,412742,1.000,2449
265018,414122,1.000,2359
265018,414123,1.000,2359
265019,413888,1.000,2356
265019,413889,1.000,2356
265020,413089,1.000,2449
265021,412740,1.000,2449
265022,414012,1.000,2359
265023,413844,1.000,3556
265024,413934,1.000,2385
265025,412542,1.000,2428
265025,412543,1.000,490
265025,412544,1.000,491
265025,413515,1.000,486
265025,413516,1.000,2430
265026,414125,1.000,2385
265026,414126,1.000,2359
265027,413127,1.000,2359
265028,413991,1.000,2449
265029,413987,1.000,2446
265030,413265,1.000,2359
265030,413266,1.000,2359
265031,413649,1.000,2359
265031,413650,1.000,134
265032,413897,1.000,2371
265033,413914,1.000,2359
265034,412738,1.000,2449
265035,412746,1.000,2449
265036,412739,1.000,2449
265037,414127,1.000,2449
265038,414128,1.000,2359
265039,413624,1.000,2389
265040,413583,1.000,2397
265040,413584,1.000,2569
265041,412749,1.000,2458
265041,412750,1.000,405
265042,413270,1.000,2424
265043,413518,1.000,2360
265043,413519,1.000,2360
265044,413605,1.000,2372
265045,413691,1.000,399
265045,413692,1.000,486
265045,413693,1.000,490
265046,412906,1.000,2446
265047,413945,1.000,2446
265048,413289,1.000,308
265049,413930,1.000,2457
265049,413931,1.000,405
265050,413703,1.000,2385
265050,413704,1.000,2359
265051,413831,1.000,2359
265051,413832,1.000,2359
265052,413567,1.000,2359
265052,413568,1.000,2359
265053,413440,1.000,2460
265054,412862,1.000,2449
265055,412985,1.000,2428
265056,413821,1.000,399
265057,413429,1.000,2449
265058,414129,1.000,2356
265059,413719,1.000,2446
265060,413153,1.000,2359
265060,413154,1.000,2359
265061,413747,1.000,2359
265062,413720,1.000,2424
265063,412972,1.000,2442
265063,412973,1.000,3120
265063,412974,1.000,2387
265064,412941,1.000,2446
265065,413574,1.000,2359
265066,414192,1.000,2359
265067,413172,1.000,2359
265068,413343,1.000,2359
265069,412434,1.000,2469
265070,413839,1.000,2371
265071,412898,1.000,2446
265072,413535,1.000,2359
265073,413342,1.000,2368
265074,413101,1.000,2359
265075,414288,1.000,2512
265076,413941,1.000,2352
265076,413942,1.000,2352
265077,414034,1.000,2352
265078,414100,1.000,2352
265078,414101,1.000,2352
265079,414142,1.000,2352
265079,414143,1.000,2352
265080,414056,1.000,2352
265080,414057,1.000,2352
265081,414154,1.000,2352
265082,414155,1.000,2352
265083,414216,1.000,2352
265083,414217,1.000,2352
265084,414045,1.000,2352
265084,414046,1.000,2352
265085,414152,1.000,2352
265085,414153,1.000,2352
265086,414071,1.000,2352
265087,414151,1.000,2512
265088,414013,1.000,2352
265088,414014,1.000,2352
265089,414150,1.000,2352
265090,413207,1.000,2359
265091,412824,1.000,2428
265091,412825,1.000,2430
265092,413325,1.000,2359
265093,414337,16.000,660
265093,414338,2.000,3363
265093,414339,2.000,2352
265094,413782,1.000,2359
265094,413783,1.000,2359
265095,413139,1.000,2356
265096,413372,1.000,2387
265097,412672,1.000,2428
265098,413585,1.000,2389
265099,413799,1.000,2359
265099,413800,1.000,2359
265099,413801,1.000,134
265100,413313,1.000,2397
265101,412965,1.000,2449
265102,414344,14.000,660
265102,414345,2.000,3363
265103,413712,1.000,2446
265104,412199,1.000,2416
265105,412700,1.000,2449
265106,413285,1.000,2443
265106,413286,1.000,3120
265107,412152,1.000,2428
265107,412153,1.000,2430
265108,414354,10.000,660
265108,414355,2.000,3363
265108,414356,1.000,3384
265109,413710,1.000,2356
265109,413711,1.000,2356
265110,413874,1.000,2509
265111,413225,1.000,2359
265112,414009,1.000,2359
265112,414010,1.000,2359
265113,413203,1.000,2363
265114,413717,1.000,2356
265114,413718,1.000,2356
265115,413392,1.000,2457
265115,413393,1.000,405
265116,413995,1.000,2446
265117,413632,1.000,2359
265117,413633,1.000,2359
265118,413055,1.000,2481
265119,413050,1.000,2457
265119,413051,1.000,405
265120,412618,1.000,2426
265121,413621,1.000,2359
265122,414359,1.000,2352
265123,414358,1.000,2352
265124,413735,1.000,2359
265125,413694,1.000,2359
265126,412822,1.000,2489
265127,414156,1.000,2359
265128,413215,1.000,2428
265129,413580,1.000,2359
265130,414137,1.000,2359
265130,414138,1.000,2359
265131,413363,1.000,399
265132,413657,1.000,2377
265133,413856,1.000,2356
265134,413757,1.000,2424
265135,413177,1.000,2573
265136,413033,1.000,2446
265137,413513,1.000,2428
265137,413514,1.000,2430
265138,412952,1.000,308
265139,412830,1.000,308
265140,413075,1.000,2457
265140,413076,1.000,405
265141,413834,1.000,2442
265141,413835,1.000,3120
265142,414383,1.000,1129
265143,413178,1.000,2424
265144,413660,1.000,2424
265145,414214,1.000,2359
265145,414215,1.000,2359
265146,414391,1.000,2359
265147,413549,1.000,2428
265147,413550,1.000,2430
265148,414130,1.000,2443
265148,414131,1.000,3120
265148,414132,1.000,2457
265148,414133,1.000,787
265149,414060,1.000,2359
265149,414061,1.000,2359
265150,413870,1.000,2460
265150,413871,1.000,405
265151,413548,1.000,2392
265152,414139,1.000,818
265153,413143,1.000,2376
265154,412905,1.000,2449
265155,413213,1.000,2389
265156,412864,1.000,399
265157,414203,1.000,2373
265158,413356,1.000,399
265159,413159,1.000,2416
265160,413901,1.000,2356
265161,414081,1.000,2359
265161,414082,1.000,2359
265162,413902,1.000,2359
265163,413913,1.000,2359
265164,414317,1.000,2361
265165,414017,1.000,2359
265165,414018,1.000,2359
265166,413979,1.000,2359
265166,413980,1.000,2359
265167,413932,1.000,2359
265167,413933,1.000,2359
265168,413978,1.000,2359
265169,413679,1.000,2439
265170,413586,1.000,2450
265171,413773,1.000,2359
265172,413907,1.000,2359
265173,413972,1.000,2359
265173,413973,1.000,2359
265174,413985,1.000,2359
265175,413915,1.000,2394
265176,413990,1.000,2446
265177,413989,1.000,2446
265178,413138,1.000,2446
265179,413376,1.000,2449
265180,414246,1.000,2359
265180,414247,1.000,2359
265181,414306,1.000,2449
265182,413940,1.000,2424
265183,413626,1.000,308
265184,413417,1.000,2450
265185,413982,1.000,2359
265186,413974,1.000,2356
265186,413975,1.000,2356
265187,413781,1.000,2450
265188,413334,1.000,2446
265189,413397,1.000,2449
265190,413597,1.000,2450
265191,414476,1.000,2352
265192,413955,1.000,2359
265192,413956,1.000,2359
265193,414371,1.000,2512
265193,414372,1.000,2512
265194,413960,1.000,2359
265194,413961,1.000,2359
265195,414296,1.000,2352
265195,414297,1.000,2352
265196,413918,1.000,2357
265196,413919,1.000,2357
265197,414474,1.000,2352
265197,414475,1.000,2352
265198,414477,1.000,2352
265199,413375,1.000,2449
265200,414280,1.000,2352
265200,414281,1.000,2352
265201,413922,1.000,2385
265202,414471,1.000,2425
265203,414228,1.000,2359
265203,414229,1.000,2359
265204,414309,1.000,2352
265205,413946,1.000,2359
265205,413947,1.000,2359
265206,413927,1.000,2359
265206,413928,1.000,2359
265207,413916,1.000,2359
265208,414226,1.000,2352
265208,414227,1.000,2352
265209,413964,1.000,2356
265209,413965,1.000,2356
265210,413986,1.000,2359
265211,413917,1.000,2359
265212,413366,1.000,2449
265213,413926,1.000,2424
265214,413680,1.000,2449
265215,414027,1.000,2377
265216,413346,1.000,2449
265217,413418,1.000,2450
265218,414242,1.000,2368
265219,413187,1.000,2457
265219,413188,1.000,405
265220,413957,1.000,2457
265220,413958,1.000,405
265221,414104,1.000,2446
265222,413953,1.000,2356
265222,413954,1.000,2356
265223,413758,1.000,399
265224,413335,1.000,2449
265225,414005,1.000,2363
265226,413988,1.000,399
265227,414299,1.000,2359
265227,414300,1.000,2359
265228,413637,1.000,2449
265229,414124,1.000,2416
265230,413950,1.000,2359
265231,414049,1.000,2425
265232,414320,1.000,2428
265232,414321,1.000,2430
265233,413900,1.000,399
265234,413983,1.000,2906
265235,413592,1.000,2566
265236,413558,1.000,2428
265236,413559,1.000,490
265236,413560,1.000,486
265236,413561,1.000,491
265237,413966,1.000,2428
265237,414175,1.000,2432
265238,414562,1.000,2359
265239,414564,1.000,2360
265239,414565,1.000,2360
265240,414563,1.000,2360
265241,414567,1.000,2569
265242,414162,1.000,2397
265243,414472,1.000,2352
265243,414473,1.000,2352
265244,413581,1.000,2359
265245,412899,1.000,2449
265246,413847,1.000,2428
265247,413848,1.000,2458
265247,413849,1.000,405
265248,412911,1.000,2450
265249,412922,1.000,2489
265250,413751,1.000,2359
265251,413729,1.000,2385
265251,413730,1.000,2359
265252,413728,1.000,2359
265253,412897,1.000,2488
265254,413399,1.000,308
265255,413613,1.000,2363
265256,414110,1.000,2359
265257,413167,1.000,2449
265258,413937,1.000,308
265259,413736,1.000,2359
265259,413737,1.000,2359
265260,413753,1.000,2359
265261,412934,1.000,2446
265261,412935,1.000,2424
265262,413745,1.000,2359
265263,412993,1.000,2446
265264,413492,1.000,2371
265265,413722,1.000,2395
265265,413723,1.000,2359
265266,413181,1.000,2449
265267,413119,1.000,2449
265268,414063,1.000,2356
265268,414064,1.000,2356
265269,413261,1.000,308
265270,413709,1.000,2385
265271,413794,1.000,2385
265272,413743,1.000,2359
265272,413744,1.000,2359
265273,413339,1.000,2449
265274,413701,1.000,2356
265275,413436,1.000,2446
265276,413671,1.000,2356
265276,413672,1.000,2356
265277,412798,1.000,2428
265278,413601,1.000,2361
265278,413602,1.000,2360
265279,413678,1.000,2424
265280,414704,1.000,3277
265281,413084,1.000,2426
265282,413328,1.000,2449
265283,414099,1.000,399
265284,413659,1.000,2359
265285,413689,1.000,2425
265286,412835,1.000,2449
265287,414416,2.000,308
265288,413705,1.000,2359
265288,413706,1.000,2359
265289,413855,1.000,2359
265290,413738,1.000,2449
265291,413590,1.000,2359
265291,413591,1.000,2359
265292,413589,1.000,2371
265293,414003,2.000,308
265294,413699,1.000,308
265295,413842,1.000,2356
265295,413843,1.000,2356
265296,413837,1.000,2449
265297,413204,1.000,2446
265298,413808,1.000,308
265299,414094,1.000,2387
265299,414095,1.000,2467
265300,413696,1.000,2457
265300,413697,1.000,405
265301,414379,2.000,308
265302,413058,1.000,2488
265303,414732,1.000,1130
265303,414733,1.000,522
265304,414415,1.000,308
265305,413312,1.000,308
265306,414160,1.000,2446
265307,413752,1.000,308
265308,412858,1.000,2460
265309,413816,1.000,2457
265309,413817,1.000,405
265310,414223,1.000,2446
265311,414222,1.000,2449
265312,413724,1.000,2467
265313,413049,1.000,2450
265314,413833,1.000,2446
265315,414380,1.000,308
265316,413607,1.000,308
265316,413608,1.000,308
265317,414497,1.000,308
265318,412791,1.000,2449
265319,413805,1.000,2371
265320,413001,1.000,2461
265320,413002,1.000,405
265321,413838,1.000,2449
265322,413733,1.000,2389
265322,413734,1.000,2862
265323,413882,1.000,2390
265324,413836,1.000,2428
265325,414087,1.000,2359
265325,414088,1.000,2359
265326,413698,1.000,2359
265327,414167,1.000,2359
265328,413741,1.000,308
265329,414121,1.000,308
265330,413415,1.000,308
265331,413447,1.000,2488
265332,413670,1.000,308
265333,414004,1.000,2424
265334,413595,1.000,308
265335,414346,1.000,2352
265335,414347,1.000,2352
265336,414369,1.000,2352
265336,414370,1.000,2352
265337,414373,1.000,2352
265337,414374,1.000,2352
265338,414521,1.000,2352
265338,414522,1.000,2352
265339,414363,1.000,2352
265340,414485,1.000,2352
265341,414352,1.000,2352
265341,414353,1.000,2352
265342,414538,1.000,3738
265342,414539,1.000,3738
265343,414422,1.000,2512
265344,414555,1.000,2352
265345,414519,1.000,2352
265345,414520,1.000,2352
265346,414523,1.000,2352
265346,414524,1.000,2352
265347,414551,1.000,2359
265347,414552,1.000,2352
265348,414165,1.000,2424
265349,413293,1.000,2449
265350,413610,1.000,2428
265351,413603,1.000,2394
265352,413663,1.000,2359
265353,414044,1.000,2359
265354,414397,1.000,2352
265354,414398,1.000,2352
265355,414758,1.000,2359
265355,414759,1.000,2359
265356,414054,1.000,2359
265357,413830,1.000,2356
265358,413402,2.000,308
265359,412867,1.000,2460
265360,414096,1.000,2359
265361,414762,1.000,2352
265361,414763,1.000,2352
265362,414764,1.000,2352
265362,414765,1.000,2352
265363,414001,1.000,2356
265364,413687,1.000,2363
265365,414019,1.000,2359
265365,414020,1.000,2359
265366,413754,1.000,2359
265367,413377,1.000,2428
265368,414532,1.000,2357
265368,414533,1.000,2357
265369,413732,1.000,2356
265370,413651,1.000,2368
265370,413652,1.000,748
265371,413582,1.000,2359
265372,413664,1.000,2449
265373,413547,1.000,399
265374,412963,1.000,2487
265375,414105,1.000,2424
265376,414577,1.000,2359
265377,413551,1.000,2458
265377,413552,1.000,405
265378,413142,1.000,2450
265379,413599,1.000,2387
265380,414212,1.000,399
265380,414213,1.000,2862
265381,414260,1.000,2458
265381,414261,1.000,405
265381,414262,1.000,490
265381,414263,1.000,486
265381,414264,1.000,491
265382,413336,1.000,2449
265383,414098,1.000,2368
265384,413619,1.000,2359
265385,413695,1.000,2428
265386,414348,1.000,2356
265387,412967,1.000,2446
265388,414311,1.000,2356
265388,414312,1.000,2356
265389,414766,1.000,2359
265389,414767,1.000,2359
265390,413880,1.000,2449
265391,414041,1.000,2359
265392,413540,1.000,2359
265392,413541,1.000,2359
265393,412875,1.000,2467
265394,414310,1.000,2416
265395,414293,1.000,2446
265396,414230,1.000,2446
265397,414008,1.000,2446
265398,414284,1.000,2446
265399,414257,1.000,2363
265399,414258,1.000,2387
265400,414224,1.000,2359
265400,414225,1.000,2359
265401,414243,1.000,2359
265401,414244,1.000,2359
265402,414636,1.000,2390
265403,413970,1.000,2449
265404,414396,1.000,2424
265405,414275,1.000,2428
265405,414276,1.000,2430
265406,414646,1.000,2359
265406,414647,1.000,2359
265407,414313,1.000,2481
265408,413944,1.000,2449
265409,413725,1.000,2460
265409,413726,1.000,405
265409,413727,1.000,408
265410,414656,1.000,2356
265410,414657,1.000,2356
265411,414031,1.000,2449
265412,412762,1.000,2416
265413,414307,1.000,2424
265414,414314,1.000,2446
265415,414637,1.000,2359
265415,414638,1.000,2359
265416,413469,1.000,2481
265417,414632,1.000,2359
265417,414633,1.000,2359
265418,413638,1.000,2428
265419,414015,1.000,2449
265420,414777,1.000,2359
265420,414778,1.000,2359
265421,414295,1.000,2449
265422,414268,1.000,2359
265422,414269,1.000,2359
265423,414270,1.000,2387
265423,414271,4.000,748
265424,414597,1.000,2359
265424,414598,1.000,2359
265425,414253,1.000,2359
265425,414254,1.000,2359
265426,414277,1.000,2359
265426,414278,1.000,2359
265427,414239,1.000,2359
265427,414240,1.000,2359
265428,414829,1.000,2359
265428,414830,1.000,2359
265429,414024,1.000,2446
265430,414265,1.000,2359
265431,414304,1.000,2359
265431,414305,1.000,2359
265432,414333,1.000,2359
265432,414334,1.000,2359
265433,414478,1.000,2359
265434,414479,1.000,2359
265434,414480,1.000,2359
265435,414641,1.000,2359
265435,414642,1.000,2359
265436,414698,1.000,2352
265436,414699,1.000,2359
265437,414600,1.000,2359
265437,414601,1.000,2359
265438,414525,1.000,2383
265438,414526,1.000,408
265439,413992,1.000,2446
265440,414825,1.000,2359
265441,414256,1.000,2359
265442,414282,1.000,2359
265442,414283,1.000,2359
265443,414705,1.000,2359
265444,414481,1.000,2356
265444,414482,1.000,2356
265445,414628,1.000,2359
265445,414630,1.000,2359
265446,414249,1.000,531
265447,414285,1.000,2450
265448,414273,1.000,2359
265448,414274,1.000,2359
265449,414629,1.000,2359
265449,414631,1.000,2359
265450,414301,1.000,2449
265451,414016,1.000,2449
265452,414021,1.000,2449
265453,414022,1.000,2449
265454,414592,1.000,2359
265455,414025,1.000,2449
265456,415031,1.000,2951
265457,414023,1.000,2449
265458,414255,1.000,2488
265459,414303,1.000,2359
265460,414792,1.000,2352
265461,414782,1.000,2352
265461,414783,1.000,2352
265462,414787,1.000,2352
265462,414788,1.000,1323
265463,414790,1.000,2352
265463,414791,1.000,2352
265464,414785,1.000,2352
265464,414786,1.000,2352
265465,414606,1.000,2352
265465,414607,1.000,2352
265466,414795,1.000,2352
265466,414796,1.000,2352
265467,414780,1.000,2352
265467,414781,1.000,2352
265468,414011,1.000,2449
265469,414029,1.000,2449
265470,415036,1.000,2457
265470,415037,1.000,405
265471,414294,1.000,2449
265472,414292,1.000,2449
265473,413981,1.000,2446
265474,413685,1.000,2449
265475,414266,1.000,2359
265475,414267,1.000,2359
265476,413959,1.000,2449
265477,413389,1.000,2449
265478,414298,1.000,2449
265479,414251,1.000,2446
265480,414028,1.000,2449
265481,414218,1.000,2360
265481,414219,1.000,2360
265482,414032,1.000,2449
265483,414649,1.000,2359
265483,414650,1.000,2359
265484,414291,1.000,2449
265485,415041,1.000,2359
265485,415042,1.000,2359
265486,415005,1.000,2512
265487,414855,1.000,2512
265488,415043,1.000,2378
265488,415044,1.000,915
265489,414853,1.000,2356
265489,414854,1.000,2352
265490,414836,1.000,2352
265490,414837,1.000,2352
265491,414856,1.000,2352
265491,414857,1.000,2352
265492,415047,1.000,3738
265493,413994,1.000,2449
265494,413760,1.000,2356
265495,413761,1.000,2428
265495,413762,1.000,2430
265496,414108,1.000,2359
265497,413777,1.000,2368
265498,414428,1.000,2424
265499,414515,1.000,399
265500,413996,1.000,2359
265500,413997,1.000,2359
265501,414385,1.000,2424
265502,414651,1.000,2359
265502,414652,1.000,2359
265503,414392,1.000,2424
265504,414232,1.000,2449
265505,414083,1.000,2359
265505,414084,1.000,2359
265506,413998,1.000,2449
265507,413948,1.000,2359
265507,413949,1.000,2359
265508,414220,1.000,2368
265508,414221,1.000,3122
265509,413577,1.000,399
265509,413578,1.000,2862
265510,414349,1.000,2356
265510,414350,1.000,721
265511,414426,1.000,2424
265512,414399,1.000,399
265513,414543,1.000,2398
265514,414206,1.000,399
265515,414434,1.000,2424
265516,413867,1.000,2449
265517,414438,1.000,2424
265518,414199,1.000,2428
265519,414483,1.000,2449
265520,414148,1.000,2446
265521,412820,1.000,2450
265521,412821,1.000,2467
265522,414418,1.000,2449
265523,413929,1.000,2446
265524,414627,1.000,2352
265525,415045,1.000,2352
265525,415046,1.000,2352
265526,414801,1.000,2352
265526,414802,1.000,2359
265527,414737,1.000,2352
265527,414738,1.000,2359
265528,414908,1.000,2352
265529,414679,1.000,2352
265529,414680,1.000,2352
265530,414990,1.000,2352
265530,414991,1.000,2352
265531,414745,1.000,2352
265532,414040,1.000,2446
265533,414424,1.000,2446
265534,414211,1.000,2446
265535,413349,1.000,2446
265536,413731,1.000,2446
265537,414033,1.000,2359
265538,413993,1.000,2446
265539,414036,1.000,2449
265540,414400,1.000,2488
265540,414401,1.000,2495
265541,414899,1.000,2352
265542,414052,1.000,2387
265543,414550,1.000,2439
265544,414144,1.000,2449
265545,413820,1.000,2488
265546,414549,1.000,2424
265547,412891,1.000,2442
265547,412892,1.000,3120
265548,414112,1.000,2449
265549,414406,1.000,2446
265550,413077,1.000,2459
265550,413078,1.000,405
265550,413079,1.000,408
265551,414395,1.000,2488
265552,414436,1.000,2446
265553,414328,1.000,2359
265553,414329,1.000,2359
265554,414375,1.000,2385
265555,414135,1.000,2446
265556,414198,1.000,2446
265557,414078,1.000,2446
265558,413828,1.000,2703
265559,413059,1.000,2481
265560,413795,1.000,2446
265561,414185,1.000,2359
265561,414186,1.000,2359
265562,414404,1.000,2359
265562,414405,1.000,2359
265563,414484,1.000,2359
265564,414618,1.000,2359
265564,414619,1.000,2359
265565,414237,1.000,2385
265566,413879,1.000,2386
265567,412879,1.000,2457
265567,412880,1.000,405
265568,413673,1.000,2449
265569,413064,1.000,2426
265569,413065,1.000,2433
265570,414038,1.000,2359
265570,414039,1.000,2387
265571,413779,1.000,2359
265571,413780,1.000,2359
265572,415006,2.000,2352
265572,415007,2.000,2352
265573,414157,1.000,2359
265574,414042,1.000,2359
265574,414043,1.000,2359
265575,414644,1.000,2359
265576,414417,1.000,2359
265577,414190,1.000,2359
265577,414191,1.000,2359
265578,414204,1.000,2385
265579,414402,1.000,2356
265579,414403,1.000,2356
265580,414429,1.000,2359
265580,414430,1.000,2359
265581,414377,1.000,2359
265582,414318,1.000,2359
265582,414319,1.000,2359
265583,414437,1.000,2363
265584,413999,1.000,2359
265584,414000,1.000,2359
265585,413759,1.000,2356
265586,414653,1.000,2359
265586,414654,1.000,2359
265587,414571,1.000,2359
265588,414026,1.000,2359
265589,414047,1.000,2359
265589,414048,1.000,2359
265590,413935,1.000,2359
265590,413936,1.000,2359
265591,414623,1.000,2359
265591,414625,1.000,2359
265592,414645,1.000,2359
265593,414336,1.000,2359
265594,414686,1.000,2359
265595,414097,1.000,2387
265596,414102,1.000,2359
265596,414103,1.000,2359
265597,413938,1.000,2359
265597,413939,1.000,2359
265598,414626,1.000,2446
265599,413476,1.000,2428
265599,413477,2.000,2430
265600,414714,1.000,2459
265600,414715,1.000,405
265601,414712,1.000,2457
265601,414713,1.000,405
265602,414616,1.000,2359
265602,414617,1.000,2359
265603,414941,1.000,2424
265604,414106,1.000,399
265605,414541,1.000,399
265606,414058,1.000,2428
265606,414059,2.000,2430
265607,414178,1.000,399
265607,414179,1.000,2862
265607,414180,1.000,915
265608,413877,1.000,2458
265608,413878,1.000,405
265609,414493,1.000,2363
265610,414231,1.000,2424
265611,414245,1.000,2385
265612,414500,1.000,2359
265612,414501,1.000,2359
265613,414495,1.000,2359
265614,414496,1.000,2376
265615,414901,1.000,2359
265615,414902,1.000,2359
265616,414517,1.000,2446
265617,414620,1.000,2359
265617,414621,1.000,2359
265618,415066,1.000,2359
265619,414362,1.000,2360
265620,414611,1.000,2359
265620,414612,1.000,2359
265621,414504,1.000,2359
265623,414387,1.000,2359
265623,414388,1.000,2359
265624,413951,1.000,2359
265624,413952,1.000,2359
265625,414069,1.000,2359
265626,413403,1.000,2457
265626,413404,1.000,405
265627,415164,1.000,2352
265627,415165,1.000,2359
265628,414548,1.000,2359
265629,414421,1.000,2368
265630,414389,1.000,2359
265630,414390,1.000,2359
265631,414136,1.000,2365
265632,413886,1.000,2443
265632,413887,1.000,3120
265633,414823,1.000,399
265633,414824,1.000,915
265634,414722,1.000,2352
265635,414147,1.000,2428
265636,414534,1.000,2359
265636,414535,1.000,2359
265637,413881,1.000,2594
265638,414184,1.000,2387
265639,413822,1.000,2428
265640,414393,1.000,2359
265640,414394,1.000,2359
265641,414149,1.000,2446
265642,414134,1.000,2359
265643,414643,1.000,2359
265644,412896,1.000,2467
265645,414505,1.000,2359
265645,414506,1.000,2359
265646,413739,1.000,2467
265647,414640,1.000,2359
265648,414658,1.000,2383
265648,414659,1.000,408
265649,413438,1.000,2457
265649,413439,1.000,405
265650,413029,1.000,2457
265650,413030,1.000,405
265651,414066,1.000,2457
265651,414067,1.000,405
265651,414068,1.000,2467
265652,414744,1.000,2446
265653,414507,1.000,2359
265653,414508,1.000,2359
265654,413052,1.000,2383
265654,413053,1.000,408
265655,414615,1.000,2378
265656,414351,1.000,2440
265657,414553,1.000,2368
265658,414752,1.000,2359
265658,414753,1.000,2359
265659,414076,1.000,2461
265659,414077,1.000,405
265660,414574,1.000,2359
265660,414575,1.000,2359
265661,414432,1.000,2428
265661,414433,1.000,2430
265662,414518,1.000,2446
265663,413812,1.000,405
265663,413819,1.000,2458
265664,414820,1.000,399
265664,414821,1.000,915
265665,414882,1.000,2359
265666,413512,1.000,2455
265667,414366,1.000,2352
265667,414367,1.000,2352
265668,414279,1.000,2377
265669,415027,1.000,2352
265670,414967,1.000,2512
265671,414340,1.000,399
265672,415032,1.000,2352
265672,415033,1.000,2352
265673,414893,1.000,2352
265673,414894,1.000,134
265674,414681,1.000,2387
265675,413579,2.000,2494
265676,414420,1.000,2359
265677,414407,1.000,2359
265677,414408,1.000,2359
265678,413778,1.000,2428
265679,414431,1.000,2416
265680,414935,1.000,2356
265680,414936,1.000,2356
265681,413069,1.000,2383
265682,413102,1.000,2457
265682,413103,1.000,405
265683,414498,1.000,2359
265683,414499,1.000,2359
265684,412989,1.000,2458
265684,412990,1.000,405
265685,414723,1.000,2359
265685,414724,1.000,2359
265686,414116,1.000,2359
265687,414743,1.000,2449
265688,414731,1.000,2449
265689,415180,1.000,2352
265690,415191,1.000,2352
265690,415192,1.000,2352
265691,414703,1.000,399
265692,414848,1.000,2356
265692,414849,1.000,2356
265693,415179,1.000,2359
265694,414845,1.000,2360
265694,414846,1.000,2360
265695,414596,1.000,2424
265696,414609,1.000,2359
265696,414610,1.000,2359
265697,415065,1.000,2471
265698,415064,1.000,308
265699,414959,1.000,2458
265699,414960,1.000,405
265700,415252,1.000,660
265701,414673,1.000,2449
265702,415114,1.000,2397
265703,414272,1.000,2428
265704,414773,1.000,2449
265705,413890,1.000,2460
265705,413891,1.000,405
265705,413892,1.000,408
265706,413557,1.000,2428
265706,413564,1.000,2430
265707,414006,1.000,2428
265707,414007,1.000,2430
265708,414655,1.000,2359
265709,414634,1.000,2360
265709,414635,1.000,2360
265710,414639,1.000,2387
265711,414578,1.000,2359
265711,414579,1.000,2359
265712,414568,1.000,2356
265713,415175,1.000,2385
265714,414580,1.000,2359
265714,414581,1.000,2359
265715,414302,1.000,2467
265716,413370,1.000,2495
265717,413371,1.000,2495
265718,412793,1.000,2416
265719,414735,1.000,2424
265720,414343,1.000,2424
265721,415025,1.000,2359
265721,415026,1.000,2359
265722,414864,1.000,2356
265723,414797,1.000,2359
265723,414798,1.000,2359
265724,415276,1.000,2352
265724,415277,1.000,2352
265725,413420,1.000,2457
265725,413421,1.000,405
265726,413383,1.000,2457
265726,413384,1.000,405
265727,413688,1.000,2481
265728,413798,1.000,2415
265729,414706,1.000,2424
265730,413454,1.000,2457
265730,413455,1.000,405
265731,414987,1.000,2481
265731,414988,1.000,2481
265732,414956,1.000,2481
265733,414949,1.000,2440
265734,413216,1.000,2457
265734,413217,1.000,405
265735,415138,1.000,2457
265735,415139,1.000,405
265736,413809,1.000,2457
265736,413810,1.000,405
265737,415060,1.000,2446
265738,414002,1.000,2428
265739,415061,1.000,2446
265740,414558,1.000,2617
265740,414559,1.000,405
265741,414749,1.000,2424
265742,412987,1.000,2416
265743,413675,1.000,2457
265743,413676,1.000,405
265744,413493,1.000,2426
265744,413494,1.000,2433
265745,413806,1.000,2457
265745,413807,1.000,405
265746,414965,1.000,2446
265747,413360,1.000,2460
265747,413361,1.000,405
265747,413362,1.000,408
265748,413390,1.000,2457
265748,413394,1.000,405
265749,415087,1.000,2457
265749,415088,1.000,405
265750,413326,1.000,2458
265750,413327,1.000,405
265751,414691,1.000,2449
265752,413387,1.000,2457
265752,413388,1.000,405
265753,414962,1.000,2471
265753,414963,1.000,134
265754,414727,1.000,2446
265755,413409,1.000,2457
265755,413410,1.000,405
265756,414572,1.000,308
265757,414721,1.000,2377
265758,414720,1.000,2377
265759,415079,1.000,2449
265760,414035,1.000,2428
265761,414193,1.000,2428
265762,414055,1.000,2416
265763,414365,1.000,399
265764,414378,1.000,399
265765,414716,1.000,2458
265765,414717,1.000,405
265766,414205,1.000,2460
265767,414603,1.000,2942
265768,414109,1.000,2426
265769,415077,1.000,2356
265769,415078,1.000,2356
265770,414742,1.000,2359
265771,413861,1.000,2463
265771,413862,1.000,405
265772,414072,1.000,2428
265773,415155,1.000,2356
265773,415156,1.000,2356
265774,413656,1.000,1098
265775,415335,1.000,2352
265775,415336,1.000,2352
265776,414953,1.000,2359
265777,415332,1.000,2352
265778,414595,1.000,2368
265779,414750,1.000,2359
265779,414751,1.000,2359
265780,414588,1.000,2387
265780,414589,1.000,2361
265781,414979,1.000,2359
265781,414980,1.000,2359
265782,414413,1.000,2359
265782,414414,1.000,2359
265783,414982,1.000,2356
265783,414983,1.000,2359
265784,414693,1.000,2397
265785,414341,1.000,2359
265785,414342,1.000,2359
265786,414599,1.000,2359
265787,414648,1.000,2359
265788,414756,1.000,2359
265788,414757,1.000,2359
265789,414884,1.000,2359
265789,414885,1.000,2359
265790,414676,1.000,2387
265791,415211,1.000,2385
265792,414622,1.000,2359
265792,414624,1.000,2359
265793,414542,1.000,2360
265794,414672,1.000,2387
265795,415016,1.000,2356
265796,414690,1.000,2359
265797,414582,1.000,2356
265798,414915,1.000,2359
265799,414741,1.000,2359
265800,414919,1.000,2359
265800,414920,1.000,2359
265801,415146,1.000,399
265802,414942,1.000,2359
265802,414943,1.000,2359
265803,414494,1.000,2363
265804,414872,1.000,2359
265804,414873,1.000,2359
265805,414878,1.000,2359
265805,414879,1.000,2359
265806,414361,1.000,818
265807,415072,1.000,2360
265808,414409,1.000,2359
265808,414410,1.000,2359
265809,415073,1.000,2385
265809,415074,1.000,2359
265810,414682,1.000,2359
265810,414683,1.000,2359
265811,415075,1.000,2359
265812,414719,1.000,2359
265813,414666,1.000,2395
265814,415171,1.000,2356
265815,414692,1.000,2359
265816,414875,1.000,2359
265816,414876,1.000,2359
265817,414689,1.000,669
265818,415294,1.000,2352
265819,415285,1.000,2352
265820,415337,1.000,2352
265820,415338,1.000,2352
265821,415289,1.000,2352
265821,415290,1.000,2352
265822,415052,1.000,2352
265822,415053,1.000,2352
265823,415092,1.000,2352
265823,415093,1.000,2352
265824,414527,1.000,399
265824,414528,1.000,2863
265825,413786,1.000,2428
265825,413787,1.000,486
265825,413788,1.000,490
265825,413789,1.000,491
265825,413790,1.000,2430
265826,414929,1.000,399
265826,414930,1.000,2862
265827,414700,1.000,2377
265828,414917,1.000,399
265828,414918,1.000,2862
265829,415123,1.000,2488
265829,415124,1.000,2984
265830,413422,1.000,2459
265830,413423,1.000,405
265830,413424,1.000,408
265831,413340,1.000,2457
265831,413341,1.000,405
265832,414813,1.000,399
265833,414779,1.000,2449
265834,415476,1.000,2469
265835,414768,1.000,399
265835,414769,1.000,2862
265836,414966,1.000,2446
265837,413411,1.000,2460
265837,413412,1.000,405
265837,413413,1.000,408
265838,414561,1.000,2596
265839,413352,1.000,2457
265839,413354,1.000,405
265840,414916,1.000,2359
265841,413304,1.000,2458
265841,413305,1.000,405
265842,415067,1.000,2359
265842,415068,1.000,2359
265843,412734,1.000,2449
265844,415524,30.000,660
265845,415527,35.000,660
265845,415528,2.000,3363
265846,415529,10.000,660
265847,415531,6.000,660
265848,415534,20.000,660
265849,415536,20.000,660
265849,415537,4.000,2352
265850,415538,1.000,3408
265851,415539,40.000,660
265852,414858,1.000,2446
265853,414707,1.000,2446
265854,414865,1.000,2467
265855,414874,1.000,308
265856,414816,1.000,2359
265856,414817,1.000,2359
265857,414838,1.000,2359
265857,414839,1.000,2359
265858,415000,1.000,2359
265858,415001,1.000,2359
265858,415002,1.000,134
265859,415320,1.000,2359
265860,414841,1.000,2359
265860,414842,1.000,2359
265861,415080,1.000,2359
265861,415081,1.000,2359
265862,414843,1.000,2446
265863,415085,1.000,2359
265864,414793,1.000,2359
265864,414794,1.000,2359
265865,415278,1.000,2445
265866,414818,1.000,2359
265866,414819,1.000,2359
265867,415082,1.000,2359
265867,415083,1.000,2359
265868,414877,1.000,2359
265869,415095,1.000,2424
265870,414807,1.000,2359
265870,414808,1.000,2359
265871,414695,1.000,2428
265871,414696,1.000,2430
265872,414850,1.000,2359
265872,414851,1.000,2359
265873,415240,1.000,2385
265874,414852,1.000,2371
265875,415150,1.000,2424
265876,414880,1.000,2397
265876,414881,1.000,1130
265877,415020,1.000,2379
265878,414840,1.000,2416
265879,414870,1.000,2360
265879,414871,1.000,2360
265880,414661,1.000,2460
265880,414662,1.000,405
265880,414663,1.000,408
265881,415265,1.000,2359
265881,415266,1.000,2359
265882,414832,1.000,2359
265883,414826,1.000,2359
265883,414827,1.000,2359
265884,415120,1.000,399
265885,415207,1.000,3194
265886,415361,1.000,2356
265886,415362,1.000,2356
265887,415317,1.000,2424
265888,415261,1.000,2352
265889,415477,1.000,2352
265889,415478,1.000,2352
265890,415269,1.000,2352
265891,415482,1.000,2352
265892,415321,1.000,2352
265892,415322,1.000,2352
265893,415161,1.000,2387
265894,415141,1.000,2449
265894,415142,1.000,2387
265895,415480,1.000,2356
265895,415481,1.000,2356
265896,415315,1.000,2356
265897,415532,1.000,2359
265897,415533,1.000,2359
265898,415238,1.000,4066
265898,415239,1.000,2387
265899,415178,1.000,2385
265900,415013,1.000,2359
265900,415014,1.000,2359
265901,415221,1.000,2352
265901,415222,1.000,2352
265902,414308,1.000,2359
265903,415697,1.000,490
265904,415739,1.000,522
265905,414997,1.000,2426
265906,414947,1.000,2352
265906,414948,1.000,2359
265907,414924,1.000,2458
265907,414925,1.000,405
265908,414730,1.000,2359
265909,414687,1.000,2359
265909,414688,1.000,2359
265910,415340,1.000,2460
265910,415341,1.000,405
265910,415342,1.000,408
265911,414835,1.000,2359
265912,413587,1.000,2458
265912,413588,1.000,112
265913,414608,1.000,2449
265914,414384,1.000,2467
265915,414746,1.000,2446
265916,414176,1.000,2383
265916,414177,1.000,408
265917,414200,1.000,2428
265917,414201,1.000,2430
265918,415094,1.000,2424
265919,415162,1.000,2387
265919,415163,1.000,2449
265920,414357,1.000,2428
265921,413255,1.000,2457
265921,413256,1.000,405
265922,414981,1.000,2387
265923,413764,1.000,2428
265923,413765,1.000,2429
265924,413796,1.000,2426
265924,413797,1.000,2433
265925,415181,1.000,2356
265926,414812,1.000,2449
265927,413883,1.000,2460
265927,413884,1.000,405
265927,413885,1.000,408
265928,413802,1.000,2461
265928,413803,1.000,405
265929,414540,1.000,2481
265930,413792,1.000,2461
265930,413793,1.000,405
265931,413864,1.000,2458
265931,413865,1.000,405
265931,413866,1.000,2387
265932,414140,1.000,2457
265932,414141,1.000,787
265933,414747,1.000,2446
265934,414241,1.000,2426
265935,414145,1.000,2457
265935,414146,1.000,405
265936,414502,1.000,2488
265936,414503,1.000,2467
265937,414906,1.000,2359
265937,414907,1.000,2359
265938,413198,1.000,2460
265938,413199,1.000,405
265938,413200,1.000,408
265939,415160,1.000,2424
265940,413358,1.000,2426
265940,413359,1.000,2509
265941,413665,1.000,2460
265941,413666,1.000,405
265941,413667,1.000,408
265942,415143,1.000,2371
265943,415232,1.000,2457
265943,415233,1.000,405
265944,414669,1.000,3946
265945,407968,1.000,2455
265946,413355,1.000,2456
265947,414900,1.000,2356
265948,414998,1.000,2359
265948,414999,1.000,2359
265949,414975,1.000,2359
265949,414976,1.000,2359
265950,414748,1.000,2449
265951,414971,1.000,2359
265951,414972,1.000,2359
265952,414718,1.000,2449
265953,414940,1.000,2359
265954,414897,1.000,2359
265954,414898,1.000,2359
265955,415333,1.000,2359
265955,415334,1.000,2359
265956,414931,1.000,2359
265956,414932,1.000,2359
265957,414888,1.000,2359
265957,414889,1.000,2359
265958,414188,1.000,2428
265958,414189,1.000,2430
265959,414890,1.000,2356
265960,415540,1.000,2450
265961,414079,1.000,2457
265961,414080,1.000,787
265962,414050,1.000,2458
265962,414051,1.000,405
265963,414891,1.000,2359
265963,414892,1.000,2359
265964,415118,1.000,2457
265964,415119,1.000,405
265965,414964,1.000,2360
265966,415391,1.000,2359
265967,414587,1.000,2446
265968,414984,1.000,2359
265968,414985,1.000,2359
265969,414927,1.000,2359
265969,414928,1.000,2359
265970,415525,1.000,2360
265970,415526,1.000,2359
265971,414946,1.000,2449
265972,414937,1.000,2488
265973,414815,1.000,308
265974,414202,1.000,2428
265975,414386,1.000,2428
265976,414556,1.000,2457
265976,414557,1.000,405
265977,415140,1.000,308
265978,414694,1.000,308
265979,414576,1.000,2445
265980,414697,1.000,308
265981,415557,1.000,2352
265982,415396,1.000,2352
265982,415397,1.000,2352
265983,415555,1.000,2352
265984,415556,1.000,2352
265985,415423,1.000,2352
265985,415424,1.000,2352
265986,415558,1.000,2352
265987,415486,1.000,2352
265987,415487,1.000,2352
265988,415499,1.000,2352
265989,415500,1.000,2352
265990,415470,1.000,2352
265991,415434,1.000,2352
265991,415435,1.000,2352
265992,415448,1.000,2352
265992,415449,1.000,2352
265993,415463,1.000,2352
265993,415464,1.000,2352
265994,414570,1.000,2446
265995,415790,18.000,660
265995,415791,2.000,3363
265996,415366,1.000,2356
265996,415367,1.000,2356
265997,415792,36.000,660
265998,415794,24.000,660
265999,414593,1.000,2394
265999,414594,1.000,2424
266000,414536,1.000,2382
266000,414537,1.000,408
266001,415227,1.000,2522
266002,415049,1.000,2394
266003,415109,1.000,2387
266004,414674,1.000,3381
266005,414168,1.000,2462
266005,414169,1.000,405
266006,415339,1.000,2446
266007,413654,1.000,3407
266007,413655,1.000,408
266008,415008,1.000,2359
266008,415009,1.000,2359
266009,414427,1.000,2997
266010,414163,1.000,2442
266010,414164,1.000,3120
266011,414208,1.000,2457
266011,414209,1.000,405
266012,415808,1.000,2360
266012,415809,1.000,2352
266013,415196,1.000,2385
266013,415197,1.000,2359
266014,415205,1.000,2381
266015,414195,1.000,2457
266015,414196,1.000,405
266016,414771,1.000,399
266016,414772,1.000,2862
266017,414910,1.000,2457
266017,414911,1.000,405
266018,413625,1.000,405
266019,415058,1.000,399
266019,415059,1.000,2862
266020,415054,1.000,2368
266021,414913,1.000,2382
266021,414914,1.000,408
266022,414170,1.000,2457
266022,414171,1.000,405
266023,415283,1.000,2471
266024,415330,1.000,2997
266025,415479,1.000,2446
266026,415892,1.000,2359
266027,414423,1.000,2449
266028,415733,1.000,2352
266028,415734,1.000,2352
266029,415914,1.000,2352
266029,415915,1.000,2352
266030,415905,1.000,2352
266030,415906,1.000,2352
266031,415585,1.000,2512
266031,415586,1.000,2512
266031,415587,1.000,2359
266031,415588,1.000,2359
266032,415721,1.000,2352
266032,415722,1.000,2352
266033,415909,1.000,2352
266034,415761,1.000,2512
266035,415702,2.000,2512
266035,415703,2.000,2512
266036,415727,1.000,2352
266036,415728,1.000,2352
266037,415910,1.000,2352
266037,415911,1.000,2352
266038,415902,1.000,2512
266039,415719,1.000,2352
266039,415720,1.000,2352
266040,415554,1.000,2512
266041,415313,1.000,2359
266041,415314,1.000,2359
266042,415309,1.000,2359
266043,415694,1.000,2424
266044,415356,1.000,2424
266045,415671,1.000,2424
266046,414583,1.000,2428
266046,414584,1.000,486
266046,414585,1.000,490
266046,414586,1.000,491
266047,415390,1.000,2425
266048,415326,1.000,399
266049,415665,1.000,399
266050,415682,1.000,2449
266051,415242,1.000,2861
266051,415243,3.000,748
266052,415272,1.000,2359
266052,415273,1.000,2359
266053,415700,1.000,2356
266053,415701,1.000,2356
266054,415311,1.000,2359
266054,415312,1.000,2359
266055,415318,1.000,2359
266055,415319,1.000,2359
266056,415657,1.000,2861
266057,415151,1.000,2385
266057,415152,1.000,2359
266058,415245,1.000,2359
266058,415246,1.000,2359
266059,415543,1.000,399
266060,415331,1.000,2363
266061,415137,1.000,2469
266062,415310,1.000,2387
266063,414833,1.000,2359
266064,415403,1.000,2385
266064,415404,1.000,2356
266065,415385,1.000,2359
266065,415386,1.000,2359
266066,415244,1.000,2446
266067,415708,1.000,2359
266068,415323,1.000,2363
266069,415364,1.000,2359
266069,415365,1.000,2359
266070,415264,1.000,2359
266071,415249,1.000,2360
266071,415250,1.000,2360
266072,415352,1.000,2377
266073,415374,1.000,2359
266074,415282,1.000,2359
266075,415344,1.000,2359
266076,415209,1.000,2359
266076,415210,1.000,2359
266078,415608,1.000,2389
266079,415089,1.000,2459
266079,415090,1.000,405
266079,415091,1.000,408
266080,414804,1.000,2428
266081,415350,1.000,2385
266081,415351,1.000,2359
266082,415257,1.000,2359
266082,415258,1.000,2359
266083,415280,1.000,2359
266083,415281,1.000,2359
266084,415343,1.000,2359
266085,415345,1.000,2359
266086,415247,1.000,2359
266087,415300,1.000,2359
266087,415301,1.000,2359
266088,414364,1.000,2509
266088,415182,1.000,408
266089,414844,1.000,2359
266090,416050,1.000,2352
266090,416051,1.000,2352
266091,415693,1.000,2359
266092,415541,1.000,2488
266093,415432,1.000,2359
266094,415176,1.000,2396
266095,415412,1.000,2359
266096,415428,1.000,2359
266096,415429,1.000,2359
266097,414248,1.000,2426
266098,415097,1.000,2359
266099,415248,1.000,399
266100,415393,1.000,2359
266100,415394,1.000,2359
266101,415467,1.000,2385
266101,415468,1.000,2359
266102,415452,1.000,2359
266102,415453,1.000,2359
266103,415410,1.000,2359
266104,415360,1.000,2424
266105,415383,1.000,2359
266105,415384,1.000,2359
266106,415034,1.000,2359
266106,415035,1.000,2359
266107,414774,1.000,2392
266108,415145,1.000,399
266109,415598,1.000,2596
266110,415440,1.000,2359
266110,415441,1.000,2359
266111,415591,1.000,2359
266112,415573,1.000,2385
266112,415574,1.000,2359
266113,415015,1.000,2359
266114,414810,1.000,2428
266114,414811,1.000,2432
266115,414968,1.000,2397
266116,415849,1.000,2446
266117,414926,1.000,2428
266118,415296,1.000,2460
266118,415297,1.000,405
266118,415299,2.000,748
266119,414566,1.000,2446
266120,415149,1.000,2467
266121,415501,1.000,2359
266121,415502,1.000,2359
266122,415446,1.000,2359
266122,415447,1.000,2359
266123,415454,1.000,2363
266124,415115,1.000,2368
266125,415421,1.000,2359
266125,415422,1.000,2359
266126,415505,1.000,2385
266127,413763,1.000,2416
266128,415444,1.000,2359
266128,415445,1.000,2359
266129,414590,1.000,2458
266129,414591,1.000,405
266130,415461,1.000,2359
266130,415462,1.000,2359
266131,415459,1.000,2359
266131,415460,1.000,2359
266132,414113,1.000,2460
266132,414114,1.000,405
266132,414115,1.000,408
266133,414701,2.000,308
266134,415978,1.000,2446
266135,414775,1.000,2452
266136,414776,1.000,2452
266137,414770,1.000,2452
266138,415709,1.000,2446
266139,415307,1.000,2457
266139,415308,1.000,405
266140,414425,1.000,2481
266141,415251,1.000,2467
266142,415627,1.000,308
266143,415004,1.000,308
266144,413976,1.000,2481
266144,413977,1.000,2484
266145,415661,1.000,2449
266146,415262,1.000,2459
266146,415263,1.000,405
266147,414933,1.000,2457
266147,414934,1.000,405
266148,414074,1.000,2457
266148,414075,1.000,405
266149,414667,1.000,2457
266149,414668,1.000,405
266150,414411,1.000,2383
266150,414412,1.000,408
266151,415135,1.000,2383
266151,415136,1.000,408
266152,414172,1.000,2383
266152,414173,1.000,408
266153,414728,1.000,2383
266153,414729,1.000,408
266154,414684,1.000,2439
266155,414439,1.000,2457
266155,414440,1.000,405
266156,414986,1.000,2359
266157,414977,1.000,2359
266157,414978,1.000,2359
266158,415409,1.000,2424
266159,415408,1.000,2424
266160,415229,1.000,2460
266160,415230,1.000,405
266160,415231,1.000,408
266161,414529,1.000,2460
266161,414530,1.000,405
266161,414531,1.000,408
266162,414805,1.000,2446
266163,415050,1.000,2390
266164,415589,1.000,2359
266165,414181,1.000,2458
266165,414182,1.000,405
266166,415405,1.000,2356
266166,415406,1.000,2356
266167,415564,1.000,2359
266167,415565,1.000,2359
266168,414958,1.000,2377
266169,414381,1.000,2442
266169,414382,1.000,3120
266170,414938,1.000,2457
266170,414939,1.000,405
266171,415038,1.000,2359
266171,415039,1.000,2359
266172,414554,1.000,670
266173,414834,1.000,2359
266174,415392,1.000,2356
266175,415070,1.000,2359
266175,415071,1.000,2359
266176,415571,1.000,2359
266177,414665,1.000,491
266178,415051,1.000,2416
266179,415284,1.000,2424
266180,414754,1.000,2426
266181,415132,1.000,2460
266181,415133,1.000,405
266181,415134,1.000,408
266182,415442,1.000,2359
266182,415443,1.000,2359
266183,414806,1.000,2460
266184,414604,1.000,2428
266184,414605,1.000,2430
266185,415924,1.000,2356
266185,415925,1.000,2356
266186,414120,2.000,748
266187,415578,1.000,2359
266187,415579,1.000,2359
266188,415485,1.000,2363
266189,415436,1.000,2359
266189,415437,1.000,2359
266190,415450,1.000,2356
266190,415451,1.000,2356
266191,415154,1.000,2449
266192,415438,1.000,2359
266192,415439,1.000,2359
266193,415224,1.000,2460
266193,415225,1.000,405
266193,415226,1.000,408
266194,415430,1.000,2359
266194,415431,1.000,2359
266195,415962,1.000,2512
266196,415994,1.000,2359
266196,415995,1.000,2359
266197,415848,1.000,2359
266198,415483,1.000,2359
266198,415484,1.000,2359
266199,415807,1.000,2359
266200,415584,1.000,2387
266201,416012,1.000,2359
266202,414969,1.000,2359
266203,414973,1.000,2359
266203,414974,1.000,134
266204,414677,1.000,2457
266204,414678,1.000,405
266205,414602,1.000,2428
266206,414954,1.000,2457
266206,414955,1.000,787
266207,414708,1.000,2460
266207,414709,1.000,405
266207,414710,1.000,408
266208,415411,1.000,2359
266209,415363,1.000,2359
266210,416026,1.000,2359
266210,416027,1.000,2359
266211,416246,1.000,2352
266212,415839,1.000,2352
266213,415637,1.000,2352
266213,415638,1.000,2352
266214,415998,1.000,2352
266214,415999,1.000,2352
266215,414545,1.000,2443
266215,414546,1.000,3120
266216,416079,1.000,2446
266217,415380,1.000,2397
266218,415583,1.000,2387
266219,415628,1.000,3738
266220,416033,1.000,2352
266220,416035,1.000,2352
266221,415771,1.000,2352
266222,415835,1.000,2359
266222,415836,1.000,2352
266223,415829,1.000,2352
266223,415830,1.000,2352
266224,416000,1.000,2352
266224,416001,1.000,2352
266225,415616,1.000,2352
266226,415626,1.000,2352
266227,416031,1.000,2352
266227,416032,1.000,2352
266228,415774,1.000,2352
266228,415775,1.000,2352
266229,415912,1.000,2352
266229,415913,1.000,2352
266230,415382,1.000,2354
266231,416037,1.000,2352
266232,415827,1.000,2352
266233,415651,1.000,2352
266233,415652,1.000,2352
266234,416269,1.000,2352
266235,415236,1.000,2359
266236,415604,1.000,2358
266236,415605,1.000,2356
266237,416270,1.000,2569
266238,415503,1.000,2359
266238,415504,1.000,2359
266239,416273,1.000,2352
266239,416274,1.000,2352
266240,414091,1.000,2460
266240,414092,1.000,405
266240,414093,1.000,408
266241,414486,1.000,2428
266241,414487,1.000,486
266241,414488,1.000,490
266241,414489,1.000,491
266242,415129,1.000,2460
266242,415130,1.000,405
266242,415131,1.000,408
266243,416025,1.000,2424
266244,415575,1.000,2390
266245,415069,1.000,2392
266246,415147,1.000,399
266246,415148,1.000,2862
266247,415812,1.000,2359
266248,415371,1.000,399
266249,415559,1.000,2359
266249,415560,1.000,2359
266250,415817,1.000,2363
266251,415399,1.000,2359
266251,415400,1.000,2359
266252,414174,1.000,2505
266253,415851,1.000,2358
266253,415852,1.000,2356
266254,415635,1.000,2359
266254,415636,1.000,2359
266255,416034,1.000,2359
266255,416036,1.000,2359
266256,415704,1.000,2359
266256,415705,1.000,2359
266257,415691,1.000,2359
266257,415692,1.000,2359
266258,415645,1.000,2359
266258,415646,1.000,2359
266259,415643,1.000,2359
266259,415644,1.000,2359
266260,415747,1.000,2359
266261,415764,1.000,2368
266262,415773,1.000,2359
266263,415634,1.000,2359
266264,415641,1.000,2359
266264,415642,1.000,2359
266265,415666,1.000,2359
266265,415667,1.000,2359
266266,415676,1.000,2359
266266,415677,1.000,2359
266267,415690,1.000,2359
266268,415698,1.000,2356
266268,415699,1.000,2356
266269,415711,1.000,2359
266270,415715,1.000,2359
266270,415716,1.000,2359
266271,415729,1.000,2359
266271,415730,1.000,2359
266272,415731,1.000,2359
266272,415732,1.000,2359
266273,415695,1.000,2359
266273,415696,1.000,2359
266274,415683,1.000,2359
266274,415684,1.000,2359
266275,415706,1.000,2359
266275,415707,1.000,2359
266276,415713,1.000,2356
266276,415714,1.000,2356
266277,415717,1.000,2359
266277,415718,1.000,2359
266278,416163,1.000,2352
266278,416164,1.000,2352
266279,416151,1.000,2352
266279,416152,1.000,2352
266280,416134,1.000,2352
266280,416135,1.000,2352
266281,416175,1.000,2352
266281,416176,1.000,2352
266282,416142,1.000,2352
266283,416301,1.000,2352
266284,416296,1.000,2352
266284,416297,1.000,2352
266285,416294,1.000,2352
266286,416293,1.000,2352
266287,416291,1.000,2352
266287,416292,1.000,2352
266288,416289,2.000,2512
266289,415656,1.000,308
266290,414912,1.000,2428
266291,415354,1.000,2449
266292,415295,1.000,2449
266293,415306,1.000,2449
266294,414863,1.000,2467
266295,414814,1.000,2446
266296,415936,1.000,2387
266296,415937,1.000,2387
266297,415648,1.000,2352
266297,415649,1.000,2352
266298,415953,1.000,2352
266299,415946,1.000,2352
266299,415947,1.000,2352
266300,416184,1.000,2359
266301,416370,1.000,2352
266302,416307,1.000,2460
266302,416308,1.000,405
266302,416309,1.000,408
266303,415375,1.000,2446
266304,415948,1.000,2359
266304,415949,1.000,2359
266305,415686,1.000,2359
266305,415687,1.000,2359
266306,415850,1.000,2449
266307,414847,1.000,2449
266308,415723,1.000,2449
266309,415688,1.000,2467
266310,414800,1.000,2446
266311,415740,1.000,2446
266312,416372,1.000,2352
266312,416373,1.000,2352
266313,416154,1.000,2390
266313,416155,1.000,748
266314,415689,1.000,2445
266315,415744,1.000,399
266316,414789,1.000,2449
266317,416080,1.000,2359
266318,415743,1.000,2424
266319,415512,1.000,2428
266319,415513,1.000,2430
266319,415514,1.000,490
266319,415515,1.000,486
266319,415516,1.000,491
266320,415347,1.000,2449
266321,416083,1.000,2359
266321,416084,1.000,2359
266322,415274,1.000,2446
266323,415112,1.000,2458
266323,415113,1.000,405
266324,415672,1.000,2392
266325,415813,1.000,2390
266325,415814,1.000,915
266326,415235,1.000,2446
266327,416354,1.000,2352
266327,416355,1.000,2352
266328,416393,1.000,2512
266329,416343,1.000,2352
266329,416344,1.000,2352
266330,416314,1.000,2352
266330,416315,1.000,2352
266331,416392,1.000,2352
266332,416351,1.000,2352
266332,416352,1.000,2352
266333,416302,1.000,2352
266333,416303,1.000,2352
266334,416180,1.000,2352
266334,416181,1.000,2352
266335,416312,1.000,2352
266335,416313,1.000,2352
266336,416399,1.000,2352
266337,416310,1.000,2352
266338,416222,1.000,2352
266338,416223,1.000,2352
266339,416244,1.000,2352
266339,416245,1.000,2352
266340,416333,1.000,2352
266340,416334,1.000,2352
266340,416335,1.000,2569
266341,415548,1.000,2363
266342,415908,1.000,2466
266343,415302,1.000,399
266344,415542,1.000,2446
266345,415125,1.000,2457
266345,415126,1.000,405
266346,416106,1.000,308
266347,416517,1.000,399
266348,415506,1.000,2446
266349,416496,1.000,2460
266349,416497,1.000,405
266349,416498,1.000,408
266350,414945,1.000,2449
266351,415547,1.000,2446
266352,415594,1.000,2446
266353,416430,1.000,2446
266354,416127,1.000,2488
266355,415960,1.000,2446
266356,415566,1.000,2446
266357,415158,1.000,2449
266358,414513,1.000,2428
266358,414514,1.000,2430
266359,415599,1.000,2446
266360,414993,1.000,2594
266361,415121,1.000,2428
266362,414992,1.000,2428
266363,415834,1.000,2356
266364,415903,1.000,2359
266364,415904,1.000,2359
266365,415303,1.000,2460
266365,415304,1.000,405
266365,415305,1.000,408
266366,415888,1.000,308
266367,415122,1.000,2428
266368,415418,1.000,2359
266369,415765,1.000,2359
266369,415766,1.000,2359
266370,415275,1.000,2368
266371,415901,1.000,2356
266372,415551,1.000,2428
266373,415819,1.000,2356
266373,415820,1.000,2356
266374,415270,1.000,2360
266374,415271,1.000,2360
266375,415941,1.000,2359
266375,415942,1.000,2359
266376,415495,1.000,308
266377,416377,1.000,308
266378,416006,1.000,2356
266378,416007,1.000,2356
266379,415425,1.000,2377
266380,414887,1.000,2449
266381,415017,1.000,2460
266381,415018,1.000,405
266381,415019,1.000,408
266382,415815,1.000,2356
266383,415473,1.000,2424
266383,415474,1.000,2446
266384,415758,1.000,2359
266384,415759,1.000,2359
266385,415267,1.000,2359
266385,415268,1.000,2359
266386,415577,1.000,2449
266387,415753,1.000,2359
266387,415754,1.000,2359
266388,415784,1.000,2359
266388,415785,1.000,2359
266389,415804,1.000,2359
266389,415805,1.000,2359
266390,414950,1.000,2457
266390,414951,1.000,787
266391,415415,1.000,2360
266391,415416,1.000,2359
266392,415837,1.000,2359
266392,415838,1.000,2359
266393,415841,1.000,2359
266393,415842,1.000,2359
266394,415816,1.000,2359
266395,416099,1.000,2385
266396,415840,1.000,2359
266397,415622,1.000,2356
266397,415623,1.000,2356
266398,415237,1.000,662
266399,415786,1.000,2359
266399,415787,1.000,2359
266400,415215,1.000,2457
266400,415216,1.000,405
266401,415010,1.000,2458
266401,415011,1.000,405
266401,415012,1.000,2387
266402,416266,1.000,2359
266402,416267,1.000,2359
266403,415679,1.000,2428
266403,415680,1.000,2430
266404,416113,1.000,2387
266404,416114,1.000,2668
266405,415971,1.000,2387
266406,415490,1.000,2426
266407,415420,1.000,2449
266408,415234,1.000,2360
266409,416287,1.000,2359
266409,416288,1.000,2359
266410,415991,1.000,2385
266411,414989,1.000,2449
266412,415029,1.000,2378
266413,415920,1.000,2449
266414,414903,1.000,2359
266414,414904,1.000,2359
266414,414905,2.000,134
266415,415806,1.000,2359
266416,416305,1.000,2387
266417,414252,1.000,2426
266418,416556,13.000,660
266419,414970,1.000,2471
266420,416285,1.000,2359
266421,415475,1.000,2469
266422,415955,1.000,2457
266422,415956,1.000,405
266423,415963,1.000,2359
266423,415964,1.000,2359
266424,415185,1.000,2457
266424,415186,1.000,405
266425,415895,1.000,2359
266425,415896,1.000,2359
266426,415845,1.000,2359
266427,414859,1.000,2412
266427,414860,1.000,486
266427,414861,1.000,490
266427,414862,1.000,491
266428,414685,1.000,2475
266429,415220,1.000,2449
266430,415846,1.000,2359
266430,415847,1.000,2359
266431,415890,1.000,2359
266432,415769,1.000,2359
266432,415770,1.000,2359
266433,415853,1.000,2359
266434,415030,2.000,308
266435,415381,1.000,2359
266436,415167,1.000,2428
266436,415168,1.000,490
266436,415169,1.000,486
266436,415170,1.000,491
266437,414739,1.000,2463
266437,414740,1.000,405
266438,416021,1.000,308
266439,416207,1.000,2356
266439,416208,1.000,2356
266440,415933,1.000,2457
266440,415934,1.000,405
266441,415370,1.000,2359
266442,415292,1.000,2446
266443,415631,1.000,2449
266444,415893,1.000,2360
266444,415894,1.000,2360
266445,415974,1.000,2416
266446,416431,1.000,2482
266447,415414,1.000,2387
266448,415990,1.000,2378
266449,416198,1.000,2359
266450,416140,1.000,2359
266450,416141,1.000,2359
266451,416413,1.000,2359
266451,416414,1.000,2359
266452,415725,1.000,399
266452,415726,1.000,2863
266453,415507,1.000,2428
266453,415508,1.000,2430
266453,415509,1.000,490
266453,415510,1.000,486
266453,415511,1.000,491
266454,415177,1.000,2594
266455,416369,1.000,2387
266456,415208,1.000,2446
266457,415328,1.000,2446
266458,416592,1.000,2352
266458,416593,1.000,2352
266459,416590,1.000,2360
266459,416591,1.000,2360
266460,416594,1.000,2424
266461,416345,1.000,2359
266462,416197,1.000,2356
266463,416192,1.000,2359
266463,416193,1.000,2359
266464,416182,1.000,2359
266464,416183,1.000,2359
266465,416139,1.000,2359
266466,416172,1.000,2359
266466,416173,1.000,2359
266467,416168,1.000,2359
266467,416169,1.000,2359
266468,416160,1.000,2359
266468,416161,1.000,2359
266469,416148,1.000,2356
266469,416149,1.000,2356
266470,416133,1.000,2359
266471,416120,1.000,2359
266472,416117,1.000,2359
266473,416115,1.000,2356
266473,416116,1.000,2356
266474,416109,1.000,308
266475,415201,1.000,2440
266476,416187,1.000,2372
266477,415127,1.000,2428
266477,415128,1.000,2430
266478,416380,1.000,2390
266478,416381,1.000,748
266479,416376,1.000,2375
266480,415563,1.000,2446
266481,416145,1.000,2359
266481,416146,1.000,2359
266481,416147,1.000,134
266482,416167,1.000,2425
266483,415327,1.000,2449
266484,416449,1.000,2359
266484,416450,1.000,2359
266485,416506,1.000,2356
266485,416507,1.000,2356
266486,415193,1.000,2467
266487,415387,1.000,2428
266488,416489,1.000,2356
266488,416490,1.000,2359
266489,415241,1.000,2449
266490,415286,1.000,2471
266491,416451,1.000,2359
266491,416452,1.000,2359
266492,416439,1.000,2352
266492,416440,1.000,2352
266493,416532,1.000,2352
266493,416533,1.000,2352
266494,416459,1.000,2352
266494,416460,1.000,2352
266495,416463,1.000,2352
266495,416464,1.000,2352
266496,416442,1.000,2363
266497,416165,1.000,525
266498,416573,1.000,2359
266499,416609,1.000,2359
266499,416610,1.000,2359
266500,415259,1.000,2458
266500,415260,1.000,405
266501,416143,1.000,2390
266501,416144,2.000,672
266502,415550,1.000,2382
266503,416022,1.000,2359
266503,416023,1.000,2359
266504,415101,1.000,2457
266504,415102,1.000,787
266505,415800,1.000,2359
266505,415801,1.000,2359
266506,415854,1.000,2359
266507,415063,1.000,2481
266508,415144,1.000,2446
266509,415062,1.000,2467
266510,415159,1.000,308
266511,415844,1.000,2359
266512,415217,1.000,2359
266512,415218,1.000,2359
266513,416247,1.000,2359
266513,416248,1.000,2359
266514,415096,1.000,2378
266515,415970,1.000,2363
266516,416557,1.000,2359
266516,416558,1.000,2359
266517,416342,1.000,2359
266518,415736,1.000,2363
266518,415737,1.000,2359
266519,416112,1.000,2942
266520,416406,1.000,2359
266521,416068,1.000,2359
266522,416280,1.000,2356
266523,416279,1.000,2356
266524,415751,1.000,2359
266524,415752,1.000,2359
266525,416617,1.000,2446
266526,415796,1.000,2359
266526,415797,1.000,2359
266527,416070,1.000,2371
266528,416043,1.000,2356
266528,416044,1.000,2356
266529,415798,1.000,2359
266529,415799,1.000,2359
266530,416013,1.000,2387
266530,416014,1.000,2387
266531,416268,1.000,399
266532,415975,1.000,2385
266533,415377,1.000,399
266534,415116,1.000,3631
266534,415117,1.000,408
266535,415279,1.000,2446
266536,415202,1.000,2457
266536,415203,1.000,787
266537,414994,1.000,2446
266538,416427,1.000,2488
266538,416428,1.000,2495
266539,415889,1.000,2552
266540,416126,1.000,2446
266541,415003,1.000,2446
266542,414923,1.000,2446
266543,415988,1.000,2467
266544,415413,1.000,308
266545,415612,1.000,308
266546,416224,1.000,2440
266547,416054,1.000,2360
266547,416055,1.000,2360
266548,415793,1.000,3946
266549,415932,1.000,2356
266550,416041,1.000,2359
266550,416042,1.000,2359
266551,415613,1.000,2449
266552,415795,1.000,2359
266553,415788,1.000,2359
266553,415789,1.000,2359
266554,415931,1.000,2356
266555,416560,1.000,2359
266555,416561,1.000,2359
266556,414921,1.000,2446
266557,415172,1.000,2449
266558,415153,1.000,2449
266559,415057,1.000,2446
266560,415287,1.000,2424
266561,415157,1.000,2446
266562,415166,1.000,2446
266563,415190,1.000,2449
266564,414896,1.000,2446
266565,415048,1.000,2449
266566,415935,1.000,2356
266567,415288,1.000,2449
266568,416225,1.000,2356
266568,416226,1.000,2356
266569,415979,1.000,2361
266570,416554,1.000,2359
266571,415952,1.000,2356
266572,416702,1.000,2352
266573,415929,1.000,2356
266574,416419,1.000,2352
266574,416420,1.000,2352
266575,416477,1.000,2352
266576,416475,1.000,2352
266577,416648,1.000,2352
266578,416611,1.000,2352
266579,416562,1.000,2352
266580,416541,1.000,2352
266580,416542,1.000,2352
266581,416605,1.000,2512
266582,416551,1.000,2352
266582,416552,1.000,2352
266583,416412,1.000,2352
266584,416103,1.000,2516
266585,415189,1.000,2450
266586,416243,1.000,2387
266587,416218,1.000,308
266588,416216,1.000,2359
266588,416217,1.000,2359
266589,410517,1.000,405
266589,410518,1.000,408
266589,416579,1.000,2459
266590,416057,1.000,2359
266591,415606,1.000,2363
266591,415607,1.000,2359
266592,414952,1.000,408
266593,415619,1.000,2359
266594,415223,1.000,2449
266595,415824,1.000,399
266596,416232,1.000,2360
266596,416233,1.000,2360
266597,416204,1.000,2359
266598,416545,1.000,2359
266599,416177,1.000,2359
266600,416426,1.000,2862
266601,416024,1.000,2439
266602,415923,1.000,2385
266603,415615,1.000,2359
266604,416468,1.000,2359
266604,416469,1.000,2359
266605,416509,1.000,2359
266605,416510,1.000,2359
266606,416056,1.000,2386
266607,416102,1.000,2368
266608,415855,1.000,2359
266609,416790,1.000,2569
266610,416789,1.000,376
266611,416104,1.000,2397
266612,416212,1.000,2359
266613,416792,1.000,2490
266614,416649,1.000,2449
266615,416757,1.000,2352
266616,415253,1.000,2596
266616,415254,1.000,2387
266617,416437,1.000,2356
266617,416438,1.000,2356
266618,415105,1.000,2382
266618,415106,1.000,408
266619,416188,1.000,2359
266619,416189,1.000,2356
266620,416641,1.000,2359
266620,416642,1.000,2359
266621,416797,1.000,2352
266621,416798,1.000,2352
266622,416799,1.000,2352
266622,416800,1.000,2352
266623,416796,1.000,2352
266624,416049,1.000,2359
266625,416808,13.000,660
266626,416814,33.000,660
266627,416816,1.000,3408
266628,416822,16.000,660
266629,416513,1.000,2359
266630,416492,1.000,2356
266630,416493,1.000,2356
266631,416485,1.000,2356
266631,416486,1.000,2356
266632,416484,1.000,2359
266633,416525,1.000,2368
266634,416521,1.000,2359
266635,416494,1.000,2359
266636,416482,1.000,2359
266636,416483,1.000,2359
266637,416480,1.000,2359
266637,416481,1.000,2359
266638,415316,1.000,2618
266639,416784,1.000,2359
266639,416785,1.000,2359
266640,416523,1.000,2359
266640,416524,1.000,2359
266641,416190,1.000,308
266642,416346,1.000,2552
266643,415750,1.000,2446
266644,416519,1.000,2424
266645,416366,1.000,2449
266646,415681,1.000,2446
266647,416819,1.000,2359
266647,416820,1.000,2359
266648,416073,1.000,2383
266648,416074,1.000,408
266649,416499,1.000,2488
266649,416500,1.000,2467
266650,415755,1.000,2552
266651,415760,1.000,2449
266652,416166,1.000,2446
266653,416841,1.000,2356
266653,416842,1.000,2356
266654,415675,1.000,2467
266655,415685,1.000,2446
266656,416158,1.000,399
266657,416153,1.000,2446
266658,416827,1.000,2359
266658,416828,1.000,2359
266659,416624,1.000,2359
266659,416625,1.000,2359
266660,415724,1.000,308
266661,416535,1.000,2356
266661,416536,1.000,2356
266662,416781,1.000,399
266663,416832,1.000,2359
266664,415738,1.000,2449
266666,416548,1.000,2359
266666,416549,1.000,2359
266667,416630,1.000,2356
266667,416631,1.000,2356
266668,416837,1.000,2359
266668,416838,1.000,2359
266669,415772,1.000,2449
266670,416530,1.000,2358
266670,416531,1.000,2356
266671,415670,1.000,2449
266672,415662,1.000,2460
266672,415663,1.000,405
266672,415664,1.000,408
266673,416130,1.000,2460
266673,416131,1.000,405
266673,416132,1.000,408
266674,415517,1.000,2428
266674,415518,1.000,2430
266674,415519,1.000,490
266674,415520,1.000,486
266674,415521,1.000,491
266675,416677,1.000,2359
266675,416678,1.000,2359
266676,416791,1.000,2359
266677,416694,1.000,2359
266678,416839,1.000,2356
266678,416840,1.000,2356
266679,415673,1.000,2449
266680,416156,1.000,308
266681,415735,1.000,308
266682,414831,1.000,2449
266683,416356,1.000,2387
266684,416802,1.000,2359
266684,416803,1.000,2359
266685,417009,1.000,2352
266687,417108,1.000,3009
266687,417109,1.000,2352
266688,416550,1.000,2359
266689,416770,1.000,2359
266689,416771,1.000,2359
266690,415779,1.000,2449
266691,416502,1.000,2471
266692,416071,1.000,2383
266692,416072,1.000,408
266693,416162,1.000,2449
266694,415710,1.000,2428
266695,415674,1.000,2428
266696,416407,1.000,2385
266697,416076,1.000,2460
266697,416077,1.000,405
266697,416078,1.000,408
266698,416894,1.000,2352
266699,416975,1.000,2352
266700,416817,1.000,2352
266700,416818,1.000,2352
266701,416336,1.000,2424
266702,416812,1.000,2352
266702,416813,1.000,2352
266703,416807,1.000,2352
266704,415198,1.000,3576
266705,416778,1.000,2352
266705,416779,1.000,2352
266706,416518,1.000,2424
266707,416788,1.000,2512
266708,416744,1.000,2352
266708,416745,1.000,2359
266709,416825,1.000,2352
266710,416852,1.000,2359
266711,416846,1.000,2352
266711,416847,1.000,2352
266712,416633,1.000,2386
266713,416695,1.000,2352
266713,416696,1.000,2352
266714,416858,1.000,2359
266714,416859,1.000,2352
266715,416801,1.000,2359
266716,416136,1.000,2460
266716,416137,1.000,405
266716,416138,1.000,408
266717,416782,1.000,2352
266717,416783,1.000,2352
266718,416878,1.000,2359
266719,416159,1.000,2425
266720,416772,1.000,2352
266720,416773,1.000,2352
266721,416854,1.000,2352
266721,416855,1.000,2352
266722,416786,1.000,2352
266722,416787,1.000,2352
266723,416538,1.000,2424
266724,416835,1.000,2352
266724,416836,1.000,2352
266725,416809,1.000,2359
266725,416810,1.000,2359
266726,416811,1.000,2359
266727,416365,1.000,2449
266728,416645,1.000,2368
266729,416774,1.000,2360
266729,416775,1.000,2360
266730,416150,1.000,399
266731,416118,1.000,2424
266731,416119,1.000,2446
266732,416776,1.000,2359
266732,416777,1.000,134
266733,416250,1.000,2359
266734,416526,1.000,2424
266735,416821,1.000,2397
266736,416495,1.000,2424
266737,415712,1.000,2446
266738,415756,1.000,2449
266739,416547,1.000,2424
266740,415926,1.000,2428
266741,415206,1.000,2426
266742,415927,1.000,2359
266743,417034,1.000,2359
266744,416804,1.000,2377
266745,415346,1.000,2449
266746,416367,1.000,2449
266747,416522,1.000,2385
266748,416669,1.000,2359
266749,416664,1.000,2359
266750,416676,1.000,2385
266751,415776,1.000,308
266752,415965,1.000,2378
266753,416780,1.000,2352
266754,417146,1.000,2512
266755,417010,1.000,2359
266755,417011,1.000,2359
266756,415632,1.000,2458
266756,415633,1.000,405
266757,415576,1.000,2446
266758,415368,1.000,2457
266758,415369,1.000,405
266759,416714,1.000,2424
266760,415378,1.000,2457
266760,415379,1.000,405
266761,415757,1.000,2446
266762,415291,1.000,2446
266763,415777,1.000,2446
266764,415828,1.000,2446
266765,415358,1.000,2457
266765,415359,1.000,405
266766,416110,1.000,308
266767,415535,1.000,2450
266768,415821,1.000,2457
266768,415822,1.000,787
266769,415567,1.000,2446
266770,416185,1.000,2359
266770,416186,1.000,2359
266771,415609,1.000,2457
266771,415610,1.000,405
266772,415570,1.000,2446
266773,415398,1.000,2449
266774,415401,1.000,2457
266774,415402,1.000,405
266775,416341,1.000,2359
266776,416085,1.000,399
266777,413715,1.000,2441
266777,413716,3.000,134
266778,416503,1.000,2359
266778,416504,1.000,2359
266779,415110,1.000,2458
266779,415111,1.000,405
266780,415546,1.000,2446
266781,416862,1.000,2359
266781,416863,1.000,2359
266782,416991,1.000,2424
266783,416194,1.000,2359
266783,416195,1.000,2359
266784,416555,1.000,2359
266785,416196,1.000,2363
266786,416576,1.000,2424
266787,416455,1.000,2359
266788,415572,1.000,2488
266789,415629,1.000,2387
266789,415630,1.000,2387
266790,416108,1.000,2424
266791,415212,1.000,2460
266791,415213,1.000,405
266791,415214,1.000,408
266792,416397,1.000,2359
266792,416398,1.000,2359
266793,416316,1.000,399
266794,416252,1.000,2356
266794,416253,1.000,2356
266795,416394,1.000,2390
266796,415496,1.000,2457
266796,415497,1.000,405
266797,416361,1.000,2387
266798,416587,1.000,2359
266799,416565,1.000,2424
266800,416191,1.000,2356
266801,416540,1.000,2424
266802,415826,1.000,399
266803,417124,1.000,2457
266803,417125,1.000,405
266804,415187,1.000,2458
266804,415188,1.000,405
266805,416058,1.000,2390
266806,416491,1.000,2359
266807,416086,1.000,2457
266807,416087,1.000,405
266808,416378,1.000,517
266809,415989,1.000,2395
266810,416927,1.000,2446
266811,415498,1.000,2446
266812,416462,1.000,2424
266813,415491,1.000,2457
266813,415492,1.000,787
266814,415930,1.000,2416
266815,415228,1.000,2416
266816,416473,1.000,2424
266817,414544,1.000,2509
266819,415825,1.000,2447
266820,415969,1.000,399
266821,415488,1.000,2457
266821,415489,1.000,405
266822,415419,1.000,2449
266823,415522,1.000,2457
266823,415523,1.000,405
266824,416615,1.000,2389
266825,415373,1.000,2449
266826,416092,1.000,2488
266826,416093,1.000,2467
266827,415916,1.000,2428
266827,415917,1.000,2432
266828,416940,1.000,2359
266829,415966,1.000,2428
266829,415967,1.000,2430
266830,416888,1.000,2359
266830,416889,1.000,2359
266831,415831,1.000,2428
266832,415457,1.000,2458
266832,415458,1.000,405
266833,415950,1.000,2416
266834,416755,1.000,2359
266834,416756,1.000,2359
266835,416124,1.000,2359
266835,416125,1.000,2359
266836,416457,1.000,2359
266836,416458,1.000,2359
266837,416582,1.000,2359
266837,416583,1.000,2359
266838,416520,1.000,2359
266839,415780,1.000,2428
266840,417101,1.000,3608
266841,417181,1.000,2352
266841,417182,1.000,2352
266842,417094,1.000,2352
266842,417095,1.000,2352
266843,416860,1.000,2352
266843,416861,1.000,2352
266844,417081,1.000,2352
266845,416987,1.000,3009
266846,415921,1.000,2428
266847,415983,1.000,2398
266848,416741,1.000,2424
266849,416967,1.000,2359
266849,416968,1.000,2359
266850,416340,1.000,2389
266851,416059,1.000,399
266852,416864,1.000,2359
266852,416865,1.000,2359
266853,415255,1.000,2428
266853,415256,1.000,2431
266854,416685,1.000,2387
266854,416686,1.000,2361
266855,416214,1.000,2359
266855,416215,1.000,2359
266856,415433,1.000,2446
266857,416701,1.000,2363
266858,415954,1.000,399
266859,416178,1.000,2356
266859,416179,1.000,2356
266860,416936,1.000,2359
266861,415426,1.000,2457
266861,415427,1.000,787
266862,416559,1.000,2356
266863,415763,1.000,2428
266864,416881,1.000,2424
266865,416038,1.000,2460
266865,416039,1.000,405
266865,416040,1.000,408
266866,416566,1.000,2359
266867,416046,1.000,2458
266867,416047,1.000,405
266868,416402,1.000,2359
266868,416403,1.000,2359
266869,416228,1.000,2356
266869,416229,1.000,2356
266870,416567,1.000,2387
266871,416684,1.000,2359
266872,416964,1.000,2359
266872,416965,1.000,2359
266873,415103,1.000,3700
266873,415104,1.000,748
266874,415455,1.000,2458
266874,415456,1.000,405
266875,415544,1.000,2428
266876,413231,1.000,2450
266877,416002,1.000,2459
266877,416003,1.000,405
266877,416004,1.000,408
266878,415183,1.000,2428
266878,415184,1.000,2430
266879,416410,1.000,2457
266879,416411,1.000,405
266880,416501,1.000,2397
266881,415778,1.000,2428
266882,415568,1.000,2428
266882,415569,1.000,2430
266883,415972,1.000,2428
266883,415973,1.000,2430
266884,415595,1.000,2428
266885,416121,1.000,2416
266886,415357,1.000,2447
266887,415465,1.000,2457
266887,415466,1.000,787
266888,416688,1.000,2359
266888,416689,1.000,2359
266889,415611,1.000,2469
266890,416616,1.000,2363
266891,416581,1.000,2424
266892,415818,1.000,2390
266893,416682,1.000,2363
266894,416122,1.000,2359
266894,416123,1.000,2359
266895,416758,1.000,2359
266895,416759,1.000,2359
266896,416353,1.000,2359
266897,415293,1.000,2446
266898,416709,1.000,2359
266899,416877,1.000,2387
266900,416476,1.000,2394
266901,417332,1.000,2512
266902,416202,1.000,2428
266903,416010,1.000,2442
266903,416011,1.000,3120
266904,415984,1.000,2457
266904,415985,1.000,405
266905,416912,1.000,399
266905,416913,1.000,2862
266906,415833,1.000,308
266907,416922,1.000,399
266908,416094,1.000,2424
266909,416465,1.000,399
266910,416230,1.000,399
266911,416621,1.000,399
266912,416578,1.000,2387
266913,415891,1.000,2449
266914,416710,1.000,2359
266914,416711,1.000,2359
266915,416618,1.000,399
266915,416619,1.000,2862
266916,416324,1.000,2356
266916,416325,1.000,2356
266917,415549,1.000,2450
266918,416029,1.000,2457
266918,416030,1.000,405
266919,417128,1.000,2359
266920,415803,1.000,2428
266921,415996,1.000,308
266922,416806,1.000,2377
266923,416736,1.000,2397
266924,415977,1.000,2428
266925,416708,1.000,2359
266926,415980,1.000,308
266927,416980,1.000,2397
266928,416608,1.000,2387
266929,415832,1.000,2481
266930,415767,1.000,2471
266930,415768,1.000,308
266931,416902,1.000,2387
266932,416963,1.000,2387
266933,416869,1.000,2389
266934,416793,1.000,2389
266935,416943,1.000,2424
266936,416721,1.000,2356
266937,416893,1.000,2389
266938,416487,1.000,399
266938,416488,1.000,2862
266939,416998,1.000,2359
266939,416999,1.000,2359
266940,416997,1.000,2359
266941,415986,1.000,3563
266941,415987,1.000,3563
266942,416347,1.000,2428
266942,416348,1.000,490
266942,416349,1.000,486
266942,416350,1.000,491
266943,417186,1.000,2359
266944,415395,1.000,2449
266945,416845,1.000,2359
266946,414613,1.000,2441
266946,414614,1.000,134
266947,415843,1.000,2395
266948,416527,1.000,2359
266948,416528,1.000,2359
266948,416529,1.000,134
266949,416660,1.000,2881
266950,415678,1.000,2392
266951,417121,1.000,2356
266951,417122,1.000,2356
266952,416262,1.000,2356
266953,414210,1.000,2374
266954,417351,1.000,2352
266954,417352,1.000,2352
266955,417353,1.000,2352
266955,417354,1.000,2352
266956,417356,1.000,2352
266956,417357,1.000,2352
266957,417115,12.000,660
266958,417464,1.000,3408
266959,417465,10.000,660
266960,417466,1.000,3408
266961,417254,1.000,2385
266962,417192,1.000,2363
266963,416985,1.000,2359
266963,416986,1.000,2359
266964,416646,1.000,2416
266965,415098,1.000,2460
266965,415099,1.000,405
266965,415100,1.000,408
266966,417126,1.000,2359
266966,417127,1.000,2359
266967,416670,1.000,2446
266968,416017,1.000,408
266969,417167,1.000,2361
266970,417215,1.000,2359
266971,416923,1.000,2359
266971,416924,1.000,2359
266972,417110,1.000,2356
266972,417111,1.000,2356
266973,417035,1.000,2356
266973,417036,1.000,2356
266974,417261,1.000,2359
266974,417262,1.000,2359
266975,415993,1.000,2488
266976,416383,1.000,2457
266976,416384,1.000,405
266977,416666,1.000,2359
266977,416667,1.000,2359
266978,416886,1.000,2359
266978,416887,1.000,2359
266979,415372,1.000,2446
266980,416713,1.000,2424
266981,416937,1.000,2359
266981,416938,1.000,2359
266982,416716,1.000,2488
266982,416717,1.000,2467
266983,416823,1.000,2363
266984,416359,1.000,2395
266985,416961,1.000,2359
266985,416962,1.000,134
266986,416129,1.000,2488
266987,416466,1.000,2428
266987,416467,1.000,2430
266988,415981,1.000,2442
266988,415982,1.000,3120
266989,417164,1.000,2359
266989,417165,1.000,134
266989,417166,1.000,2359
266990,416368,1.000,2450
266991,417098,1.000,2359
266992,416362,1.000,2446
266993,417342,1.000,2385
266993,417343,1.000,2359
266994,416199,1.000,2439
266995,416606,1.000,2387
266996,416363,1.000,2446
266997,415897,1.000,2458
266997,415898,1.000,405
266997,415899,1.000,672
266998,417060,1.000,2424
266999,416884,1.000,2359
266999,416885,1.000,2359
267000,416866,1.000,2356
267000,416867,1.000,2356
267001,417119,1.000,2359
267001,417120,1.000,2359
267002,416935,1.000,2363
267003,416932,1.000,2385
267003,416933,1.000,2359
267004,417092,1.000,2359
267005,416920,1.000,2359
267005,416921,1.000,2359
267006,416337,1.000,2449
267007,415976,1.000,2428
267008,416508,1.000,2356
267009,416974,1.000,2359
267010,417648,1.000,2569
267011,417649,1.000,2569
267012,417651,1.000,2569
267014,416239,1.000,2449
267015,416703,1.000,2446
267016,416387,1.000,2446
267017,417265,1.000,2449
267018,416647,1.000,2446
267019,417102,1.000,2359
267019,417103,1.000,2359
267020,417097,1.000,2359
267021,417153,1.000,2471
267022,417663,3.000,2569
267023,417289,1.000,3194
267024,416298,1.000,2416
267025,416857,1.000,399
267026,416234,1.000,2449
267027,416338,1.000,2428
267027,416339,1.000,2430
267028,416329,1.000,2458
267028,416330,1.000,405
267029,416105,1.000,2428
267030,416948,1.000,399
267031,416981,1.000,2416
267032,416447,1.000,2457
267032,416448,1.000,405
267033,416249,1.000,2446
267034,416873,1.000,399
267034,416874,1.000,2863
267035,416712,1.000,2359
267036,417560,1.000,2457
267036,417561,1.000,405
267036,417562,1.000,2457
267036,417563,1.000,787
267037,417250,1.000,2359
267038,417180,1.000,2387
267039,417275,1.000,308
267040,416895,1.000,399
267040,416896,1.000,2862
267041,415617,1.000,2441
267041,415618,1.000,134
267042,417228,1.000,3946
267043,416589,1.000,2471
267044,417106,1.000,2424
267045,416601,1.000,2471
267046,417281,1.000,2424
267047,417210,1.000,2390
267047,417211,1.000,915
267048,416453,1.000,2359
267048,416454,1.000,2359
267049,417291,1.000,2385
267050,416598,1.000,2368
267050,416599,1.000,748
267051,417239,1.000,2426
267051,417240,1.000,3284
267052,416478,1.000,2457
267052,416479,1.000,405
267053,417038,1.000,2359
267053,417039,1.000,2359
267054,417300,1.000,2446
267055,416456,1.000,2395
267056,417086,1.000,2359
267056,417087,1.000,2359
267057,417090,1.000,2359
267057,417091,1.000,2359
267058,416081,1.000,2458
267058,416082,1.000,405
267059,417298,1.000,2467
267060,415592,1.000,2458
267060,415593,1.000,405
267061,416848,1.000,399
267062,417154,1.000,2359
267062,417155,1.000,2359
267063,415900,1.000,308
267064,416241,1.000,2428
267064,416242,1.000,2430
267065,416435,1.000,308
267066,416586,1.000,2449
267067,416730,1.000,2363
267068,416095,1.000,2426
267068,416096,1.000,2433
267068,416097,1.000,2430
267069,416401,1.000,2449
267070,417207,1.000,2360
267070,417208,1.000,915
267070,417209,1.000,2360
267071,416620,1.000,2356
267072,416213,1.000,2449
267073,417311,1.000,2359
267073,417312,1.000,2359
267074,415823,1.000,2426
267075,416264,1.000,2428
267076,416018,1.000,2458
267076,416019,1.000,405
267077,416691,1.000,2446
267078,415590,1.000,2449
267079,416849,1.000,2387
267080,416445,1.000,2446
267081,415552,1.000,2458
267081,415553,1.000,405
267082,417026,1.000,2424
267083,415596,1.000,2458
267084,417647,1.000,2569
267085,416953,1.000,2360
267086,417104,1.000,2359
267086,417105,1.000,2359
267087,416715,1.000,2395
267088,416602,1.000,2449
267089,415620,1.000,2428
267089,415621,2.000,2430
267090,416053,1.000,2488
267091,416391,1.000,405
267092,416870,1.000,2359
267093,417064,1.000,2424
267094,417461,1.000,2457
267094,417462,1.000,405
267095,416461,1.000,2449
267096,416015,1.000,2428
267096,416016,1.000,2430
267097,416969,1.000,2359
267097,416970,1.000,2359
267098,417183,1.000,2397
267099,417664,1.000,2767
267099,417665,1.000,2566
267100,416733,1.000,2449
267101,415658,1.000,2458
267101,415659,1.000,405
267101,415660,1.000,748
267102,416008,1.000,2428
267102,416009,1.000,2430
267103,416408,1.000,2449
267103,416409,1.000,2495
267104,417313,1.000,2359
267104,417314,1.000,2359
267105,417114,1.000,2359
267106,417107,1.000,2359
267107,416972,1.000,2359
267107,416973,1.000,2359
267108,417299,1.000,2446
267109,417338,1.000,2359
267110,416951,1.000,399
267111,416048,1.000,2450
267112,416680,1.000,2441
267113,417018,1.000,2359
267114,417197,1.000,2385
267115,417244,1.000,2359
267116,411970,1.000,2509
267117,417297,1.000,2424
267118,415624,1.000,2428
267118,415625,2.000,2430
267119,416697,1.000,399
267119,416698,1.000,486
267119,416699,1.000,490
267120,417483,1.000,2359
267120,417484,1.000,2359
267121,416107,1.000,2416
267122,416311,1.000,2416
267123,416891,1.000,2385
267123,416892,1.000,2359
267124,416446,1.000,2446
267125,416436,1.000,2446
267126,416754,1.000,2458
267127,416661,1.000,2460
267127,416662,1.000,405
267127,416663,1.000,408
267128,416443,1.000,2457
267128,416444,1.000,405
267129,417463,1.000,2359
267130,417328,1.000,2387
267131,417185,1.000,2390
267132,417168,1.000,2392
267133,417301,1.000,2361
267134,416415,1.000,2458
267134,416416,1.000,405
267135,417514,1.000,2359
267135,417515,1.000,2359
267136,416890,1.000,2356
267137,417017,1.000,669
267138,417321,1.000,2359
267138,417322,1.000,2359
267139,417318,1.000,2359
267139,417319,1.000,2359
267140,415938,1.000,2428
267140,415939,1.000,2430
267140,415940,1.000,2429
267141,417001,1.000,2356
267142,416424,1.000,2383
267142,416425,1.000,408
267143,416371,1.000,2398
267144,416880,1.000,399
267145,416668,1.000,2395
267146,417267,1.000,2395
267146,417268,1.000,2356
267147,416983,1.000,399
267148,417339,1.000,2359
267149,416934,1.000,2385
267150,416379,1.000,2398
267151,416231,1.000,2446
267152,416931,1.000,2424
267153,416281,1.000,2460
267153,416282,1.000,405
267153,416283,1.000,408
267154,417681,1.000,2352
267155,416323,1.000,2416
267156,415810,1.000,2428
267156,415811,1.000,2430
267157,416984,1.000,2668
267158,416045,1.000,2428
267159,417519,1.000,2352
267159,417520,1.000,2352
267160,417498,1.000,2352
267160,417499,1.000,2352
267161,417495,1.000,2352
267162,417288,1.000,2352
267163,417206,1.000,2352
267164,417341,1.000,2352
267165,417286,1.000,2352
267166,417282,1.000,2352
267167,416382,1.000,2378
267168,416623,1.000,2395
267169,417062,1.000,2359
267170,417054,1.000,2359
267171,417134,1.000,2363
267172,417112,1.000,2356
267173,417142,1.000,2356
267174,417271,1.000,2359
267175,417069,1.000,2359
267175,417070,1.000,2359
267176,417014,1.000,2359
267177,417075,1.000,2359
267177,417076,1.000,2359
267177,417077,1.000,134
267178,417042,1.000,2359
267178,417043,1.000,2359
267179,417057,1.000,2359
267179,417058,1.000,2359
267180,417052,1.000,2359
267180,417053,1.000,2359
267181,417019,1.000,2359
267181,417020,1.000,2359
267182,417015,1.000,2359
267182,417016,1.000,2359
267183,416899,1.000,2359
267183,416900,1.000,2359
267184,417006,1.000,2359
267185,417068,1.000,2359
267186,417065,1.000,2359
267186,417066,1.000,2359
267187,417048,1.000,2359
267187,417049,1.000,2359
267188,417044,1.000,2359
267188,417045,1.000,2359
267189,417040,1.000,2359
267189,417041,1.000,2359
267190,417032,1.000,2359
267190,417033,1.000,2359
267191,417030,1.000,2359
267191,417031,1.000,2359
267192,417027,1.000,2359
267192,417028,1.000,2359
267193,417475,1.000,2352
267194,417622,1.000,2352
267195,417417,1.000,2352
267196,417430,1.000,2352
267196,417431,1.000,2352
267197,417471,1.000,2512
267198,417360,1.000,2352
267198,417361,1.000,2352
267199,417608,1.000,2352
267199,417609,1.000,2352
267200,417453,1.000,2352
267200,417454,1.000,2352
267201,417366,1.000,2352
267201,417367,1.000,2352
267202,417637,1.000,2352
267202,417638,1.000,2352
267203,417078,1.000,2467
267204,416959,1.000,2428
267204,416960,1.000,2430
267205,417137,1.000,2449
267206,416505,1.000,2467
267207,416853,1.000,2446
267208,416742,1.000,2446
267209,417029,1.000,2398
267210,416546,1.000,2446
267211,415349,1.000,2449
267212,417123,1.000,2449
267213,415353,1.000,2446
267214,415348,1.000,2449
267215,417055,1.000,2446
267216,417022,1.000,2360
267216,417023,1.000,2360
267217,416690,1.000,2471
267218,416805,1.000,2449
267219,417528,1.000,2359
267219,417529,1.000,2359
267220,415355,1.000,2449
267221,417184,1.000,2387
267222,416534,1.000,2449
267223,416612,1.000,2460
267223,416613,1.000,405
267223,416614,1.000,408
267224,417789,1.000,2352
267225,417325,1.000,2356
267225,417326,1.000,2356
267225,417327,2.000,134
267226,417079,1.000,2390
267226,417080,1.000,2387
267227,417113,1.000,2387
267228,414909,1.000,2449
267229,417204,1.000,399
267230,417074,1.000,2387
267231,416830,1.000,2387
267232,417264,1.000,2512
267233,417512,1.000,2449
267234,416472,1.000,2426
267235,416128,1.000,2449
267236,417807,2.000,1323
267237,417597,1.000,2424
267238,417320,1.000,2363
267239,417253,1.000,2359
267240,416737,1.000,2416
267241,417715,1.000,2424
267242,416982,1.000,2446
267243,416766,1.000,2460
267243,416767,1.000,405
267243,416768,1.000,408
267244,416200,1.000,2457
267244,416201,1.000,405
267245,417447,1.000,2424
267246,417567,1.000,2449
267247,416157,1.000,2428
267248,416746,1.000,2428
267249,417488,1.000,2424
267250,417455,1.000,2385
267251,417335,1.000,2390
267252,416317,1.000,2457
267252,416318,1.000,405
267252,416319,1.000,2457
267252,416320,1.000,787
267253,417595,1.000,2359
267253,417596,1.000,2359
267254,416516,1.000,2449
267255,417226,1.000,3946
267256,416385,1.000,2457
267256,416386,1.000,787
267257,416203,1.000,2426
267258,416650,1.000,2458
267258,416651,1.000,405
267259,416996,1.000,2446
267260,417236,1.000,2359
267261,417659,1.000,2458
267261,417660,1.000,405
267262,415653,1.000,2481
267263,417405,1.000,2359
267263,417406,1.000,2359
267264,417233,1.000,2390
267264,417234,1.000,3802
267265,417242,1.000,2457
267265,417243,1.000,787
267266,417169,1.000,399
267267,416205,1.000,2457
267267,416206,1.000,787
267268,417358,1.000,2359
267268,417359,1.000,2359
267269,417573,1.000,2359
267270,417558,1.000,2424
267271,416622,1.000,2488
267272,416568,1.000,2449
267273,416580,1.000,2449
267274,417256,1.000,2359
267274,417257,1.000,2359
267274,417258,2.000,134
267275,417930,1.000,2569
267276,417803,1.000,2509
267276,417804,1.000,408
267277,417403,1.000,2360
267277,417404,1.000,2360
267278,417158,1.000,2617
267278,417159,1.000,405
267279,416474,1.000,2449
267280,417627,1.000,2359
267280,417628,1.000,2359
267281,416470,1.000,308
267282,417273,1.000,2356
267282,417274,1.000,2356
267283,417284,1.000,2356
267283,417285,1.000,2356
267284,417259,1.000,2359
267284,417260,1.000,2359
267285,417939,1.000,2569
267286,417730,1.000,2352
267287,417740,1.000,2512
267288,417675,1.000,2352
267289,417676,1.000,2352
267290,417270,1.000,2356
267291,417845,1.000,2352
267291,417846,1.000,2352
267292,417293,1.000,2359
267293,417642,1.000,2352
267294,417179,1.000,2398
267295,417144,1.000,2395
267295,417145,1.000,2424
267296,416729,1.000,2428
267297,417851,1.000,2352
267297,417852,1.000,2352
267298,417599,1.000,2356
267298,417600,1.000,2356
267299,417540,1.000,2352
267299,417541,1.000,2352
267300,417848,1.000,2352
267301,417093,1.000,2359
267302,417643,1.000,2352
267302,417644,1.000,2352
267303,417736,1.000,2457
267303,417737,1.000,405
267304,417734,1.000,2352
267304,417735,1.000,2352
267305,417290,1.000,2356
267306,417445,1.000,2371
267307,417276,1.000,2460
267307,417277,1.000,405
267307,417278,1.000,408
267308,416753,1.000,2449
267309,417645,1.000,2509
267310,416277,1.000,2457
267310,416278,1.000,405
267311,417450,1.000,2356
267312,416422,1.000,2488
267312,416423,2.000,684
267313,417362,1.000,2387
267314,417534,1.000,2359
267314,417535,1.000,748
267315,416395,1.000,2458
267315,416396,1.000,405
267316,416739,1.000,2449
267317,417089,1.000,2359
267318,416263,1.000,2457
267319,416883,1.000,2416
267320,417287,1.000,2359
267321,416726,1.000,2428
267322,416764,1.000,2428
267322,416765,1.000,2430
267323,416722,1.000,2383
267324,416511,1.000,2428
267324,416512,1.000,2430
267325,416275,1.000,2457
267325,416276,1.000,405
267326,416284,1.000,2428
267326,416326,1.000,2430
267327,417195,1.000,2889
267327,417196,1.000,308
267328,417082,1.000,2460
267328,417083,1.000,405
267328,417084,1.000,408
267329,416306,1.000,2467
267330,416227,1.000,2446
267331,416543,1.000,2442
267331,416544,1.000,3120
267332,416734,1.000,2428
267332,416735,1.000,2430
267333,417336,1.000,2359
267333,417337,1.000,2359
267334,417302,1.000,2387
267335,417000,1.000,2356
267336,417718,1.000,2996
267337,416235,1.000,2457
267337,416236,1.000,405
267338,416731,1.000,308
267339,417531,1.000,2459
267339,417532,1.000,405
267339,417533,1.000,408
267340,417013,1.000,669
267341,417542,1.000,525
267341,417543,1.000,748
267341,417544,1.000,2359
267342,417952,1.000,2980
267343,416251,1.000,787
267344,417722,1.000,2359
267344,417723,1.000,2359
267345,416732,1.000,2446
267346,416879,1.000,2467
267347,417266,1.000,308
267348,417116,1.000,748
267349,416219,1.000,2460
267349,416220,1.000,405
267349,416221,1.000,408
267350,417317,1.000,2387
267351,417441,1.000,399
267351,417442,1.000,2862
267352,417833,1.000,2359
267353,417545,1.000,2356
267353,417546,1.000,2356
267354,417425,1.000,2862
267355,417958,1.000,2354
267356,417489,1.000,2394
267357,417553,1.000,399
267357,417554,1.000,2863
267357,417555,1.000,2387
267358,417457,1.000,2389
267358,417458,1.000,2569
267359,416665,1.000,2450
267360,416652,1.000,2458
267360,416653,1.000,405
267361,417502,1.000,2387
267362,417632,1.000,2425
267363,417580,1.000,2385
267363,417581,1.000,2359
267364,417323,1.000,2360
267364,417324,1.000,2357
267365,417432,1.000,399
267366,417295,1.000,2359
267367,417448,1.000,2359
267368,417437,1.000,2359
267368,417438,1.000,2359
267369,417451,1.000,2359
267369,417452,1.000,2359
267370,417505,1.000,2403
267371,417625,1.000,2359
267371,417626,1.000,2359
267372,417315,1.000,2387
267373,417623,1.000,2359
267374,417796,1.000,2359
267375,416993,1.000,2387
267375,416994,1.000,748
267376,417248,1.000,2369
267377,417770,1.000,2389
267378,417292,1.000,2356
267379,416675,1.000,2449
267380,416747,1.000,2428
267380,416748,1.000,2430
267380,416749,1.000,490
267380,416750,1.000,486
267380,416751,1.000,491
267381,417141,1.000,2389
267382,417500,1.000,399
267383,417334,1.000,2471
267384,417347,1.000,399
267384,417348,1.000,2862
267385,416254,1.000,2428
267385,416255,1.000,2430
267385,416256,1.000,486
267385,416257,1.000,490
267385,416258,1.000,491
267386,417582,1.000,2368
267387,417978,1.000,522
267388,417516,1.000,2359
267388,417517,1.000,2359
267389,417513,1.000,2359
267390,417507,1.000,2359
267390,417508,1.000,2359
267391,417496,1.000,2359
267391,417497,1.000,2359
267392,417481,1.000,2359
267393,417468,1.000,2368
267394,417617,1.000,2356
267394,417618,1.000,2356
267395,417556,1.000,2359
267395,417557,1.000,2359
267396,417459,1.000,2359
267396,417460,1.000,2359
267397,417346,1.000,2359
267398,417345,1.000,2359
267399,417427,1.000,2359
267399,417428,1.000,2359
267400,417422,1.000,2359
267401,417419,1.000,2352
267402,417415,1.000,2359
267402,417416,1.000,2359
267403,417411,1.000,2359
267403,417412,1.000,2359
267404,417408,1.000,2359
267405,417866,1.000,2352
267405,417867,1.000,2352
267406,417956,1.000,2352
267406,417957,1.000,2352
267407,417953,1.000,2352
267408,417948,1.000,2352
267408,417949,1.000,2352
267409,417850,1.000,2352
267410,417831,1.000,2352
267410,417832,1.000,2352
267411,417818,1.000,2352
267411,417819,1.000,2352
267412,417539,1.000,2446
267413,417714,1.000,2385
267414,417709,1.000,2457
267414,417710,1.000,405
267415,417944,1.000,2512
267416,417413,1.000,2371
267417,417059,1.000,2446
267418,417955,1.000,2424
267419,417692,1.000,2359
267420,417456,1.000,2395
267421,417349,1.000,2360
267421,417350,1.000,2360
267422,417047,1.000,2446
267423,417063,1.000,2449
267424,417061,1.000,2494
267425,417021,1.000,2449
267426,417493,1.000,308
267427,417997,1.000,2356
267427,417998,1.000,2356
267428,417472,1.000,2446
267429,418007,1.000,2359
267430,417728,1.000,2377
267431,417037,1.000,2446
267432,416514,1.000,2428
267432,416515,1.000,2430
267433,417853,1.000,2359
267433,417854,1.000,2359
267434,417684,1.000,2449
267435,417574,1.000,2377
267436,417012,1.000,2445
267437,417552,1.000,3475
267438,417979,1.000,2359
267438,417980,1.000,2359
267439,417668,1.000,2359
267440,417590,1.000,2387
267441,417633,1.000,2424
267442,417568,1.000,2359
267442,417569,1.000,2359
267443,418020,1.000,2352
267444,417598,1.000,2377
267445,418018,1.000,2352
267446,416794,1.000,2428
267446,416795,1.000,2430
267447,418000,1.000,2352
267447,418001,1.000,2352
267448,418013,1.000,2352
267449,417330,1.000,2387
267449,417331,1.000,2387
267450,418102,2.000,2352
267450,418103,2.000,2352
267451,418012,1.000,2352
267452,418014,1.000,1062
267453,417708,1.000,3475
267454,417745,1.000,2359
267455,418174,1.000,522
267456,417652,1.000,2509
267457,418238,1.000,2951
267458,418240,1.000,2951
267459,417572,1.000,2452
267460,417915,1.000,2359
267461,417570,1.000,308
267462,416990,1.000,2416
267463,416643,1.000,2428
267463,416644,1.000,2430
267464,417650,1.000,2424
267465,417605,2.000,308
267466,417310,1.000,308
267467,417792,1.000,2424
267468,417875,1.000,2424
267468,417876,1.000,2569
267469,417733,1.000,2424
267470,418143,1.000,636
267471,417847,1.000,2424
267472,417741,1.000,2392
267473,417263,1.000,2475
267474,417765,1.000,2359
267475,417630,2.000,308
267476,417779,1.000,2359
267476,417780,1.000,2359
267477,416956,1.000,308
267478,417677,1.000,2385
267479,416992,1.000,2416
267480,416327,1.000,2457
267480,416328,1.000,405
267481,416738,1.000,2426
267482,417842,1.000,2424
267483,416740,1.000,2426
267484,416237,1.000,2457
267484,416238,1.000,405
267485,417837,1.000,2424
267486,418024,1.000,2424
267487,416553,1.000,2449
267488,417002,1.000,2428
267489,417479,1.000,2458
267489,417480,1.000,405
267490,417476,1.000,2458
267490,417477,1.000,405
267491,417881,1.000,399
267492,416656,1.000,2378
267493,418067,1.000,2356
267493,418068,1.000,2356
267494,416388,1.000,2457
267494,416389,1.000,405
267495,416265,1.000,2481
267496,417333,1.000,2447
267497,416584,1.000,2446
267498,417612,1.000,2359
267498,417613,1.000,2359
267499,416654,1.000,2458
267499,416655,1.000,405
267500,416585,1.000,2446
267501,416331,1.000,2457
267501,416332,1.000,787
267502,418072,1.000,399
267503,417370,1.000,2446
267504,417841,1.000,2424
267505,416260,1.000,2457
267505,416261,1.000,405
267506,417694,1.000,2359
267507,417564,1.000,2458
267507,417565,1.000,405
267508,417758,1.000,2356
267508,417759,1.000,2356
267509,416271,1.000,2457
267509,416272,1.000,405
267510,417868,1.000,2385
267511,416374,1.000,2457
267511,416375,1.000,405
267512,416683,1.000,2411
267513,416170,1.000,2462
267513,416171,1.000,405
267514,416209,1.000,2457
267514,416210,1.000,405
267515,416537,1.000,2450
267516,416569,1.000,2446
267517,417752,1.000,2359
267518,416692,1.000,2428
267518,416693,1.000,2431
267519,415943,1.000,2428
267519,415944,1.000,2430
267519,415945,1.000,2429
267520,416769,1.000,2467
267521,417821,1.000,2424
267522,416572,1.000,2446
267523,416259,1.000,2522
267524,417511,1.000,2359
267525,416577,1.000,308
267526,416357,1.000,2457
267526,416358,1.000,787
267527,417784,1.000,2359
267528,417686,1.000,2359
267528,417687,1.000,2359
267529,417761,1.000,2359
267529,417762,1.000,2359
267530,416752,1.000,2428
267531,416882,1.000,2428
267532,417760,1.000,2359
267533,417756,1.000,2359
267533,417757,1.000,2359
267534,417727,1.000,2359
267535,417678,1.000,2387
267536,417696,1.000,2359
267536,417697,1.000,2359
267537,417787,1.000,2359
267537,417788,1.000,2359
267538,417922,1.000,2389
267539,417657,1.000,2439
267540,417671,1.000,2359
267540,417672,1.000,2359
267541,416724,1.000,2428
267541,416725,2.000,2430
267542,417615,1.000,2359
267542,417616,1.000,2359
267543,417641,1.000,2359
267544,416925,1.000,2428
267544,416926,1.000,2430
267545,416574,1.000,3407
267545,416575,1.000,408
267546,417653,1.000,2359
267546,417654,1.000,2359
267547,417777,1.000,2356
267547,417778,1.000,2356
267548,417874,1.000,2368
267549,417888,1.000,2385
267550,417801,1.000,2359
267551,417753,1.000,2359
267552,417491,1.000,2356
267552,417492,1.000,2356
267553,417909,1.000,2359
267554,417858,1.000,525
267555,418090,1.000,2397
267556,417725,1.000,2359
267557,417995,1.000,2352
267558,418123,1.000,2352
267558,418124,1.000,2352
267559,418105,1.000,2352
267560,417966,1.000,2352
267560,417967,1.000,2352
267561,417982,1.000,2352
267561,417983,1.000,2352
267562,417950,1.000,2368
267563,417940,1.000,2359
267563,417941,1.000,2359
267564,417937,1.000,2359
267564,417938,1.000,2359
267565,417935,1.000,2359
267565,417936,1.000,2359
267566,417932,1.000,2359
267567,417927,1.000,2359
267567,417928,1.000,2359
267568,417924,1.000,2359
267568,417925,1.000,2359
267569,417917,1.000,2359
267570,417907,1.000,2359
267570,417908,1.000,2359
267571,417906,1.000,627
267572,417902,1.000,2359
267572,417903,1.000,2359
267573,417892,1.000,2359
267573,417893,1.000,2359
267574,417891,1.000,2359
267575,417877,1.000,2359
267575,417878,1.000,2359
267576,417863,1.000,2359
267577,417835,1.000,2359
267578,417794,1.000,2359
267578,417795,1.000,2359
267579,417793,1.000,2356
267580,417781,1.000,2359
267581,417774,1.000,2356
267581,417775,1.000,2356
267582,417773,1.000,2359
267583,417771,1.000,2359
267583,417772,1.000,2359
267584,417766,1.000,2356
267584,417767,1.000,2356
267585,417764,1.000,2363
267586,417743,1.000,2359
267586,417744,1.000,2359
267587,417688,1.000,2356
267587,417689,1.000,2356
267588,418305,1.000,2352
267589,418212,1.000,2352
267589,418213,1.000,2352
267590,418184,1.000,2352
267590,418185,1.000,2359
267591,418149,1.000,2352
267591,418150,1.000,2352
267592,418139,1.000,2352
267593,418130,1.000,2352
267594,418109,1.000,2359
267595,418224,1.000,2359
267596,417910,1.000,2387
267597,417899,1.000,2387
267598,417494,1.000,2449
267599,417639,1.000,2446
267600,418363,1.000,2352
267600,418364,1.000,2352
267601,418383,1.000,2352
267601,418384,1.000,2352
267602,418160,1.000,2512
267603,418375,1.000,2352
267603,418376,1.000,2352
267604,418371,1.000,2352
267604,418372,1.000,2352
267605,418361,1.000,2352
267606,417873,1.000,2425
267607,417951,1.000,2375
267608,418118,1.000,2359
267608,418119,1.000,2359
267609,418002,1.000,2359
267609,418003,1.000,2359
267610,416815,1.000,2552
267611,417768,1.000,2352
267611,417797,1.000,2352
267612,416831,1.000,2428
267613,417798,1.000,2360
267613,417799,1.000,2360
267614,417976,1.000,2359
267614,417977,1.000,2359
267615,417871,1.000,525
267616,417822,1.000,2395
267617,418365,1.000,2352
267617,418366,1.000,2356
267618,418122,1.000,2387
267619,417913,1.000,2424
267620,417173,1.000,2450
267621,418593,1.000,2352
267621,418594,1.000,2352
267622,417849,1.000,2889
267623,418029,1.000,2363
267624,418125,1.000,2359
267624,418126,1.000,2359
267625,417916,1.000,2377
267626,418187,1.000,2359
267626,418188,1.000,2359
267627,417960,1.000,2359
267628,418146,1.000,2378
267629,418107,1.000,399
267630,417943,1.000,2390
267631,417190,1.000,2428
267631,417191,1.000,2430
267632,417117,1.000,2428
267632,417118,1.000,2430
267633,417963,1.000,2359
267634,418041,1.000,2359
267635,418228,1.000,2359
267635,418229,1.000,2359
267636,417231,1.000,2458
267636,417232,1.000,405
267637,415745,1.000,2449
267638,418656,18.000,660
267639,418637,1.000,2352
267639,418638,1.000,2352
267640,418742,1.000,1392
267641,417861,1.000,2424
267642,416824,1.000,2449
267643,416872,1.000,2447
267644,417578,1.000,2449
267645,418525,1.000,2439
267646,417202,1.000,2449
267647,416976,1.000,2449
267648,416966,1.000,2449
267649,418091,1.000,2449
267650,418342,1.000,2449
267651,417865,1.000,2424
267652,417699,1.000,2457
267652,417700,1.000,405
267652,417701,1.000,2457
267652,417702,1.000,787
267653,417640,1.000,2449
267654,418293,1.000,2385
267654,418294,1.000,2359
267655,417255,1.000,2449
267656,416958,1.000,2446
267657,417365,1.000,2416
267658,418347,1.000,2446
267659,418063,1.000,2449
267660,416917,1.000,2449
267661,417237,1.000,2449
267662,417420,1.000,2449
267663,418141,1.000,2446
267664,417469,1.000,2471
267665,418344,1.000,2424
267666,416995,1.000,2428
267667,416952,2.000,2495
267668,416977,1.000,2428
267669,418750,1.000,308
267670,417227,1.000,2428
267671,417690,1.000,2441
267671,417691,3.000,134
267672,418062,1.000,2446
267673,418075,1.000,2359
267674,417830,1.000,2424
267675,416595,1.000,2460
267675,416596,1.000,405
267675,416597,1.000,748
267676,417754,1.000,2378
267676,417755,2.000,2566
267677,416868,1.000,2449
267678,418098,1.000,2861
267679,416954,1.000,2446
267680,418070,1.000,2359
267680,418071,1.000,2359
267681,416637,1.000,2457
267681,416638,1.000,405
267682,418604,1.000,2359
267682,418605,1.000,2359
267683,417138,1.000,2449
267684,418301,1.000,2359
267685,417679,1.000,308
267686,418076,1.000,2359
267686,418077,1.000,2359
267687,417656,1.000,2385
267688,418189,1.000,2359
267689,417815,1.000,2439
267690,418370,1.000,2359
267691,417988,1.000,2363
267692,417984,1.000,2359
267693,418397,1.000,2359
267693,418398,1.000,2352
267694,416928,1.000,2446
267695,417986,1.000,2359
267695,417987,1.000,2359
267696,418290,1.000,2359
267696,418291,1.000,2359
267697,416955,1.000,2449
267698,417972,1.000,2359
267698,417973,1.000,2359
267699,417705,1.000,308
267700,417680,1.000,308
267701,417636,1.000,627
267702,418108,1.000,2996
267703,418424,1.000,399
267704,416901,1.000,2428
267705,418351,1.000,2359
267706,417746,1.000,2424
267707,418051,1.000,2359
267707,418052,1.000,2359
267708,418089,1.000,2356
267709,417252,1.000,2449
267710,417174,1.000,2449
267711,418169,1.000,2401
267712,418336,1.000,2359
267713,417135,1.000,2428
267713,417136,1.000,2430
267714,418039,1.000,2359
267715,418280,1.000,2359
267716,418367,1.000,2359
267716,418368,1.000,2359
267717,418045,1.000,2387
267718,417970,1.000,2359
267719,418073,1.000,2359
267719,418074,1.000,2359
267720,418346,1.000,2359
267721,417965,1.000,2387
267722,418096,1.000,2360
267722,418097,1.000,2360
267723,417731,1.000,2359
267723,417732,1.000,2359
267724,417716,1.000,2359
267724,417717,1.000,2359
267725,418120,1.000,2359
267725,418121,1.000,2359
267726,418629,1.000,2352
267727,418426,1.000,2352
267727,418427,1.000,2352
267728,418632,1.000,2352
267729,418634,1.000,2352
267729,418635,1.000,2352
267730,418501,1.000,2352
267731,418282,1.000,2352
267731,418283,1.000,2352
267732,418274,1.000,2352
267732,418275,1.000,2352
267733,418431,1.000,2352
267734,418766,1.000,2569
267735,417969,1.000,2352
267736,418263,1.000,2352
267736,418264,1.000,2352
267737,418422,1.000,2352
267737,418423,1.000,2352
267738,418538,1.000,2352
267739,418455,1.000,2352
267739,418456,1.000,2352
267740,418624,1.000,2352
267741,418441,1.000,2395
267742,418769,1.000,2569
267743,417661,1.000,2428
267743,417662,1.000,2430
267744,416657,1.000,2428
267744,416658,2.000,2430
267745,417619,1.000,2449
267746,417738,1.000,2449
267747,418619,1.000,2352
267747,418621,1.000,2352
267748,417785,1.000,2363
267749,416718,1.000,2428
267749,416719,2.000,2430
267750,418046,1.000,2428
267751,418304,1.000,2359
267752,418334,1.000,2359
267753,418402,1.000,2359
267753,418403,1.000,2359
267754,418114,3.000,2495
267754,418774,3.000,684
267754,418775,1.000,2378
267755,417682,1.000,2458
267755,417683,1.000,405
267756,418598,1.000,2356
267757,417809,1.000,2449
267758,418776,1.000,2509
267759,418335,1.000,399
267760,418584,1.000,2359
267760,418585,1.000,2359
267761,418767,1.000,2439
267761,418768,1.000,308
267762,416957,2.000,308
267763,418270,1.000,2363
267763,418271,1.000,2359
267764,418015,1.000,2356
267764,418016,1.000,2356
267765,418078,1.000,2359
267765,418079,1.000,2359
267766,417591,1.000,2594
267767,417160,1.000,2428
267767,417161,1.000,2433
267767,417163,1.000,2430
267768,418343,1.000,2424
267769,417446,1.000,2449
267770,418586,1.000,2359
267770,418587,1.000,2359
267771,416941,1.000,2458
267771,416942,1.000,405
267772,418647,1.000,2359
267772,418648,1.000,2359
267773,418267,1.000,2359
267773,418268,1.000,2359
267774,418199,1.000,399
267774,418200,1.000,490
267774,418201,1.000,486
267775,418004,1.000,399
267776,417217,1.000,2471
267776,417218,1.000,2467
267777,418195,1.000,399
267778,418093,1.000,2449
267779,416988,1.000,2428
267779,416989,1.000,2430
267780,418369,1.000,2387
267781,418507,1.000,2359
267781,418508,1.000,2359
267782,418408,1.000,2359
267783,417593,1.000,2449
267784,418193,1.000,2368
267785,418207,1.000,2359
267786,418192,1.000,2359
267787,418182,1.000,2359
267787,418183,1.000,2359
267788,418181,1.000,2359
267789,418175,1.000,2356
267789,418176,1.000,2356
267790,418158,1.000,2359
267790,418159,1.000,2359
267791,418156,1.000,2359
267791,418157,1.000,2359
267792,418221,1.000,2356
267792,418222,1.000,2356
267793,418218,1.000,2356
267793,418219,1.000,2356
267794,418216,1.000,2356
267794,418217,1.000,2356
267795,418172,1.000,2359
267795,418173,1.000,2359
267796,418164,1.000,2359
267797,418131,1.000,2356
267797,418132,1.000,2356
267798,418302,1.000,2356
267798,418303,1.000,2356
267799,418177,1.000,2359
267799,418178,1.000,2359
267800,418170,1.000,2359
267800,418171,1.000,2359
267801,418167,1.000,2359
267801,418168,1.000,2359
267802,418163,1.000,2359
267803,418299,1.000,2356
267803,418300,1.000,2356
267804,418166,1.000,2359
267805,417610,1.000,2449
267806,417583,1.000,2449
267807,418317,1.000,2424
267808,418295,1.000,2449
267809,418161,1.000,2359
267810,417175,1.000,2767
267811,417800,1.000,2450
267812,418323,1.000,2424
267813,417887,1.000,2450
267814,418209,1.000,2457
267814,418210,1.000,405
267814,418211,1.000,2387
267815,417046,1.000,2446
267816,418116,1.000,2449
267817,418409,1.000,2424
267817,418410,1.000,2387
267818,417150,1.000,2428
267818,417151,1.000,2430
267818,417152,1.000,2431
267819,417839,1.000,308
267820,417067,1.000,2446
267821,418284,1.000,2449
267822,418413,1.000,399
267823,417178,1.000,2767
267824,417971,2.000,308
267825,417790,1.000,2449
267826,417214,1.000,2449
267827,417530,1.000,2450
267828,417071,1.000,2446
267829,417072,1.000,2446
267830,418287,1.000,2446
267831,417490,1.000,2449
267832,418540,2.000,748
267833,418444,1.000,2385
267834,418292,1.000,2377
267835,418289,1.000,2449
267836,417487,1.000,2416
267837,418133,1.000,2449
267838,417307,1.000,2495
267839,417912,1.000,2449
267840,418162,1.000,2363
267841,418318,1.000,2356
267842,418678,1.000,2359
267842,418679,1.000,2359
267843,418353,1.000,2359
267843,418354,1.000,2359
267844,417050,1.000,2428
267844,417051,1.000,2430
267845,416826,1.000,2481
267846,417629,1.000,2449
267847,418190,1.000,2390
267848,418824,1.000,2512
267849,418735,1.000,2352
267850,418673,1.000,2352
267851,418681,1.000,2510
267851,418682,1.000,2510
267852,418702,1.000,2352
267852,418703,1.000,2352
267853,418314,1.000,2389
267854,418306,1.000,2359
267854,418307,1.000,2359
267855,417223,1.000,2449
267855,417224,1.000,2494
267856,418537,1.000,2424
267857,417130,1.000,2617
267857,417131,1.000,405
267858,418233,1.000,2449
267859,417964,1.000,2449
267860,418428,1.000,2398
267861,418607,1.000,399
267861,418608,1.000,2862
267862,418381,1.000,2359
267862,418382,1.000,2359
267863,418352,1.000,2446
267864,418994,1.000,408
267865,417840,1.000,2363
267866,418401,1.000,2424
267867,418993,1.000,408
267868,417421,1.000,2446
267869,417251,1.000,2446
267870,418250,1.000,2359
267871,417923,1.000,2446
267872,417139,1.000,2457
267872,417140,1.000,787
267873,418662,1.000,2359
267873,418663,1.000,2359
267874,418996,5.000,1323
267874,418997,5.000,3874
267875,418113,1.000,2450
267876,418617,1.000,2359
267877,417974,1.000,2359
267878,418404,1.000,2424
267879,418442,1.000,2359
267879,418443,1.000,2359
267880,417423,1.000,2449
267881,417340,1.000,2446
267882,418437,1.000,2359
267882,418438,1.000,2359
267883,417882,1.000,2446
267884,417900,1.000,2462
267884,417901,1.000,405
267885,417085,1.000,308
267886,418551,1.000,2424
267887,417693,1.000,308
267888,418743,1.000,2387
267889,417309,1.000,2446
267890,417443,1.000,2446
267891,417235,1.000,2446
267892,418518,1.000,2359
267892,418519,1.000,2359
267893,417575,1.000,308
267894,418112,1.000,2359
267895,418087,1.000,2605
267895,418088,1.000,2605
267896,418390,1.000,2356
267897,419003,15.000,660
267898,418528,1.000,2359
267898,418529,1.000,2359
267899,417444,1.000,2449
267900,418509,1.000,2359
267901,418520,1.000,2356
267902,417646,1.000,308
267903,416909,1.000,2459
267903,416910,1.000,405
267903,416911,1.000,408
267904,418622,1.000,2457
267904,418623,1.000,405
267905,418661,1.000,2359
267906,417409,1.000,308
267907,418514,1.000,2359
267907,418515,1.000,2359
267908,418254,1.000,2359
267908,418255,1.000,2359
267909,418582,1.000,2359
267910,417501,1.000,2416
267911,418523,1.000,2359
267911,418524,1.000,2359
267912,418535,1.000,2359
267912,418536,1.000,2359
267913,418559,1.000,2387
267914,417826,1.000,2439
267915,416906,1.000,308
267916,418554,1.000,2387
267917,417621,1.000,2552
267918,418880,1.000,2424
267919,418104,1.000,2416
267920,418641,1.000,308
267921,417808,1.000,308
267922,418602,1.000,2363
267923,416949,1.000,308
267924,417576,1.000,308
267925,417272,1.000,308
267926,418319,1.000,2428
267926,418320,1.000,2430
267926,418321,1.000,748
267927,417473,1.000,2457
267927,417474,1.000,405
267928,417634,1.000,2428
267928,417635,1.000,2430
267929,417241,1.000,2446
267930,417904,1.000,2457
267930,417905,1.000,405
267931,418395,1.000,2356
267931,418396,1.000,2356
267932,417247,1.000,2356
267933,418567,1.000,2359
267933,418568,1.000,2359
267934,418286,1.000,669
267935,417187,1.000,2457
267935,417188,1.000,405
267936,418297,1.000,2387
267936,418298,1.000,2387
267937,417631,1.000,2446
267938,418117,1.000,308
267939,418627,1.000,2359
267939,418628,1.000,2359
267940,416971,1.000,2378
267941,418741,1.000,2360
267942,417212,1.000,2382
267943,418642,1.000,2385
267943,418643,1.000,2359
267944,418615,1.000,2389
267945,417606,1.000,2428
267945,417607,1.000,2430
267946,418612,1.000,2457
267946,418613,1.000,405
267947,417872,1.000,2488
267948,417485,1.000,2428
267948,417486,1.000,2430
267949,418504,1.000,2390
267950,418610,1.000,2458
267950,418611,1.000,405
267951,417814,1.000,308
267952,418782,1.000,2359
267953,417810,1.000,308
267954,418921,1.000,2378
267955,418502,1.000,2359
267955,418503,1.000,2359
267956,419004,1.000,2424
267957,418449,1.000,2460
267957,418450,1.000,405
267958,418296,1.000,2359
267959,417666,1.000,2458
267959,417667,1.000,405
267960,418435,1.000,531
267961,417433,1.000,2428
267961,417434,1.000,486
267961,417435,1.000,490
267961,417436,1.000,491
267962,418136,1.000,399
267963,418711,1.000,2359
267963,418712,1.000,2359
267964,418407,1.000,2390
267965,417763,1.000,308
267966,417698,1.000,2428
267967,418871,1.000,2449
267968,418596,1.000,399
267969,417007,1.000,2428
267969,417008,1.000,2430
267970,418433,1.000,2356
267970,418434,1.000,2356
267971,418111,1.000,2449
267972,418092,1.000,2449
267973,419005,1.000,2424
267974,418315,1.000,399
267975,418418,1.000,2359
267975,418419,1.000,2359
267976,418453,1.000,399
267976,418454,1.000,2862
267977,418903,1.000,2359
267978,418600,1.000,399
267978,418601,1.000,2862
267979,418932,1.000,2352
267980,418879,1.000,2352
267981,417249,1.000,2471
267982,418708,1.000,2359
267982,418709,1.000,2359
267983,418918,1.000,2352
267983,418919,1.000,2352
267984,418863,1.000,2512
267985,419006,1.000,308
267986,418646,1.000,2354
267987,418904,1.000,2359
267988,417521,1.000,2352
267988,417522,1.000,2352
267989,418630,1.000,2352
267989,418631,1.000,2352
267990,418878,1.000,399
267991,418936,1.000,2352
267992,418957,1.000,2352
267992,418958,1.000,2352
267993,418925,1.000,2352
267994,418466,1.000,2354
267995,418908,1.000,2352
267996,418506,1.000,2352
267997,419007,25.000,660
267998,418906,1.000,2352
267998,418907,1.000,2352
267999,419008,1.000,2352
267999,419009,1.000,2352
268000,418717,1.000,2359
268000,418718,1.000,2359
268001,418706,1.000,2356
268001,418707,1.000,2356
268002,418696,1.000,2359
268003,418675,1.000,2359
268004,418720,1.000,2356
268004,418721,1.000,2356
268005,419342,5.000,3637
268006,418753,1.000,2359
268007,418760,1.000,525
268008,419343,1.000,2352
268008,419344,1.000,2352
268009,418738,1.000,2359
268009,418739,1.000,2359
268010,419345,1.000,2352
268010,419346,1.000,2352
268011,418737,1.000,2356
268012,418736,1.000,2359
268013,418734,1.000,2359
268014,418732,1.000,2359
268014,418733,1.000,2359
268015,418729,1.000,2359
268016,418756,1.000,2356
268017,418982,1.000,2359
268017,418983,1.000,2359
268018,418981,1.000,2359
268019,418977,1.000,2359
268019,418978,1.000,2356
268020,418975,1.000,2359
268021,418974,1.000,2359
268022,418934,1.000,2359
268022,418935,1.000,2359
268023,418787,1.000,2359
268023,418788,1.000,2359
268024,418999,2.000,2512
268025,419092,1.000,2352
268025,419093,1.000,2352
268026,419027,1.000,2352
268026,419028,1.000,2352
268027,419101,1.000,2352
268027,419102,1.000,2352
268028,419086,1.000,2352
268029,419032,1.000,2352
268029,419033,1.000,2356
268030,419037,1.000,2352
268031,418976,1.000,2424
268032,417947,1.000,2449
268033,418984,1.000,2365
268033,418985,1.000,646
268034,418451,1.000,2457
268034,418452,1.000,405
268035,419228,1.000,2424
268036,418862,1.000,2471
268037,419036,1.000,2371
268038,417954,1.000,2446
268039,418784,1.000,2467
268040,418826,1.000,2495
268040,418827,1.000,2495
268041,418555,1.000,2378
268041,418556,1.000,748
268041,418557,1.000,2387
268042,417536,1.000,2387
268043,419018,1.000,2424
268044,418882,1.000,2359
268044,418883,1.000,2359
268045,418995,1.000,2424
268046,417073,1.000,2449
268047,418225,1.000,2397
268048,418971,1.000,2409
268049,419059,1.000,2359
268049,419060,1.000,2359
268050,418930,1.000,308
268051,418248,1.000,2359
268051,418249,1.000,2359
268052,419236,1.000,2352
268052,419237,1.000,2352
268053,419130,1.000,2352
268054,419050,1.000,2352
268055,419065,1.000,2352
268056,419215,1.000,2352
268056,419216,1.000,2352
268057,419025,1.000,2424
268058,418464,1.000,2458
268058,418465,1.000,405
268059,419045,1.000,2359
268060,417056,1.000,2428
268061,418127,1.000,2428
268062,417933,1.000,2428
268063,418785,1.000,2359
268063,418786,1.000,2359
268064,417440,1.000,2449
268065,418138,1.000,2449
268066,417571,1.000,2446
268067,419039,1.000,2359
268067,419040,1.000,2359
268068,417844,1.000,2428
268069,417707,1.000,2450
268070,417482,1.000,2426
268071,418083,1.000,2457
268071,418084,1.000,405
268072,417776,1.000,2446
268073,419029,1.000,2352
268073,419030,1.000,2359
268074,418532,1.000,2428
268075,419051,1.000,2359
268075,419052,1.000,2359
268076,418715,1.000,2385
268077,417024,1.000,2458
268077,417025,1.000,405
268078,418672,1.000,2488
268079,418135,1.000,2416
268080,417883,1.000,2449
268081,418920,1.000,2488
268082,418719,1.000,2449
268083,418979,1.000,2385
268083,418980,1.000,2359
268084,417748,1.000,2457
268084,417749,1.000,405
268084,417750,1.000,2457
268084,417751,1.000,787
268085,418325,1.000,2458
268085,418326,1.000,405
268086,419049,1.000,2359
268087,419088,1.000,2424
268088,417885,1.000,2495
268089,419034,1.000,2356
268089,419035,1.000,2356
268090,418140,1.000,2356
268091,418669,1.000,2359
268091,418670,1.000,2359
268092,419136,1.000,2359
268092,419137,1.000,2359
268093,418747,1.000,2359
268093,418748,1.000,2359
268093,418749,1.000,134
268094,419168,1.000,2368
268095,419057,1.000,2359
268095,419058,1.000,2359
268096,419066,1.000,2457
268096,419067,1.000,405
268097,419077,1.000,2359
268098,418439,1.000,2359
268098,418440,1.000,2359
268099,419371,2.000,2951
268100,419031,1.000,2359
268101,419016,1.000,2359
268101,419017,1.000,2356
268102,419063,1.000,2359
268102,419064,1.000,2359
268103,419159,1.000,2359
268103,419160,1.000,2359
268104,419118,1.000,2359
268104,419119,1.000,2359
268105,418230,1.000,2385
268106,418234,1.000,399
268106,418235,1.000,2862
268106,418236,1.000,2387
268107,418241,1.000,399
268107,418242,1.000,2863
268107,418243,1.000,2387
268108,418828,1.000,2387
268109,418186,1.000,2416
268110,419413,1.000,1130
268111,417834,1.000,2467
268112,417856,1.000,2490
268113,418373,1.000,2446
268114,417470,1.000,2467
268115,418527,1.000,2428
268116,416704,1.000,2457
268116,416705,1.000,405
268117,416727,1.000,2457
268117,416728,1.000,405
268118,418042,1.000,2446
268119,416897,1.000,2457
268119,416898,1.000,405
268120,418064,1.000,2446
268121,418220,1.000,308
268122,418783,1.000,2395
268123,417548,1.000,2457
268123,417549,1.000,405
268124,417719,1.000,2428
268125,418572,1.000,2447
268126,417827,1.000,2446
268127,417981,1.000,2446
268128,418894,1.000,2377
268129,418348,1.000,2446
268130,416946,1.000,2457
268130,416947,1.000,405
268131,417308,1.000,308
268132,418411,1.000,2359
268132,418412,1.000,2359
268133,416978,1.000,2457
268133,416979,1.000,405
268134,418569,1.000,2447
268135,416570,1.000,2457
268135,416571,1.000,405
268136,417895,1.000,2457
268136,417896,1.000,405
268136,417897,1.000,2457
268136,417898,1.000,405
268137,418043,1.000,2488
268137,418044,1.000,2488
268138,418310,2.000,308
268138,418311,1.000,308
268139,418881,1.000,2359
268140,417269,1.000,2467
268141,418553,1.000,2449
268142,417929,1.000,2446
268143,417843,1.000,2467
268144,418350,1.000,308
268145,417703,1.000,2378
268146,419120,1.000,2424
268147,416706,1.000,2383
268147,416707,1.000,408
268148,418955,1.000,2424
268149,418030,1.000,2457
268149,418031,1.000,405
268150,418898,1.000,2359
268151,417782,1.000,2457
268151,417783,1.000,405
268152,416760,1.000,2459
268152,416761,1.000,405
268152,416762,1.000,408
268153,418330,1.000,2471
268153,418331,1.000,2467
268154,418392,1.000,2467
268155,418943,1.000,2356
268155,418944,1.000,2356
268156,417991,1.000,2457
268156,417992,1.000,405
268157,417918,1.000,2457
268157,417919,1.000,405
268158,418080,1.000,2446
268159,418420,1.000,2356
268159,418421,1.000,2356
268160,418752,1.000,2466
268161,418081,1.000,2566
268161,418082,2.000,684
268162,419240,1.000,2359
268163,417620,1.000,2552
268164,419111,1.000,2424
268165,418873,1.000,2424
268166,419010,1.000,2359
268166,419011,1.000,2359
268167,417283,1.000,2428
268168,419144,1.000,2363
268169,417198,1.000,2428
268169,417199,1.000,486
268169,417200,1.000,490
268169,417201,1.000,491
268170,418987,1.000,2356
268171,418901,1.000,2359
268172,418377,1.000,531
268172,418378,1.000,2387
268173,417911,1.000,2467
268174,418531,1.000,2385
268175,418931,1.000,2359
268176,418872,1.000,2359
268177,418905,1.000,2359
268178,417655,1.000,2509
268179,418773,1.000,2359
268180,416673,1.000,2457
268180,416674,1.000,405
268181,418912,1.000,2359
268181,418913,1.000,2359
268182,417279,1.000,2428
268183,418909,1.000,2359
268183,418910,1.000,2359
268184,419134,1.000,2356
268184,419135,1.000,2356
268185,418512,1.000,2401
268186,417527,1.000,2428
268187,417926,1.000,2428
268188,418725,1.000,2356
268188,418726,1.000,2356
268189,418763,1.000,2359
268189,418764,1.000,2359
268190,418429,1.000,2356
268190,418430,1.000,2356
268191,418467,1.000,2387
268191,418468,1.000,748
268192,418425,1.000,2387
268193,419142,1.000,2359
268193,419143,1.000,2359
268194,418227,1.000,308
268195,417791,1.000,308
268196,417857,1.000,2450
268197,418252,1.000,2385
268197,418253,1.000,2359
268198,418897,1.000,2359
268199,418899,1.000,2359
268199,418900,1.000,2359
268200,418349,1.000,308
268201,418436,1.000,2356
268202,418771,1.000,2359
268202,418772,1.000,2359
268203,418616,1.000,2368
268204,418247,1.000,2395
268205,418543,1.000,2359
268205,418544,1.000,2359
268206,419390,1.000,2359
268207,418231,1.000,2368
268208,418914,1.000,2356
268208,418915,1.000,2356
268209,419012,1.000,2424
268210,418345,1.000,308
268211,417862,1.000,2428
268211,417864,1.000,2430
268212,418575,1.000,2428
268213,417238,1.000,2594
268214,418405,1.000,2359
268214,418406,1.000,2359
268215,418256,1.000,2387
268216,418960,1.000,2359
268216,418961,1.000,2359
268217,419203,1.000,2424
268218,418657,1.000,2428
268219,419105,1.000,2424
268220,418950,1.000,2356
268221,419109,1.000,2424
268222,419070,1.000,2359
268222,419071,1.000,2359
268223,418972,1.000,2363
268224,416850,1.000,2457
268224,416851,1.000,405
268225,418926,1.000,2359
268226,418953,1.000,2359
268226,418954,1.000,2359
268227,419014,1.000,2359
268227,419015,1.000,2359
268228,419232,1.000,2359
268228,419233,1.000,2359
268229,418730,1.000,2378
268230,418704,1.000,2359
268230,418705,1.000,2359
268231,418699,1.000,2359
268231,418700,1.000,2359
268232,419351,1.000,2387
268233,418333,1.000,2488
268234,417523,1.000,2428
268234,417524,1.000,486
268234,417525,1.000,490
268234,417526,1.000,491
268235,419218,1.000,2359
268235,419219,1.000,2359
268236,418886,1.000,2359
268237,418511,1.000,2378
268238,417836,1.000,2471
268239,418867,1.000,2359
268240,419305,1.000,2359
268240,419306,1.000,2359
268241,417303,1.000,3407
268241,417304,1.000,408
268242,417711,1.000,2460
268242,417712,1.000,405
268242,417713,1.000,408
268243,418570,1.000,2458
268243,418571,1.000,405
268244,418415,1.000,2416
268245,419356,1.000,2457
268245,419357,1.000,405
268246,418691,1.000,2446
268247,418226,1.000,308
268248,419085,1.000,2352
268249,419107,1.000,2457
268249,419108,1.000,405
268250,419282,1.000,2352
268251,418196,1.000,2457
268251,418197,1.000,405
268252,419238,1.000,2352
268252,419239,1.000,2352
268253,419208,1.000,2359
268253,419209,1.000,2359
268254,419246,1.000,2352
268255,419355,1.000,2352
268256,418877,1.000,308
268257,419268,1.000,2352
268257,419269,1.000,2352
268258,418327,1.000,2447
268259,418710,1.000,2467
268260,418683,1.000,2495
268260,418684,1.000,2467
268261,418959,1.000,2424
268262,418686,1.000,2467
268263,418516,1.000,308
268263,418517,1.000,308
268264,417439,1.000,308
268265,419201,1.000,2352
268265,419202,1.000,2352
268266,418545,1.000,2446
268267,418884,1.000,2359
268268,418933,1.000,2356
268269,417747,1.000,2447
268270,419259,1.000,2359
268270,419260,1.000,2359
268271,418680,1.000,399
268272,418025,1.000,2428
268272,418026,1.000,486
268272,418027,1.000,490
268272,418028,1.000,491
268273,418214,1.000,2441
268273,418215,1.000,134
268274,416626,1.000,2412
268274,416627,1.000,486
268274,416628,1.000,490
268274,416629,1.000,491
268275,418992,1.000,2356
268276,418927,1.000,2359
268276,418928,1.000,2359
268277,419309,1.000,399
268278,419221,1.000,2359
268279,418151,1.000,2412
268279,418152,1.000,486
268279,418153,1.000,490
268279,418154,1.000,491
268280,417742,1.000,2428
268281,419241,1.000,2425
268282,418922,1.000,2390
268283,419115,1.000,2441
268283,419116,3.000,134
268284,419251,1.000,2359
268284,419252,1.000,2359
268285,416903,1.000,2458
268285,416904,1.000,405
268285,416905,1.000,748
268286,418032,1.000,2460
268286,418033,1.000,405
268286,418034,1.000,408
268287,419560,1.000,2569
268287,419561,1.000,490
268288,417704,1.000,2378
268289,419138,1.000,399
268289,419139,1.000,2862
268290,419226,1.000,2359
268290,419227,1.000,2359
268291,416914,1.000,2458
268291,416915,1.000,405
268291,416916,1.000,748
268292,419366,1.000,2359
268292,419367,1.000,2359
268293,419242,1.000,2387
268294,418939,1.000,2359
268294,418940,1.000,2359
268295,418583,1.000,2449
268296,419096,1.000,2359
268297,419207,1.000,2359
268298,419152,1.000,2387
268299,418340,1.000,2458
268299,418341,1.000,405
268300,418021,1.000,2458
268300,418022,1.000,405
268301,418005,1.000,2426
268301,418006,1.000,2433
268302,418526,1.000,399
268303,419158,1.000,2387
268304,418459,1.000,2428
268304,418460,1.000,2430
268305,418891,1.000,2387
268306,417934,1.000,399
268307,419247,1.000,2359
268307,419248,1.000,2352
268308,419273,1.000,2359
268309,419562,1.000,2352
268309,419563,1.000,2352
268310,418573,1.000,2458
268310,418574,1.000,405
268311,418337,1.000,2460
268311,418338,1.000,405
268311,418339,1.000,408
268312,418885,1.000,399
268313,419297,1.000,2458
268313,419298,1.000,405
268314,418040,1.000,2368
268315,419106,1.000,3194
268316,418206,1.000,2428
268317,418417,1.000,2359
268318,418609,1.000,2428
268319,418864,1.000,2359
268319,418865,1.000,2359
268320,417547,1.000,2428
268321,418664,1.000,2446
268322,418929,1.000,2359
268323,419327,1.000,815
268324,417306,2.000,308
268325,419654,5.000,2354
268326,419245,1.000,2425
268327,419667,1.000,2439
268328,419385,1.000,2363
268329,419566,2.000,2352
268329,419567,2.000,2352
268330,419290,1.000,2352
268330,419291,1.000,2352
268331,419706,1.000,2352
268331,419707,1.000,2352
268332,419370,1.000,2352
268333,419395,1.000,2352
268334,419517,1.000,2352
268334,419518,1.000,2352
268335,419532,1.000,2352
268336,419572,1.000,2359
268337,419686,1.000,2352
268338,419712,1.000,2352
268338,419713,1.000,2352
268339,419770,10.000,660
268340,418147,1.000,2457
268340,418148,1.000,405
268341,418058,1.000,2469
268342,419372,1.000,2385
268343,418606,1.000,2428
268344,416929,1.000,531
268345,418324,1.000,2446
268346,419229,1.000,2359
268347,417726,1.000,2428
268348,419362,1.000,2359
268348,419363,1.000,2359
268349,419151,1.000,399
268350,419307,1.000,2359
268350,419308,1.000,2359
268351,419279,1.000,2424
268352,419511,1.000,2356
268352,419512,1.000,2356
268353,419556,1.000,2359
268353,419557,1.000,2359
268354,419479,1.000,2356
268354,419480,1.000,2356
268355,419099,1.000,2359
268356,419100,1.000,2424
268357,419506,1.000,2356
268358,419274,1.000,2424
268359,419286,1.000,399
268360,419326,1.000,399
268361,418614,1.000,2449
268362,419384,1.000,399
268363,419501,1.000,2359
268363,419502,1.000,2359
268364,417996,1.000,2449
268365,419145,1.000,399
268366,419543,1.000,2363
268367,419538,1.000,2359
268368,418008,1.000,2488
268368,418009,1.000,486
268368,418010,1.000,490
268368,418011,1.000,491
268369,419555,1.000,2363
268370,418060,1.000,399
268370,418061,1.000,915
268371,418636,1.000,2446
268372,419091,1.000,2424
268373,419249,1.000,2359
268373,419250,1.000,2359
268374,419311,1.000,2356
268374,419312,1.000,2356
268375,419253,1.000,2359
268375,419254,1.000,2359
268376,419275,1.000,2359
268377,419166,1.000,2368
268378,417156,1.000,2383
268378,417157,1.000,408
268379,419243,1.000,2359
268379,419244,1.000,2359
268380,419456,1.000,2449
268381,419283,1.000,2359
268382,417959,1.000,2450
268383,419375,1.000,2359
268384,418374,1.000,2446
268385,419347,1.000,2385
268386,419320,1.000,2359
268387,419451,1.000,2359
268387,419452,1.000,2359
268388,419285,1.000,2424
268389,419095,1.000,2424
268390,419324,1.000,2369
268391,419075,1.000,2356
268392,418513,1.000,2428
268393,419493,1.000,2446
268394,419489,1.000,2446
268395,417504,1.000,2481
268396,419492,1.000,2446
268397,418941,1.000,2428
268398,418165,1.000,2997
268399,419266,1.000,2387
268400,419431,1.000,2424
268401,418548,1.000,2460
268402,419474,1.000,2359
268403,419436,1.000,2359
268403,419437,1.000,2359
268404,418937,1.000,2446
268405,418973,1.000,2450
268406,418356,1.000,2457
268406,418357,1.000,405
268406,418358,1.000,748
268407,419150,1.000,2356
268408,418053,1.000,2428
268408,418054,1.000,2430
268408,418055,1.000,490
268408,418056,1.000,486
268408,418057,1.000,491
268409,419643,1.000,2352
268409,419644,1.000,2352
268410,419483,1.000,2352
268411,419444,1.000,2424
268412,419700,1.000,2352
268412,419701,1.000,2352
268413,419235,1.000,684
268414,419547,1.000,2352
268415,418685,1.000,2449
268416,419521,1.000,2352
268416,419522,1.000,2352
268417,418665,1.000,2449
268418,419278,1.000,2424
268419,419661,1.000,2352
268419,419857,1.000,2352
268420,419304,1.000,2395
268421,419261,1.000,2352
268421,419262,1.000,2352
268422,419594,1.000,525
268423,419745,1.000,2512
268424,419507,1.000,2385
268425,419648,1.000,2512
268426,419542,1.000,2363
268427,419636,1.000,2512
268427,419637,1.000,2512
268428,418633,1.000,2449
268429,419537,1.000,2359
268430,418644,1.000,2449
268431,418208,1.000,2573
268432,418653,1.000,2471
268432,418654,1.000,2467
268433,418965,1.000,2449
268434,419468,1.000,2359
268434,419469,1.000,2359
268435,417170,1.000,2460
268435,417171,1.000,405
268435,417172,1.000,408
268436,419596,1.000,2359
268436,419597,1.000,2359
268437,419322,1.000,399
268438,419488,1.000,2359
268439,419552,1.000,2359
268439,419553,1.000,2359
268440,419510,1.000,2359
268441,419527,1.000,2359
268442,419740,1.000,2352
268442,419741,1.000,2356
268443,419858,1.000,2352
268443,419859,1.000,2352
268444,418963,1.000,2458
268444,418964,1.000,405
268445,419199,1.000,2424
268446,417879,1.000,2457
268446,417880,1.000,405
268447,418716,1.000,2449
268448,418942,1.000,308
268449,417828,1.000,2457
268449,417829,1.000,405
268450,417132,1.000,2457
268450,417133,1.000,405
268451,419001,1.000,2449
268452,418581,1.000,2449
268453,419398,1.000,2389
268453,419399,1.000,915
268454,417329,1.000,2479
268455,419391,1.000,2862
268456,416907,1.000,2457
268456,416908,1.000,405
268457,419574,1.000,2424
268458,418359,1.000,2428
268458,418360,1.000,2430
268459,416918,1.000,2458
268459,416919,1.000,405
268460,419687,1.000,2359
268461,418666,1.000,308
268462,416944,1.000,2458
268462,416945,1.000,405
268463,417193,1.000,2461
268463,417194,1.000,405
268464,418461,1.000,2428
268464,418462,2.000,2430
268465,418896,1.000,2438
268466,417669,1.000,2443
268466,417670,1.000,3120
268467,419585,1.000,2359
268467,419586,1.000,2359
268468,417147,1.000,2460
268468,417148,1.000,405
268468,417149,1.000,408
268469,418947,1.000,2450
268470,419539,1.000,2359
268471,418722,1.000,2459
268471,418723,1.000,405
268471,418724,1.000,408
268472,417601,1.000,2457
268472,417602,1.000,405
268472,417603,1.000,2457
268472,417604,1.000,787
268473,419423,1.000,2398
268474,417584,1.000,2383
268475,417467,1.000,2452
268476,418916,1.000,2449
268477,419439,1.000,2363
268478,418500,1.000,2416
268479,418463,1.000,2446
268480,419084,1.000,308
268481,416607,1.000,2509
268482,417176,1.000,2442
268482,417177,1.000,3120
268483,419470,1.000,2368
268484,419407,1.000,2460
268484,419408,1.000,405
268484,419409,1.000,408
268485,419394,1.000,2424
268486,418671,1.000,2428
268487,419719,1.000,2356
268488,417673,1.000,2443
268488,417674,1.000,3120
268489,418457,1.000,2457
268489,418458,1.000,405
268490,419080,1.000,2428
268491,419331,1.000,2494
268492,418069,1.000,2416
268493,419749,1.000,2356
268494,419204,1.000,2390
268494,419206,1.000,2387
268495,419426,1.000,2387
268496,419662,1.000,2359
268496,419663,1.000,2359
268497,419442,1.000,2359
268497,419443,1.000,2359
268498,419773,1.000,2356
268499,419496,1.000,399
268499,419497,1.000,2862
268500,419651,1.000,2359
268501,419546,1.000,2359
268502,419276,1.000,2386
268503,419388,1.000,2394
268504,419220,1.000,308
268505,417426,1.000,2455
268506,419382,1.000,2385
268506,419383,1.000,2359
268507,419688,1.000,2359
268507,419689,1.000,2359
268508,419364,1.000,2359
268508,419365,1.000,2359
268509,419013,1.000,2446
268510,419862,1.000,486
268511,419866,1.000,490
268512,419503,1.000,2352
268513,419421,1.000,2359
268514,419379,1.000,2356
268515,419353,1.000,2356
268515,419354,1.000,2356
268516,419338,1.000,2356
268517,419299,1.000,2359
268518,419296,1.000,2359
268519,419294,1.000,2356
268519,419295,1.000,2356
268520,419535,1.000,2359
268521,419533,1.000,2356
268521,419534,1.000,2356
268522,419530,1.000,2356
268522,419531,1.000,2356
268523,419528,1.000,2359
268523,419529,1.000,2359
268524,419514,1.000,2356
268524,419515,1.000,2356
268525,419508,1.000,2359
268525,419509,1.000,2359
268526,419504,1.000,2359
268526,419505,1.000,2359
268527,419472,1.000,2359
268527,419473,1.000,2359
268528,419720,1.000,2359
268528,419721,1.000,2352
268529,419461,1.000,2424
268530,419683,1.000,2359
268530,419684,1.000,2352
268531,419690,1.000,2359
268531,419691,1.000,2359
268532,419589,1.000,2359
268533,419576,1.000,2359
268533,419577,1.000,2359
268534,418308,1.000,2428
268535,419570,1.000,2359
268535,419571,1.000,2359
268536,419630,1.000,2359
268537,419846,1.000,2359
268537,419847,1.000,2359
268538,419681,1.000,2359
268538,419682,1.000,2359
268539,419780,1.000,2359
268539,419781,1.000,2359
268540,419053,1.000,2428
268540,419054,1.000,486
268540,419055,1.000,490
268540,419056,1.000,491
268541,419564,1.000,2359
268541,419565,1.000,2359
268542,419568,1.000,2359
268543,419837,1.000,2359
268544,418142,1.000,2488
268545,419478,1.000,2424
268546,418759,1.000,2449
268547,419386,1.000,2359
268547,419387,2.000,134
268548,419481,1.000,2363
268548,419482,1.000,2359
268549,419234,1.000,2449
268550,419164,1.000,2449
268551,417945,1.000,2509
268551,417946,1.000,408
268552,419801,1.000,2359
268552,419802,1.000,2359
268553,419392,1.000,2357
268553,419393,1.000,2357
268554,418309,1.000,2449
268555,418128,1.000,2802
268555,418129,1.000,405
268556,419121,1.000,2449
268557,419337,1.000,2449
268558,418288,1.000,2449
268559,419584,1.000,2359
268560,419638,1.000,399
268561,418265,1.000,2449
268562,419766,1.000,2359
268563,418986,1.000,308
268564,419471,1.000,2363
268565,418754,1.000,2449
268566,419494,1.000,399
268566,419495,1.000,2862
268567,420042,1.000,2395
268568,419915,1.000,2424
268569,419340,1.000,2449
268570,419816,1.000,2424
268571,418744,1.000,2428
268571,418745,1.000,2430
268572,418191,1.000,2449
268573,419828,1.000,2352
268573,419829,1.000,2352
268574,419094,1.000,2450
268575,419061,1.000,2446
268576,419048,1.000,2446
268577,419792,1.000,2352
268577,419793,1.000,2352
268578,419041,1.000,2449
268579,419210,1.000,2446
268580,419948,1.000,2352
268580,419949,1.000,2352
268581,419759,1.000,2368
268582,419737,1.000,2359
268582,419738,1.000,2359
268583,419714,1.000,2359
268583,419715,1.000,2359
268584,418251,1.000,2469
268585,417894,1.000,2450
268586,419832,1.000,2352
268586,419833,1.000,1323
268587,419834,1.000,2512
268588,419961,1.000,2352
268589,419842,1.000,2352
268590,419876,1.000,2352
268590,419877,1.000,2352
268591,418988,1.000,2446
268592,419026,1.000,2449
268593,419378,1.000,2471
268594,419422,1.000,2371
268595,419328,1.000,2423
268596,419271,1.000,2449
268597,417577,1.000,2449
268598,418755,1.000,2449
268599,419645,1.000,2377
268600,418626,1.000,2446
268601,419746,1.000,2424
268602,418762,1.000,2446
268603,419255,1.000,2428
268604,419772,1.000,2446
268605,419693,1.000,2457
268605,419694,1.000,405
268606,419078,1.000,2449
268607,419758,1.000,399
268608,419673,1.000,2426
268608,419674,1.000,2433
268609,419756,1.000,399
268610,419653,1.000,2371
268611,417859,1.000,2457
268611,417860,1.000,405
268612,418956,1.000,2446
268613,418552,1.000,308
268614,419957,1.000,308
268615,418868,1.000,2446
268616,419629,1.000,2365
268617,419979,1.000,2424
268618,419133,1.000,2449
268619,418533,1.000,308
268620,419668,1.000,2424
268621,417889,1.000,2457
268621,417890,1.000,787
268622,419161,1.000,308
268623,419484,1.000,2467
268624,419656,1.000,399
268625,418565,1.000,2383
268625,418566,1.000,408
268626,419263,1.000,2457
268626,419264,1.000,405
268627,420003,1.000,308
268628,419038,1.000,2552
268629,418546,1.000,2457
268629,418547,1.000,787
268630,419826,1.000,2424
268631,419852,1.000,2457
268631,419853,1.000,405
268632,419960,1.000,1082
268633,417786,1.000,2461
268633,418099,1.000,405
268634,419917,1.000,2352
268634,419918,1.000,2352
268635,420004,1.000,2352
268635,420005,1.000,2352
268636,419751,1.000,2352
268637,419954,1.000,2352
268637,419955,1.000,2352
268638,420056,1.000,2359
268638,420057,1.000,2352
268639,420061,1.000,2352
268639,420062,1.000,2352
268640,419838,1.000,2352
268640,419839,1.000,2352
268641,419820,1.000,2352
268642,420100,1.000,2352
268642,420101,1.000,2352
268643,419906,1.000,2352
268643,419907,1.000,2352
268644,419292,1.000,2457
268644,419293,1.000,405
268645,419782,1.000,2458
268645,419783,1.000,405
268645,420086,1.000,748
268646,419899,1.000,2352
268646,419900,1.000,2352
268647,419784,1.000,2457
268647,419785,1.000,405
268648,420045,1.000,2352
268649,418065,1.000,2457
268649,418066,1.000,405
268650,419525,1.000,2352
268650,419526,1.000,2352
268651,419652,1.000,2446
268652,419635,1.000,2446
268653,420201,2.000,2352
268653,420202,2.000,2352
268654,418094,1.000,2457
268654,418095,1.000,405
268655,419650,1.000,2446
268656,419655,1.000,2446
268657,419126,1.000,2457
268657,419127,1.000,405
268658,419970,1.000,2356
268659,420069,1.000,308
268660,419396,1.000,2458
268660,419397,1.000,405
268661,419679,1.000,2359
268662,418049,1.000,2457
268662,418050,1.000,405
268663,420068,1.000,2359
268664,417586,1.000,2457
268664,417587,1.000,405
268665,419550,1.000,2387
268666,418789,1.000,2449
268667,419875,1.000,2446
268668,419760,1.000,2359
268668,419761,1.000,2359
268669,419794,1.000,2363
268670,419762,1.000,2359
268671,419835,1.000,2359
268671,419836,1.000,2359
268672,418962,1.000,308
268673,419666,1.000,2359
268674,419704,1.000,2359
268674,419705,1.000,2359
268675,419860,1.000,2356
268675,419861,1.000,2356
268676,419702,1.000,2359
268676,419703,1.000,2359
268677,419891,1.000,2356
268677,419892,1.000,2356
268678,419664,1.000,2360
268678,419665,1.000,2360
268679,420065,1.000,2491
268680,419430,1.000,525
268681,419825,1.000,2359
268682,419124,1.000,2457
268682,419125,1.000,405
268683,419646,1.000,399
268683,419647,1.000,2862
268684,418202,1.000,2426
268684,418203,1.000,490
268684,418204,1.000,486
268684,418205,1.000,491
268685,419154,1.000,2461
268685,419155,1.000,405
268686,418667,1.000,2428
268686,418668,1.000,2430
268687,419669,1.000,2428
268687,419670,1.000,490
268687,419671,1.000,486
268687,419672,1.000,491
268688,420063,1.000,2424
268689,418889,1.000,2458
268689,418890,1.000,405
268690,419912,1.000,2428
268690,419913,1.000,2430
268691,419708,1.000,2389
268692,419752,1.000,399
268693,419513,1.000,2387
268694,419750,1.000,2389
268695,418777,1.000,2428
268696,418740,1.000,2385
268697,419765,1.000,2395
268698,420213,1.000,2512
268699,419519,1.000,2359
268699,419520,1.000,2359
268700,418923,1.000,2441
268700,420215,3.000,134
268701,419710,1.000,2359
268702,420051,1.000,2359
268702,420052,1.000,2359
268703,418260,1.000,2457
268703,418261,1.000,405
268704,419763,1.000,2359
268704,419764,1.000,2359
268705,419889,1.000,2356
268705,419890,1.000,2356
268706,419697,1.000,2359
268706,419698,1.000,2359
268707,419360,1.000,2457
268707,419361,1.000,405
268708,419771,1.000,2424
268709,419230,1.000,308
268710,417003,1.000,2457
268710,417004,1.000,405
268711,419817,1.000,2359
268711,419818,1.000,2359
268712,419888,1.000,2424
268713,419554,1.000,2359
268714,419931,1.000,2356
268714,419932,1.000,2356
268715,418713,1.000,2457
268715,418714,1.000,405
268716,419660,1.000,2359
268717,419724,1.000,2359
268717,419725,1.000,2359
268718,420278,1.000,495
268719,419790,1.000,2359
268719,419791,1.000,2359
268720,419787,1.000,2359
268721,419856,1.000,2359
268722,419795,1.000,2359
268722,419796,1.000,2359
268723,418746,1.000,2449
268724,419867,1.000,2359
268724,419868,1.000,2359
268725,419904,1.000,2359
268726,419823,1.000,2359
268726,419824,1.000,2359
268727,419870,1.000,2372
268728,419323,1.000,2861
268729,419798,1.000,2359
268729,419799,1.000,2359
268730,419809,1.000,2359
268730,419810,1.000,2359
268731,419595,1.000,2359
268732,420195,1.000,2352
268733,420162,1.000,2352
268733,420163,1.000,2352
268734,420129,1.000,2352
268734,420130,1.000,2352
268735,419827,1.000,2377
268736,419871,1.000,2359
268736,419872,1.000,2359
268737,419975,1.000,2359
268737,419976,1.000,2359
268738,420133,1.000,2359
268738,420134,1.000,2359
268739,420206,1.000,2359
268739,420207,1.000,2359
268740,420127,1.000,2395
268740,420128,1.000,2356
268741,420238,1.000,2446
268742,419739,1.000,2449
268743,418541,1.000,308
268744,420241,1.000,308
268745,419079,1.000,2494
268746,420216,1.000,2357
268746,420217,1.000,2357
268747,419851,1.000,2359
268748,419800,1.000,2449
268749,419812,1.000,2471
268750,420081,1.000,2401
268751,420036,1.000,531
268752,419980,1.000,2368
268753,420311,35.000,660
268754,420312,36.000,660
268754,420313,2.000,3363
268755,420268,1.000,2352
268755,420269,1.000,2352
268756,420131,1.000,2605
268757,419167,1.000,2467
268758,418765,1.000,2446
268759,419214,1.000,2446
268760,419540,1.000,308
268761,419000,1.000,2446
268762,419709,1.000,308
268763,417993,1.000,2457
268763,417994,1.000,405
268764,419631,1.000,2446
268765,419699,1.000,308
268766,418155,1.000,2484
268767,420038,1.000,2446
268768,418659,1.000,490
268768,419146,1.000,486
268768,419147,1.000,491
268769,419639,1.000,2446
268770,419358,1.000,2446
268771,419575,1.000,2488
268772,419882,1.000,2446
268773,419428,1.000,2446
268774,419757,1.000,2449
268775,419217,1.000,2449
268776,419776,1.000,2446
268777,419498,1.000,2460
268777,419499,1.000,405
268777,419500,1.000,408
268778,419971,1.000,2359
268778,419972,1.000,2359
268779,419348,1.000,2471
268780,419984,1.000,2359
268780,419985,1.000,2359
268781,420064,1.000,2356
268782,420013,1.000,2359
268783,420040,1.000,308
268784,419967,1.000,525
268785,418887,2.000,308
268786,419284,1.000,308
268787,419165,1.000,308
268788,418911,1.000,2488
268789,418761,1.000,2446
268790,419587,1.000,2446
268791,418445,1.000,2457
268791,418446,1.000,405
268791,418447,1.000,2457
268791,418448,1.000,787
268792,419267,1.000,2446
268793,419117,1.000,2446
268794,419265,1.000,2446
268795,419076,1.000,2446
268796,418998,1.000,2446
268797,418951,1.000,2446
268798,418892,1.000,2446
268799,419319,1.000,2438
268800,418870,1.000,2446
268801,418970,1.000,2446
268802,419074,1.000,2446
268803,418618,1.000,308
268804,419339,1.000,2446
268805,419122,1.000,2488
268805,419123,1.000,2467
268806,418924,1.000,2446
268807,418530,2.000,308
268808,419434,1.000,2488
268808,419435,1.000,2467
268809,420006,1.000,2359
268809,420007,1.000,2359
268810,420000,1.000,2356
268810,420001,1.000,2356
268811,419977,1.000,2359
268811,419978,1.000,2359
268812,419821,1.000,2359
268812,419822,1.000,2359
268813,419153,1.000,2446
268814,418558,1.000,2489
268815,419950,1.000,2439
268816,414117,1.000,399
268817,419881,1.000,2363
268818,419933,1.000,2356
268818,419934,1.000,2356
268819,420284,1.000,2356
268819,420285,1.000,2356
268820,419588,1.000,2446
268821,419445,1.000,2449
268822,418179,1.000,2481
268822,418180,1.000,2484
268823,419728,1.000,2371
268824,420030,1.000,2385
268824,420031,1.000,2359
268825,418731,1.000,2481
268826,418588,1.000,2457
268826,418589,1.000,405
268827,420472,3.000,660
268827,420473,2.000,2352
268828,420476,4.000,660
268829,420475,2.000,660
268830,420474,2.000,660
268831,420342,1.000,2352
268831,420343,1.000,2352
268832,420054,1.000,2352
268832,420055,1.000,2352
268833,420354,1.000,2512
268834,420164,1.000,2512
268835,420275,1.000,2352
268836,420336,1.000,2352
268836,420337,1.000,2352
268837,420021,1.000,2352
268838,420333,1.000,2352
268839,420044,1.000,2352
268840,420353,1.000,2352
268841,420350,1.000,2352
268841,420351,1.000,2352
268842,420334,1.000,2512
268843,420357,1.000,2352
268844,420272,1.000,2352
268845,420352,1.000,2352
268846,420142,1.000,2352
268846,420143,1.000,2352
268847,419225,1.000,2481
268848,420032,1.000,2457
268848,420033,1.000,405
268849,419711,1.000,2449
268850,420261,1.000,2395
268850,420262,1.000,2359
268851,420091,1.000,2359
268852,419685,1.000,2449
268853,419936,1.000,2377
268854,420035,1.000,2449
268855,419895,1.000,308
268856,419789,1.000,2488
268857,418639,1.000,2457
268857,418640,1.000,405
268858,419755,1.000,2446
268859,420290,1.000,2467
268860,419590,1.000,2446
268861,419813,1.000,2424
268862,419103,1.000,308
268863,419964,1.000,2387
268864,420122,1.000,2424
268865,420132,1.000,2411
268866,419731,1.000,2359
268867,420059,1.000,2359
268867,420060,1.000,2359
268868,419692,1.000,2359
268869,419840,1.000,2392
268870,419963,1.000,2394
268871,420041,1.000,2359
268872,419989,1.000,2394
268873,420587,10.000,660
268874,420490,1.000,2466
268875,420227,1.000,2359
268875,420228,1.000,2359
268876,420144,1.000,2359
268876,420145,1.000,2359
268877,418393,1.000,2481
268877,418394,1.000,2484
268878,418399,1.000,2481
268878,418400,1.000,2484
268879,418510,1.000,2484
268880,420140,1.000,2359
268880,420141,1.000,2359
268881,420514,1.000,2352
268881,420515,1.000,2352
268882,420011,1.000,2424
268883,419062,1.000,2446
268884,420210,1.000,2424
268885,420193,1.000,2359
268886,420171,1.000,2356
268886,420172,1.000,2356
268887,420221,1.000,2359
268888,420170,1.000,2359
268889,419849,1.000,2449
268890,420189,1.000,2359
268891,419914,1.000,308
268892,419830,1.000,2368
268893,420499,1.000,2359
268893,420500,1.000,2359
268894,419883,1.000,2449
268895,420224,1.000,2359
268896,420177,1.000,2359
268897,420225,1.000,2359
268898,420165,1.000,2359
268899,419902,1.000,2449
268900,420200,1.000,2359
268901,420191,1.000,2359
268902,419788,1.000,2360
268903,420477,1.000,2359
268903,420478,1.000,2359
268904,418387,1.000,2428
268905,419850,1.000,2446
268906,419389,1.000,2449
268907,420457,1.000,2352
268907,420458,1.000,2352
268908,420455,1.000,2352
268908,420456,1.000,2352
268909,420430,1.000,2512
268910,420549,1.000,2352
268910,420550,1.000,2352
268911,420460,1.000,2352
268911,420461,1.000,2352
268912,420545,1.000,2352
268912,420546,1.000,2352
268913,420483,1.000,2352
268913,420484,1.000,2352
268914,420479,1.000,2352
268914,420480,1.000,2352
268915,420548,1.000,2352
268916,420230,1.000,2352
268916,420316,1.000,134
268917,420501,1.000,2425
268918,419869,1.000,2446
268919,419068,1.000,2428
268919,419069,1.000,2430
268920,420093,1.000,2359
268921,420194,1.000,2424
268922,420082,1.000,2359
268922,420083,1.000,2359
268923,419359,1.000,2474
268924,420187,1.000,2424
268925,419855,1.000,2446
268926,419878,1.000,2494
268927,419819,1.000,2481
268928,420264,1.000,2382
268928,420265,1.000,408
268929,420168,1.000,2378
268930,419042,1.000,2459
268930,419043,1.000,405
268931,420126,1.000,2449
268932,419415,1.000,2416
268933,420196,1.000,2359
268934,420209,1.000,2387
268935,420150,1.000,2360
268935,420151,1.000,2360
268936,420182,1.000,2439
268937,419966,1.000,399
268938,419310,1.000,2458
268938,419313,1.000,405
268939,420638,1.000,2359
268939,420639,1.000,2359
268940,420087,1.000,2359
268940,420088,1.000,2359
268941,420385,1.000,2375
268942,419909,1.000,2449
268943,419536,1.000,2449
268944,420123,1.000,2449
268945,420136,1.000,531
268945,420137,1.000,2387
268946,420640,1.000,2621
268947,420237,1.000,2481
268948,420037,1.000,408
268949,419454,1.000,2449
268950,420322,1.000,2368
268951,420135,1.000,2425
268952,420166,1.000,2359
268953,420027,1.000,636
268954,420185,1.000,2359
268954,420186,1.000,2356
268955,419874,1.000,2446
268956,420169,1.000,2467
268957,420723,1.000,2951
268958,420744,30.000,660
268959,420745,10.000,660
268960,420746,9.000,660
268961,420747,10.000,660
268962,420748,1.000,3408
268963,420751,20.000,660
268964,420752,1.000,3408
268965,420251,1.000,2359
268965,420252,1.000,2359
268966,419901,1.000,2363
268967,420008,1.000,2385
268968,419549,1.000,2449
268969,420754,28.000,660
268969,420755,2.000,3363
268970,420139,1.000,2446
268971,419962,1.000,2446
268972,420157,1.000,2446
268973,420318,1.000,2446
268974,420066,1.000,2449
268975,419551,1.000,2449
268976,420253,1.000,2359
268976,420254,1.000,2359
268977,420015,1.000,2359
268978,420756,6.000,660
268979,419544,1.000,2383
268979,419545,1.000,408
268980,420289,1.000,399
268981,419884,1.000,2446
268982,420138,1.000,2363
268983,420270,1.000,2359
268983,420271,1.000,2359
268984,420049,1.000,2457
268984,420050,1.000,405
268985,419797,1.000,2359
268986,419416,1.000,2449
268987,419412,1.000,2449
268988,418414,1.000,2378
268989,419939,1.000,2356
268989,419940,1.000,2356
268990,419927,1.000,2359
268991,419200,1.000,2428
268992,420232,1.000,308
268993,420229,1.000,308
268994,419657,1.000,2471
268995,420188,2.000,308
268996,420023,1.000,2438
268997,419349,1.000,399
268998,419947,1.000,2425
268999,420019,1.000,2377
269000,419951,1.000,2457
269000,419952,1.000,405
269001,419156,1.000,2457
269001,419157,1.000,787
269002,418727,1.000,2617
269002,418728,1.000,405
269003,419935,1.000,2446
269004,420058,1.000,2424
269005,420292,1.000,2424
269006,419582,1.000,2458
269006,419583,1.000,787
269007,420771,10.000,660
269008,420653,1.000,2352
269009,420279,1.000,2359
269009,420280,1.000,2352
269010,420563,1.000,2352
269010,420564,1.000,2352
269011,420426,1.000,2352
269011,420427,1.000,2352
269012,420655,1.000,2352
269012,420656,1.000,2352
269013,420589,1.000,2352
269014,420413,1.000,2352
269014,420414,1.000,2352
269015,420558,1.000,2352
269015,420559,1.000,2352
269016,420657,1.000,2512
269017,420581,1.000,2352
269017,420582,1.000,2352
269018,420338,1.000,2352
269018,420339,1.000,2352
269019,420362,1.000,2352
269019,420363,1.000,2352
269020,420459,1.000,2352
269020,420462,1.000,2352
269021,420379,1.000,2352
269022,420572,1.000,2352
269022,420573,1.000,2352
269023,419844,1.000,2446
269024,419965,1.000,2387
269025,420774,15.000,660
269025,420775,2.000,3363
269026,420104,1.000,2491
269027,419988,1.000,2449
269028,420777,14.000,660
269028,420778,2.000,3363
269029,420431,1.000,2359
269030,419885,1.000,2446
269031,420780,14.000,660
269031,420781,2.000,3363
269032,419777,1.000,2446
269033,420415,1.000,2424
269034,420783,10.000,660
269034,420784,2.000,3363
269035,420016,1.000,2359
269035,420017,1.000,2359
269036,419841,1.000,2446
269037,419983,1.000,2359
269038,420789,20.000,660
269039,419831,1.000,308
269040,419946,1.000,399
269041,419925,1.000,308
269042,419953,1.000,2378
269043,419986,1.000,2488
269044,419894,1.000,2449
269045,420034,1.000,2495
269046,419969,1.000,2447
269047,420024,1.000,308
269048,419993,1.000,2359
269049,420026,1.000,308
269050,419774,1.000,2359
269050,419775,1.000,2359
269051,420226,1.000,308
269052,420218,2.000,308
269053,420236,1.000,308
269054,419941,1.000,399
269055,419329,1.000,2458
269055,419330,1.000,405
269056,416304,1.000,2397
269057,420395,1.000,2359
269058,420002,1.000,308
269059,420294,1.000,2377
269060,420304,1.000,2359
269060,420305,1.000,2359
269061,420152,1.000,2454
269061,420153,1.000,2495
269062,419990,1.000,2359
269062,419991,1.000,2359
269063,420266,1.000,2359
269063,420267,1.000,2359
269064,420293,1.000,2371
269065,419811,1.000,2359
269066,420231,1.000,308
269067,420606,1.000,308
269068,419649,1.000,2449
269069,419211,1.000,2457
269069,419212,1.000,787
269070,418244,1.000,2428
269071,419753,1.000,2442
269071,419754,1.000,3120
269072,420046,1.000,535
269073,419405,1.000,2441
269073,419406,2.000,134
269074,419998,1.000,2449
269075,420255,1.000,2359
269075,420256,1.000,2359
269076,420450,1.000,2359
269076,420451,1.000,2359
269077,419786,1.000,2502
269078,420084,1.000,2360
269078,420085,1.000,2360
269079,419578,1.000,2457
269079,419579,1.000,787
269080,420080,1.000,2596
269081,419959,1.000,2387
269082,420329,1.000,2359
269083,419944,1.000,2359
269083,419945,1.000,2469
269084,419548,1.000,2441
269085,420067,1.000,2596
269086,419287,1.000,2441
269086,419288,2.000,134
269087,419658,1.000,2449
269088,418649,1.000,2457
269088,418650,1.000,405
269088,418651,1.000,2387
269089,419019,1.000,2457
269089,419020,1.000,405
269090,419380,1.000,2457
269090,419381,1.000,405
269091,420014,1.000,2452
269092,419919,1.000,2489
269092,419920,1.000,486
269092,419921,1.000,490
269092,419922,1.000,491
269093,420389,1.000,2449
269094,419376,1.000,2457
269094,419377,1.000,405
269095,420222,1.000,2471
269096,418560,1.000,2428
269096,418561,1.000,2430
269096,418562,1.000,486
269096,418563,1.000,490
269096,418564,1.000,491
269097,419893,1.000,2449
269098,420594,1.000,2395
269099,419908,1.000,2449
269100,419717,1.000,2428
269101,417989,1.000,2457
269101,417990,1.000,405
269102,418047,1.000,2428
269102,418048,1.000,2430
269103,420419,1.000,2359
269104,420096,1.000,636
269105,420107,1.000,2459
269105,420108,1.000,405
269105,420109,1.000,408
269106,419843,1.000,308
269107,419400,1.000,2460
269107,419401,1.000,405
269107,419402,1.000,2467
269108,420243,1.000,2449
269109,419097,1.000,2461
269109,419098,1.000,405
269110,418144,1.000,2461
269110,418145,1.000,405
269111,420113,1.000,2460
269111,420114,1.000,405
269111,420115,1.000,408
269112,420102,1.000,2443
269112,420103,1.000,3120
269113,419081,1.000,1438
269113,419082,1.000,405
269113,419083,1.000,408
269114,420793,1.000,408
269115,418780,1.000,2457
269115,418781,1.000,405
269116,420371,1.000,2460
269116,420372,1.000,405
269116,420373,1.000,408
269117,420795,1.000,2569
269118,418110,1.000,2475
269119,420654,1.000,2475
269120,420794,1.000,2566
269121,419926,1.000,2359
269122,420797,1.000,2356
269122,420798,1.000,2356
269123,420673,1.000,2359
269123,420674,1.000,2359
269124,420175,1.000,2449
269125,420147,1.000,2446
269126,420463,1.000,2446
269127,420468,1.000,2371
269128,420730,1.000,2387
269129,419863,1.000,2457
269129,419864,1.000,405
269130,420768,1.000,2359
269130,420769,1.000,2359
269131,420508,2.000,2495
269132,420796,1.000,2359
269133,420208,1.000,2703
269134,419110,1.000,2441
269134,419112,4.000,134
269135,420244,1.000,2449
269136,420190,1.000,2446
269137,420666,1.000,2359
269137,420667,1.000,2352
269138,420509,1.000,2425
269139,420487,1.000,2359
269140,420551,1.000,2359
269141,420595,1.000,2359
269142,420497,1.000,2446
269143,420540,1.000,2387
269144,420465,1.000,2356
269144,420466,1.000,2356
269145,420621,1.000,2360
269145,420622,1.000,2360
269146,420527,1.000,2359
269147,420732,1.000,2359
269147,420733,1.000,2359
269148,420505,1.000,2359
269148,420506,1.000,2359
269149,420502,1.000,2359
269149,420503,1.000,2359
269150,420643,1.000,2359
269151,420494,1.000,2359
269151,420495,1.000,134
269152,420491,1.000,2359
269152,420492,1.000,134
269153,420814,1.000,2512
269154,420813,1.000,2352
269155,420816,1.000,2511
269156,420693,1.000,2352
269156,420694,1.000,2352
269157,420685,1.000,2352
269157,420687,1.000,2352
269158,420598,1.000,2352
269158,420599,1.000,2352
269159,420488,1.000,2356
269160,420909,1.000,490
269161,420544,1.000,2424
269162,420176,1.000,2446
269163,419898,1.000,2428
269164,420531,1.000,2377
269165,420223,1.000,2424
269166,420507,1.000,2392
269167,420772,1.000,2424
269168,420205,1.000,2446
269169,420680,1.000,2446
269169,420681,1.000,2495
269170,420547,1.000,2359
269171,420601,1.000,2395
269172,420617,1.000,2392
269173,420923,1.000,2569
269174,420917,1.000,2352
269174,420918,1.000,2352
269175,420810,1.000,2359
269176,420399,1.000,2359
269176,420400,1.000,2359
269177,420345,1.000,2359
269177,420346,1.000,2359
269178,420560,1.000,2359
269178,420561,1.000,2359
269179,420521,1.000,2359
269180,420648,1.000,2359
269180,420649,1.000,2359
269181,420361,1.000,2359
269182,420409,1.000,2360
269182,420410,1.000,2359
269183,418100,1.000,2412
269183,418101,1.000,2862
269184,420314,1.000,2385
269184,420315,1.000,2359
269185,420178,1.000,2359
269185,420179,1.000,2359
269185,420180,4.000,134
269186,420942,1.000,2359
269187,420029,1.000,2449
269188,420453,1.000,2356
269188,420454,1.000,2356
269189,420513,1.000,2424
269190,420433,1.000,2371
269191,420321,1.000,2371
269192,420358,1.000,2359
269193,420306,1.000,2359
269193,420307,1.000,2359
269194,420519,1.000,2385
269195,420323,1.000,2371
269196,420611,1.000,2359
269196,420612,1.000,2359
269197,420381,1.000,2359
269197,420382,1.000,2356
269198,419222,1.000,2441
269198,419223,4.000,134
269199,419300,1.000,2428
269199,419301,1.000,490
269199,419302,1.000,486
269199,419303,1.000,491
269200,419419,1.000,2461
269200,419420,1.000,405
269201,420406,1.000,2395
269202,418692,1.000,2428
269202,418693,1.000,490
269202,418694,1.000,486
269202,418695,1.000,491
269203,419903,1.000,2425
269204,420053,1.000,2997
269205,419778,1.000,2424
269205,419779,1.000,2446
269206,419231,1.000,2552
269207,419848,1.000,399
269208,419887,1.000,2449
269209,420263,1.000,2365
269210,419748,1.000,2428
269211,420516,1.000,2363
269211,420517,1.000,2359
269212,420703,1.000,2449
269213,420295,1.000,2359
269214,420411,1.000,2360
269214,420412,1.000,2359
269215,419446,1.000,2428
269215,419447,1.000,486
269215,419448,1.000,490
269215,419449,1.000,491
269215,419450,1.000,2430
269216,420749,1.000,2359
269216,420750,1.000,2359
269217,418542,1.000,2509
269218,420154,1.000,399
269219,420641,1.000,2424
269220,420434,1.000,2424
269221,420099,1.000,2449
269222,420525,1.000,2424
269223,420428,1.000,2356
269223,420429,1.000,2356
269224,420418,1.000,2424
269225,418966,1.000,2428
269225,418967,1.000,490
269225,418968,1.000,486
269225,418969,1.000,491
269226,419911,1.000,2385
269227,419675,1.000,2977
269227,419676,1.000,3120
269227,419677,1.000,408
269227,419678,1.000,2377
269228,420543,1.000,2371
269229,419591,1.000,2428
269230,418362,1.000,2441
269230,420593,1.000,134
269231,420397,1.000,2359
269231,420398,1.000,2359
269232,419485,1.000,2460
269232,419486,1.000,405
269232,419487,1.000,408
269233,420309,1.000,2359
269233,420310,1.000,2359
269234,420359,1.000,2359
269234,420360,1.000,2359
269235,420698,1.000,2458
269235,420699,1.000,405
269236,419937,1.000,2368
269237,419632,1.000,2428
269238,420436,1.000,2460
269238,420437,1.000,405
269238,420438,1.000,408
269239,419270,1.000,2428
269240,420319,1.000,2359
269240,420320,1.000,2359
269241,419280,1.000,2458
269241,419281,1.000,405
269242,419814,1.000,2383
269242,419815,1.000,408
269243,419943,1.000,2449
269244,418989,1.000,2460
269244,418990,1.000,405
269244,418991,1.000,408
269245,420441,1.000,2359
269245,420442,1.000,2467
269246,420245,1.000,2359
269247,420845,1.000,2359
269248,419140,1.000,2458
269248,419141,1.000,405
269249,420327,1.000,2356
269249,420328,1.000,2356
269250,420380,1.000,2449
269251,420567,1.000,2359
269252,420417,1.000,2359
269253,420260,1.000,2449
269254,420325,1.000,2359
269255,420396,1.000,2359
269256,420287,1.000,2359
269257,420405,1.000,2359
269258,420376,1.000,2446
269259,419417,1.000,2458
269259,419418,1.000,405
269260,420650,1.000,2359
269260,420651,1.000,2359
269261,420092,1.000,2371
269262,420888,1.000,2617
269262,420889,1.000,405
269263,419938,1.000,2368
269264,419089,1.000,2458
269264,419090,1.000,405
269265,419224,1.000,672
269266,420576,1.000,2450
269267,420276,1.000,2385
269267,420277,1.000,2359
269268,420326,1.000,2365
269269,420303,1.000,2449
269270,419958,1.000,2426
269271,420183,1.000,2458
269271,420184,1.000,405
269272,420330,1.000,2359
269273,419805,1.000,2457
269273,419806,1.000,405
269274,420931,1.000,2352
269275,420790,1.000,2352
269276,420734,1.000,2387
269277,420811,1.000,2352
269277,420812,1.000,2352
269278,420894,1.000,2352
269278,420895,1.000,2352
269279,420308,1.000,308
269280,420758,1.000,3738
269281,420710,1.000,2352
269282,420364,1.000,2446
269283,420167,1.000,2449
269284,420435,1.000,2447
269285,420386,1.000,2446
269286,420317,1.000,2446
269287,420682,1.000,2467
269288,419845,1.000,2481
269289,420683,1.000,2446
269290,420700,1.000,2997
269291,420098,1.000,2467
269292,420273,1.000,2442
269292,420274,1.000,3120
269293,420569,1.000,2457
269293,420570,1.000,405
269294,420324,1.000,2359
269295,420089,1.000,2359
269296,420235,1.000,2359
269297,420447,1.000,2424
269298,417695,1.000,2449
269299,418945,1.000,2458
269299,418946,1.000,405
269300,420603,1.000,2460
269300,420604,1.000,405
269300,420605,1.000,408
269301,420181,1.000,2488
269302,420097,1.000,2356
269303,420393,1.000,2359
269303,420394,1.000,2359
269304,420124,1.000,2359
269304,420125,1.000,2359
269305,419730,1.000,2428
269306,419410,1.000,2428
269306,419411,1.000,2430
269307,419897,1.000,2428
269308,420646,1.000,2363
269309,420753,1.000,2359
269310,420401,1.000,4066
269311,420948,1.000,2352
269311,420949,1.000,2352
269312,420620,1.000,2424
269313,419318,1.000,2428
269314,419463,1.000,2460
269314,419464,1.000,405
269315,420449,1.000,308
269316,420719,1.000,2428
269317,419992,1.000,2481
269318,420388,1.000,2449
269319,419113,1.000,2457
269319,419114,1.000,405
269320,420658,1.000,2356
269320,420660,1.000,2356
269320,420661,1.000,134
269321,420402,1.000,2449
269322,420743,1.000,2359
269323,420652,1.000,2359
269324,420464,1.000,2398
269325,420377,1.000,2359
269325,420378,1.000,2359
269326,420619,1.000,2359
269327,420644,1.000,2359
269328,420590,1.000,2356
269328,420591,1.000,2356
269329,420282,1.000,2359
269330,419424,1.000,2428
269330,419425,1.000,2430
269331,420518,1.000,2359
269332,420370,1.000,2359
269333,421001,2.000,2352
269334,421002,2.000,2352
269335,420741,1.000,2387
269336,419854,1.000,2359
269337,420616,1.000,399
269338,418590,1.000,2426
269338,418591,1.000,302
269338,418592,1.000,3152
269339,419427,1.000,2428
269340,420736,1.000,2942
269341,420291,1.000,2450
269342,421007,1.000,2569
269343,420665,1.000,2387
269344,420910,1.000,2359
269345,420882,1.000,2359
269346,420566,1.000,2397
269347,420740,1.000,2942
269348,420738,1.000,2387
269349,420893,1.000,2359
269350,420607,1.000,2356
269350,420608,1.000,2356
269351,420664,1.000,2359
269352,420498,1.000,3475
269353,420922,1.000,2449
269354,420600,1.000,2942
269355,420583,1.000,2356
269356,420728,1.000,2387
269357,420906,1.000,2356
269357,420907,1.000,2356
269358,419350,1.000,2412
269359,420742,1.000,2359
269360,420857,1.000,2359
269360,420858,1.000,2359
269361,420701,1.000,2359
269361,420702,1.000,2359
269362,421216,1.000,2359
269362,421217,1.000,2359
269363,420791,1.000,2359
269363,420792,1.000,2359
269364,420932,1.000,2359
269365,420820,1.000,2359
269366,420090,1.000,2428
269367,421064,1.000,2359
269368,421049,1.000,557
269369,420574,1.000,308
269370,421059,1.000,2359
269370,421060,1.000,2359
269371,421183,1.000,3556
269372,420815,1.000,2359
269373,421009,1.000,2352
269373,421010,1.000,2352
269374,421055,1.000,2352
269375,419569,1.000,2446
269376,421038,1.000,2352
269376,421039,1.000,2352
269377,421188,1.000,2352
269378,421061,1.000,2352
269379,421042,1.000,2352
269379,421043,1.000,2352
269380,421021,1.000,2352
269381,421185,1.000,2352
269381,421186,1.000,2352
269382,420825,1.000,2359
269382,420826,1.000,2359
269383,420764,1.000,2356
269383,420765,1.000,2356
269384,420817,1.000,2359
269384,420818,1.000,2359
269385,420757,1.000,2359
269386,420530,1.000,2488
269387,419490,1.000,2428
269387,419491,1.000,2430
269388,420779,1.000,2424
269389,420504,1.000,2467
269390,420807,1.000,2446
269391,420766,1.000,2359
269391,420767,1.000,2359
269392,420759,1.000,2359
269392,420760,1.000,2359
269393,420761,1.000,308
269394,420934,1.000,2424
269395,419896,1.000,2428
269396,420493,1.000,2449
269397,421063,1.000,2359
269398,418259,1.000,2377
269399,420805,1.000,2449
269400,420880,1.000,2385
269401,420786,1.000,2424
269402,420571,1.000,308
269403,420788,1.000,2424
269404,419886,1.000,2428
269405,420939,1.000,2390
269406,420853,1.000,2389
269406,420854,1.000,2387
269407,420596,1.000,2424
269408,421079,1.000,2352
269408,421080,1.000,2352
269409,420668,1.000,2359
269409,420669,1.000,2360
269410,421281,1.000,522
269411,420039,1.000,308
269412,421403,1.000,3876
269413,421077,1.000,2356
269414,420919,1.000,2359
269415,420884,1.000,2359
269415,420885,1.000,2359
269416,420833,1.000,2359
269417,420865,1.000,2395
269417,420866,1.000,2359
269418,420915,1.000,2359
269418,420916,1.000,2359
269419,420855,1.000,2359
269419,420856,1.000,2359
269420,419558,1.000,2457
269420,419559,1.000,405
269421,420679,1.000,2356
269422,420929,1.000,2359
269423,420900,1.000,2446
269424,420369,2.000,308
269425,420839,1.000,2359
269425,420840,1.000,2359
269426,419131,1.000,2457
269426,419132,1.000,405
269427,419128,1.000,2457
269427,419129,1.000,405
269428,420914,1.000,2359
269429,420808,1.000,2359
269429,420809,1.000,2359
269430,419072,1.000,2457
269430,419073,1.000,405
269431,420905,1.000,2446
269432,420715,1.000,2359
269432,420716,1.000,2359
269433,420552,1.000,2359
269434,419162,1.000,2457
269434,419163,1.000,405
269435,419148,1.000,2457
269435,419149,1.000,405
269436,419046,1.000,2457
269436,419047,1.000,787
269437,421414,5.000,1323
269438,420677,1.000,2368
269438,420678,1.000,748
269439,420953,1.000,2446
269440,420625,1.000,2449
269441,420994,1.000,2359
269441,420995,1.000,2359
269442,420902,1.000,2449
269443,420390,1.000,2459
269444,420930,1.000,2449
269445,420886,1.000,2359
269445,420887,1.000,2359
269446,420892,1.000,2359
269447,419910,1.000,2428
269448,420675,1.000,2359
269449,419021,1.000,2457
269449,419022,1.000,405
269449,419023,1.000,2457
269449,419024,1.000,787
269450,420689,1.000,2385
269451,420618,1.000,2359
269452,421008,1.000,2449
269453,420676,1.000,2377
269454,420565,1.000,2449
269455,420158,1.000,3631
269455,420159,1.000,408
269456,420890,1.000,2446
269457,419465,1.000,2457
269457,419466,1.000,405
269458,420955,1.000,2446
269459,419457,1.000,2426
269459,419458,1.000,490
269459,419459,1.000,486
269459,419460,1.000,491
269460,420903,1.000,2443
269460,420904,1.000,3120
269461,420881,1.000,2428
269462,421262,1.000,2392
269463,420609,1.000,2373
269464,420155,1.000,2573
269464,420156,1.000,2363
269465,420684,1.000,2356
269466,420847,1.000,2359
269467,420864,1.000,2359
269468,420713,1.000,2359
269468,420714,1.000,2359
269469,420896,1.000,2359
269469,420897,1.000,2359
269470,420966,1.000,399
269471,420987,1.000,2446
269472,420941,1.000,2449
269473,420848,1.000,2359
269474,420963,1.000,2359
269474,420964,1.000,2359
269475,421005,1.000,2359
269476,420735,1.000,399
269477,420961,1.000,2359
269477,420962,1.000,2359
269478,420984,1.000,2387
269479,420843,1.000,399
269480,420852,1.000,2387
269481,420868,1.000,2377
269482,420912,1.000,2489
269483,420522,1.000,2359
269483,420523,1.000,2359
269484,419213,1.000,2457
269485,420335,1.000,2481
269486,419580,1.000,2457
269486,419581,1.000,405
269487,420637,1.000,2439
269488,420935,1.000,531
269488,420936,1.000,2467
269489,420610,1.000,308
269490,420592,1.000,2377
269491,420148,1.000,2449
269492,420960,1.000,2424
269493,418522,1.000,2449
269494,420862,1.000,2359
269494,420863,1.000,2359
269495,421000,1.000,2424
269496,420219,1.000,2359
269497,420440,1.000,2446
269498,419695,1.000,2457
269498,419696,1.000,405
269499,421263,1.000,2387
269500,420943,1.000,399
269501,420933,1.000,2356
269502,420602,1.000,308
269503,420528,1.000,2359
269504,420367,1.000,2424
269505,421167,1.000,2389
269506,420898,1.000,2424
269507,419441,1.000,2506
269508,420297,1.000,405
269508,420298,1.000,408
269508,420299,1.000,2460
269509,419341,1.000,2455
269510,421214,1.000,2352
269510,421215,1.000,2352
269511,421218,1.000,2352
269512,421208,1.000,2352
269512,421209,1.000,2352
269513,420952,1.000,2446
269514,421158,1.000,2352
269514,421159,1.000,2352
269515,420956,1.000,2449
269516,421114,1.000,2352
269517,419373,1.000,2458
269517,419374,1.000,405
269518,421294,1.000,2352
269519,419641,1.000,2457
269519,419642,1.000,405
269520,421003,1.000,2352
269520,421004,1.000,2352
269521,421107,1.000,2352
269521,421108,1.000,2352
269522,420891,1.000,2359
269523,420899,1.000,2449
269524,420870,1.000,2449
269525,421113,1.000,399
269526,419440,1.000,2450
269527,420924,1.000,2449
269528,420348,1.000,2495
269529,420711,1.000,308
269530,420965,1.000,2359
269531,421094,1.000,2409
269532,420921,1.000,531
269533,421118,1.000,399
269534,420991,1.000,2359
269535,421171,1.000,2352
269535,421172,1.000,2352
269536,420717,1.000,531
269537,421013,1.000,2360
269537,421014,1.000,2360
269538,421017,2.000,2359
269539,421025,1.000,2356
269539,421026,1.000,2356
269540,421027,1.000,2359
269541,421033,1.000,2359
269541,421034,1.000,2359
269542,421037,1.000,2359
269543,421045,1.000,2359
269543,421046,1.000,2359
269544,421047,1.000,2359
269544,421048,1.000,2359
269545,421053,1.000,2359
269545,421054,1.000,2359
269546,421057,1.000,2359
269546,421058,1.000,2359
269547,421062,1.000,2359
269548,421067,1.000,2359
269548,421068,1.000,2359
269549,421069,1.000,2359
269549,421070,1.000,2359
269550,421083,1.000,2359
269551,421088,1.000,2359
269552,421468,1.000,2352
269552,421469,1.000,2352
269553,421465,1.000,2352
269553,421466,1.000,2352
269554,421204,1.000,2352
269554,421205,1.000,2352
269555,421015,1.000,2359
269555,421016,1.000,2359
269556,421024,1.000,2359
269557,420613,1.000,2457
269557,420614,1.000,405
269558,421019,1.000,2359
269558,421020,1.000,2359
269559,421022,1.000,2359
269560,421249,1.000,2359
269560,421250,1.000,2359
269561,421050,1.000,2449
269562,421028,1.000,2359
269562,421029,1.000,2359
269563,421252,1.000,2359
269563,421253,1.000,2359
269564,421278,1.000,2446
269565,420485,1.000,2449
269566,421463,1.000,2359
269567,420577,1.000,2457
269567,420578,1.000,405
269568,421283,1.000,2359
269569,421279,1.000,2424
269570,421432,1.000,2356
269570,421433,1.000,2356
269571,421280,1.000,2450
269572,421246,1.000,2359
269573,420211,1.000,2428
269574,420972,1.000,308
269575,421220,1.000,2424
269576,421327,1.000,2352
269577,421306,1.000,2352
269577,421307,1.000,2352
269578,421539,1.000,2352
269579,421030,1.000,2377
269580,421487,1.000,2359
269581,421248,1.000,2428
269582,420469,1.000,2457
269582,420470,1.000,405
269583,421264,1.000,2424
269584,420421,1.000,2428
269584,420422,1.000,2430
269584,420423,1.000,486
269584,420424,1.000,490
269584,420425,1.000,491
269585,421542,2.000,660
269586,421544,1.000,2352
269586,421545,1.000,2352
269587,421547,1.000,490
269588,421558,1.000,2424
269589,421559,1.000,2424
269590,421115,1.000,2446
269591,420374,1.000,2458
269591,420375,1.000,405
269592,421103,1.000,2359
269592,421104,1.000,2359
269593,421311,1.000,2359
269593,421312,1.000,2359
269594,421505,1.000,2359
269595,421137,1.000,2359
269595,421138,1.000,2359
269596,421105,1.000,2359
269596,421106,1.000,2359
269597,421297,1.000,2446
269598,420239,1.000,2457
269598,420240,1.000,405
269599,421174,1.000,2446
269600,417221,1.000,2387
269601,421074,1.000,2449
269602,420391,1.000,2442
269602,420392,1.000,3120
269603,420443,1.000,2460
269603,420444,1.000,405
269604,420993,1.000,2460
269604,421503,1.000,405
269604,421504,1.000,408
269605,420355,1.000,2458
269605,420356,1.000,405
269606,421471,1.000,2424
269607,421274,1.000,2424
269608,420529,1.000,2458
269609,420249,1.000,2458
269609,420250,1.000,405
269610,421151,1.000,2488
269610,421152,1.000,2495
269611,421295,1.000,2424
269612,421457,1.000,2371
269613,420383,1.000,2457
269613,420384,1.000,405
269614,421303,1.000,2424
269615,420636,1.000,2555
269616,421150,1.000,2488
269617,421396,1.000,2359
269618,419928,1.000,2460
269618,419929,1.000,405
269618,419930,1.000,408
269619,420615,1.000,399
269620,420105,1.000,2461
269620,420106,1.000,405
269621,420257,1.000,2459
269621,420258,1.000,405
269621,420259,1.000,408
269622,420233,1.000,2359
269622,420234,1.000,2359
269623,419973,1.000,2457
269623,419974,1.000,405
269624,420070,1.000,2428
269625,421383,1.000,2359
269625,421384,1.000,2359
269626,420520,1.000,2458
269627,420301,1.000,2457
269627,420302,1.000,405
269628,420197,1.000,2460
269628,420198,1.000,405
269628,420199,1.000,408
269629,419995,1.000,2457
269629,419996,1.000,405
269630,421260,1.000,2454
269631,421160,1.000,2359
269631,421161,1.000,2359
269632,421258,1.000,2441
269632,421259,1.000,134
269633,420146,1.000,2458
269634,420009,1.000,2459
269634,420010,1.000,405
269634,420012,1.000,408
269635,420511,1.000,2457
269635,420512,1.000,405
269636,421148,1.000,2359
269637,421308,1.000,2416
269638,420708,1.000,2457
269638,420709,1.000,405
269639,420347,1.000,2457
269639,420349,1.000,405
269640,420803,1.000,2457
269640,420804,1.000,405
269641,420331,1.000,2416
269642,420526,1.000,2352
269643,421333,1.000,399
269644,421502,1.000,2942
269645,421124,1.000,399
269646,420806,1.000,2359
269647,420629,1.000,2457
269647,420630,1.000,405
269648,421181,1.000,2356
269649,421405,1.000,399
269650,421393,1.000,2352
269650,421394,1.000,646
269651,420969,1.000,2394
269652,420927,1.000,2617
269652,420928,1.000,405
269653,420706,1.000,2458
269653,420707,1.000,405
269654,420720,1.000,2359
269655,420724,1.000,2359
269655,420725,1.000,2359
269656,420731,1.000,2359
269657,420959,1.000,2458
269658,420671,1.000,2359
269659,420535,1.000,2428
269660,420831,1.000,2458
269661,420988,1.000,2359
269661,420989,1.000,2359
269662,421224,1.000,399
269663,421373,1.000,399
269664,421348,1.000,399
269665,420047,1.000,2430
269665,420079,1.000,2428
269666,421096,1.000,2359
269667,417225,1.000,399
269668,421512,1.000,2360
269668,421513,1.000,2360
269669,420973,1.000,399
269670,421357,1.000,2356
269670,421358,1.000,2356
269671,421493,2.000,2359
269672,421564,1.000,2359
269672,421565,1.000,2359
269673,421176,1.000,2359
269673,421177,1.000,2359
269674,421271,1.000,2359
269675,421301,1.000,2356
269676,420246,1.000,2458
269676,420247,1.000,405
269676,420248,1.000,2387
269677,420827,1.000,2368
269678,419987,1.000,2428
269679,420950,1.000,2861
269680,421501,1.000,2446
269681,421112,1.000,2359
269682,421179,1.000,2359
269683,420403,1.000,2461
269683,420404,1.000,405
269684,421182,1.000,2356
269685,421178,1.000,2359
269686,421102,1.000,2428
269687,420110,1.000,2460
269687,420111,1.000,405
269687,420112,1.000,408
269688,420883,1.000,2450
269689,420869,1.000,3946
269690,421702,1.000,408
269691,421560,1.000,3738
269692,421431,1.000,2352
269693,421390,1.000,2352
269693,421391,1.000,2352
269694,421364,1.000,2352
269694,421365,1.000,2352
269695,421427,1.000,2352
269695,421428,1.000,2352
269696,418676,1.000,2352
269697,421440,1.000,2390
269698,421378,1.000,2512
269699,420467,1.000,535
269700,421356,1.000,2352
269701,421485,1.000,2352
269701,421486,1.000,2352
269702,421442,1.000,2352
269703,421180,1.000,2359
269704,421426,1.000,2352
269705,420770,1.000,2446
269706,421255,1.000,2449
269707,420842,1.000,2446
269708,421275,1.000,2446
269709,421562,1.000,2359
269709,421563,1.000,2359
269710,421219,1.000,2387
269711,421210,1.000,2359
269711,421211,1.000,2359
269712,421202,1.000,2359
269712,421203,1.000,2359
269713,421201,1.000,2359
269714,421226,1.000,2359
269714,421227,1.000,2359
269715,421229,1.000,2356
269715,421230,1.000,2356
269716,421240,1.000,2359
269717,421256,1.000,2359
269717,421257,1.000,2359
269718,421286,1.000,2359
269719,421293,1.000,2359
269720,421615,1.000,2352
269721,421298,1.000,2359
269721,421299,1.000,2359
269722,421329,1.000,2359
269722,421330,1.000,2359
269723,421567,1.000,2387
269724,421331,1.000,2359
269724,421332,1.000,2359
269725,421434,1.000,2356
269725,421435,1.000,2356
269726,421436,1.000,2385
269726,421437,1.000,2359
269727,421703,1.000,2352
269728,421646,1.000,2352
269729,420739,1.000,2446
269730,421526,1.000,2359
269730,421527,1.000,2385
269731,421556,1.000,2359
269731,421557,1.000,2359
269732,420846,1.000,2449
269733,421292,1.000,2384
269734,420787,1.000,2449
269735,421789,1.000,2404
269735,421790,1.000,376
269736,420782,1.000,2449
269737,421328,1.000,2424
269738,421321,1.000,1343
269738,421322,1.000,2467
269767,420785,1.000,2449
269768,420762,1.000,2458
269768,420763,1.000,405
269769,421323,1.000,2390
269770,421296,1.000,2384
269771,421245,1.000,2384
269772,421528,1.000,2359
269773,420737,1.000,2446
269774,420776,1.000,2449
269775,421225,1.000,2446
269776,421596,1.000,2359
269777,421128,1.000,2385
269777,421129,1.000,2359
269778,421097,1.000,2359
269778,421098,1.000,2359
269779,421242,1.000,2387
269780,421829,1.000,2509
269781,421830,1.000,522
269782,421645,1.000,2352
269783,421641,1.000,2511
269784,421711,1.000,2512
269785,421496,1.000,2359
269785,421497,1.000,2359
269786,421499,1.000,2352
269787,421840,28.000,660
269788,421922,25.000,660
269789,421187,1.000,2359
269790,420510,1.000,2449
269791,421637,1.000,2359
269791,421638,1.000,2359
269792,421400,1.000,2359
269792,421401,1.000,2359
269793,421413,1.000,2424
269794,421309,1.000,2424
269795,421410,1.000,2359
269796,421677,1.000,2359
269796,421679,1.000,2359
269797,421462,1.000,2359
269798,421670,1.000,2359
269799,421352,1.000,2359
269800,421540,1.000,2359
269800,421541,1.000,2359
269801,421399,1.000,2359
269802,419742,1.000,2426
269802,419743,1.000,2433
269803,421162,1.000,2359
269803,421163,1.000,2359
269804,421419,1.000,2385
269804,421420,1.000,2359
269805,421549,1.000,2371
269806,421446,1.000,2359
269806,421447,1.000,2359
269807,421349,1.000,2359
269808,420686,1.000,2458
269808,420688,1.000,405
269809,421417,1.000,2359
269809,421418,1.000,2359
269810,420837,1.000,2449
269811,421441,1.000,2359
269812,421445,1.000,2359
269813,421228,1.000,2446
269814,421608,1.000,2359
269814,421609,1.000,2359
269815,422086,1.000,2457
269815,422087,1.000,405
269816,421117,1.000,2359
269817,421483,1.000,2371
269818,421343,1.000,2522
269819,421675,1.000,2359
269819,421676,1.000,2359
269820,421116,1.000,2449
269821,420704,1.000,2458
269821,420705,1.000,405
269822,420877,1.000,2442
269822,420878,1.000,3120
269822,420879,1.000,408
269823,420835,1.000,2457
269823,420836,1.000,405
269824,421566,1.000,2424
269825,421241,1.000,2446
269826,421127,1.000,2378
269827,421429,1.000,2359
269827,421430,1.000,2359
269828,421231,1.000,2467
269829,420981,1.000,2449
269830,421300,1.000,3284
269831,420954,1.000,2457
269832,421451,1.000,2424
269833,421193,1.000,399
269833,421194,1.000,2862
269834,421142,1.000,2458
269834,421143,1.000,405
269834,421144,2.000,748
269835,421551,1.000,2424
269836,420799,1.000,2457
269836,420800,1.000,405
269837,420020,1.000,2428
269838,421575,1.000,2481
269839,420631,1.000,2442
269839,420632,1.000,3120
269840,420420,1.000,2428
269841,421123,1.000,2457
269841,421125,1.000,405
269842,421533,1.000,2359
269843,421665,1.000,2424
269844,421510,1.000,2467
269845,421572,1.000,2359
269846,421095,1.000,308
269847,421071,1.000,2360
269847,421072,1.000,2360
269848,421350,1.000,2397
269849,420623,1.000,2457
269849,420624,1.000,405
269850,420672,1.000,2446
269851,421751,1.000,3194
269852,420997,1.000,2460
269852,420998,1.000,405
269852,420999,1.000,408
269853,420408,1.000,2428
269854,421164,1.000,2387
269855,421338,1.000,2359
269855,421339,1.000,2359
269856,421101,1.000,2387
269857,421395,1.000,2390
269858,421536,1.000,2359
269858,421537,1.000,2359
269859,421731,1.000,2359
269859,421732,1.000,2359
269860,420978,1.000,2460
269860,420979,1.000,405
269860,420980,1.000,408
269861,420849,1.000,2460
269861,420850,1.000,405
269861,420851,1.000,408
269862,421415,1.000,2359
269862,421416,1.000,2359
269863,421478,1.000,2387
269863,421479,1.000,2467
269864,420841,1.000,2385
269865,421409,1.000,2363
269866,421724,1.000,2356
269866,421725,1.000,2356
269867,421407,1.000,2359
269868,421198,1.000,2460
269868,421199,1.000,405
269868,421200,1.000,408
269869,421166,1.000,2387
269870,421360,1.000,2356
269870,421361,1.000,2356
269871,420982,1.000,2617
269871,420983,1.000,405
269872,421443,1.000,2356
269873,421700,1.000,2352
269873,421701,1.000,2352
269874,421698,1.000,2352
269875,421720,1.000,2352
269876,421923,1.000,2352
269876,421924,1.000,2352
269877,421121,1.000,2458
269877,421122,1.000,405
269878,421671,1.000,2352
269878,421672,1.000,2352
269879,421728,1.000,2352
269879,421729,1.000,2352
269880,421708,1.000,2352
269881,421667,1.000,2352
269882,420958,1.000,2445
269883,421392,1.000,2424
269884,422149,1.000,2552
269885,420116,1.000,2428
269885,420117,2.000,2430
269886,420094,1.000,2428
269886,420095,2.000,2430
269887,421346,1.000,2356
269887,421347,1.000,2356
269888,421524,1.000,2458
269888,421525,1.000,405
269889,421353,1.000,2359
269890,421535,1.000,2359
269891,420626,1.000,2460
269891,420627,1.000,405
269891,420628,1.000,408
269892,421287,1.000,627
269892,421507,1.000,2776
269892,421508,1.000,748
269893,421464,1.000,2359
269894,421640,1.000,2359
269895,421543,1.000,2387
269896,421342,1.000,3475
269897,421354,1.000,2359
269897,421355,1.000,2359
269898,421862,1.000,2359
269899,421573,1.000,2359
269900,421778,1.000,2359
269900,421779,1.000,2359
269901,421272,1.000,2401
269902,421367,1.000,2359
269903,421776,1.000,2449
269904,421402,1.000,3194
269905,421404,1.000,2359
269906,421765,2.000,2359
269907,422174,1.000,1129
269908,422179,1.000,2569
269909,421552,1.000,2359
269909,421553,1.000,2359
269910,421574,1.000,2356
269911,421576,1.000,2359
269911,421577,1.000,2359
269912,421582,1.000,2359
269912,421583,1.000,2359
269913,421585,1.000,2359
269913,421586,1.000,2359
269914,421587,1.000,2356
269914,421588,1.000,2356
269915,421606,1.000,2359
269915,421607,1.000,2359
269916,421625,1.000,2359
269916,421626,1.000,2359
269917,421633,1.000,2424
269918,421927,1.000,2359
269918,421928,1.000,2359
269919,415749,1.000,2449
269920,421655,1.000,2359
269920,421656,1.000,2359
269921,421610,1.000,2424
269922,420486,1.000,2449
269923,421658,1.000,2359
269924,421613,1.000,2359
269925,421031,1.000,2446
269926,421651,1.000,2359
269926,421652,1.000,2359
269927,421087,1.000,2488
269928,421627,1.000,2447
269929,421612,1.000,2356
269931,421040,1.000,2416
269932,421628,1.000,2446
269933,421548,1.000,399
269934,421653,1.000,2359
269934,421654,1.000,2359
269935,421614,1.000,2359
269936,417594,1.000,2446
269937,421995,1.000,2359
269937,421996,1.000,2359
269938,421632,1.000,2424
269939,421085,1.000,308
269940,421012,1.000,2446
269941,421636,1.000,399
269942,421733,1.000,2356
269943,415762,1.000,2449
269944,421629,1.000,2446
269945,415748,1.000,2449
269946,421051,1.000,2457
269946,421052,1.000,405
269947,421086,1.000,2467
269948,421616,1.000,2359
269949,420597,1.000,2495
269950,421997,1.000,2359
269951,421066,1.000,2449
269952,421084,1.000,2449
269953,418266,1.000,2449
269954,421089,1.000,2458
269954,421090,1.000,405
269955,421165,1.000,2449
269956,422066,1.000,2359
269956,422067,1.000,2359
269957,420553,1.000,2428
269958,422038,1.000,2352
269958,422039,1.000,2352
269959,422049,1.000,2352
269960,421993,1.000,2352
269961,422219,1.000,2512
269962,422034,1.000,2352
269962,422035,1.000,2352
269963,422005,1.000,2352
269963,422006,1.000,2352
269964,421018,1.000,2506
269965,422168,1.000,2352
269966,422077,1.000,2352
269966,422078,1.000,2352
269967,422229,1.000,2352
269967,422230,1.000,2352
269968,422085,1.000,2352
269969,422221,1.000,2359
269970,422059,1.000,2424
269971,422055,1.000,2424
269972,421532,1.000,2450
269973,421589,1.000,2390
269974,421276,1.000,2521
269974,421277,1.000,2521
269975,421591,1.000,2390
269976,421917,1.000,2861
269977,422330,1.000,2352
269977,422331,1.000,2352
269978,422332,1.000,531
269979,422040,1.000,2424
269980,421603,1.000,2424
269981,421546,1.000,2425
269982,421686,1.000,2359
269982,421687,1.000,2359
269983,421681,1.000,2359
269983,421682,1.000,2359
269984,421477,1.000,2359
269985,420695,1.000,2459
269985,420696,1.000,405
269985,420697,1.000,408
269986,421668,1.000,2363
269987,421863,1.000,2363
269988,420974,1.000,2457
269988,420975,1.000,405
269989,420838,1.000,2467
269990,421678,1.000,2356
269990,421680,1.000,2356
269991,422151,1.000,2359
269991,422152,1.000,2359
269992,421683,1.000,2359
269992,421684,1.000,2359
269993,420203,1.000,2426
269994,421777,1.000,2359
269995,421858,1.000,2356
269995,421859,1.000,2356
269996,421195,1.000,3576
269997,421406,1.000,2467
269998,422255,1.000,2452
269999,421712,1.000,2359
269999,421713,1.000,2359
270000,420534,1.000,2426
270001,420407,1.000,2447
270002,421838,1.000,2352
270002,421839,1.000,2352
270003,422138,1.000,2352
270003,422139,1.000,2352
270004,421769,1.000,2352
270004,421770,1.000,2352
270005,422119,1.000,2352
270006,422198,1.000,2352
270006,422199,1.000,2352
270007,422182,1.000,2352
270007,422183,1.000,2352
270008,422291,1.000,2352
270008,422292,1.000,2352
270009,422340,1.000,2352
270009,422341,1.000,2352
270010,421994,1.000,2352
270011,422304,1.000,2512
270012,422483,1.000,522
270013,421926,1.000,3738
270014,422217,1.000,2352
270014,422218,1.000,2352
270015,422027,1.000,2354
270016,422345,1.000,2352
270016,422346,1.000,2352
270017,422042,1.000,2354
270018,422339,1.000,2352
270019,422337,1.000,2352
270020,421473,1.000,2352
270021,421515,1.000,2352
270021,421516,1.000,2352
270022,421705,1.000,2446
270023,421669,1.000,2424
270024,421709,1.000,2424
270025,422499,1.000,2509
270026,421735,1.000,2424
270027,420452,1.000,2428
270028,421706,1.000,2424
270029,420967,1.000,2383
270029,420968,1.000,408
270030,420944,1.000,2383
270030,420945,1.000,408
270031,422238,1.000,399
270032,421750,1.000,2426
270033,421910,1.000,2446
270034,420340,1.000,2428
270034,420341,1.000,2430
270035,422506,1.000,3876
270036,422504,1.000,408
270037,420970,1.000,2457
270037,420971,1.000,405
270038,420532,1.000,2426
270039,420439,1.000,2428
270040,422041,1.000,2424
270041,421774,1.000,2447
270042,421911,1.000,2460
270042,421912,1.000,405
270042,421913,1.000,408
270043,421929,1.000,2446
270044,421842,1.000,2449
270045,421519,1.000,2446
270046,421634,1.000,2359
270046,421635,1.000,2359
270047,421604,1.000,2425
270048,420524,1.000,2428
270049,421611,1.000,2390
270050,421522,1.000,2359
270050,421523,1.000,2359
270051,421736,1.000,2457
270051,421737,1.000,405
270052,422136,1.000,2359
270052,422137,1.000,2359
270053,421873,1.000,2387
270054,421484,1.000,2356
270055,421755,1.000,2460
270055,421756,1.000,405
270055,421757,1.000,408
270056,422514,1.000,3737
270057,421744,1.000,2457
270057,421745,1.000,405
270058,421828,1.000,2359
270059,421738,1.000,2457
270059,421739,1.000,405
270060,422064,1.000,2360
270060,422065,1.000,2360
270061,420976,1.000,2457
270061,420977,1.000,787
270062,421438,1.000,308
270063,421746,1.000,2449
270064,421439,1.000,308
270065,421666,1.000,308
270066,421998,1.000,2398
270067,420119,1.000,2428
270067,420120,2.000,2430
270068,421866,1.000,2359
270069,420691,1.000,2457
270069,420692,1.000,787
270070,422212,1.000,2359
270070,422213,1.000,2359
270071,421592,1.000,2387
270072,421488,1.000,2356
270073,422166,1.000,2359
270073,422167,1.000,2359
270074,422234,1.000,2359
270074,422235,1.000,2359
270075,421788,1.000,2424
270076,421761,1.000,399
270077,421741,1.000,399
270078,422157,1.000,2359
270078,422158,1.000,2359
270079,421753,1.000,399
270080,421617,1.000,2359
270080,421621,1.000,134
270081,421422,1.000,2356
270081,421423,1.000,2356
270081,421424,1.000,134
270082,421639,1.000,2390
270083,420937,1.000,2383
270083,420938,1.000,408
270084,421491,1.000,2356
270085,422428,1.000,2359
270086,420876,1.000,2441
270086,421191,3.000,134
270087,421663,1.000,2441
270087,421664,4.000,134
270088,421554,1.000,2426
270088,421555,1.000,2433
270089,422521,1.000,2360
270090,422531,1.000,2569
270091,422443,2.000,2495
270092,422350,1.000,2352
270093,422277,1.000,2352
270094,422007,1.000,2352
270095,422563,1.000,2359
270096,422399,1.000,2512
270097,422015,1.000,2359
270097,422016,1.000,2359
270098,421196,1.000,2416
270099,422013,1.000,2359
270099,422014,1.000,2359
270100,422083,1.000,2359
270100,422084,1.000,2359
270101,422044,1.000,2359
270101,422045,1.000,2359
270102,420541,1.000,2428
270103,422279,1.000,2359
270103,422280,1.000,2359
270104,422075,1.000,2359
270104,422076,1.000,2359
270105,422036,1.000,2359
270105,422037,1.000,2359
270106,422140,1.000,2446
270107,422571,1.000,2359
270108,422031,1.000,2359
270108,422032,1.000,2359
270109,422145,1.000,2446
270110,422141,1.000,2446
270111,422002,1.000,2449
270112,422241,1.000,2424
270113,422312,1.000,2359
270113,422313,1.000,2359
270114,422021,1.000,399
270115,421831,1.000,2387
270116,421766,1.000,2359
270117,422050,1.000,2356
270118,415746,1.000,2446
270119,422022,1.000,2356
270119,422023,1.000,2356
270120,421302,1.000,2449
270121,421594,1.000,308
270122,422240,1.000,2352
270123,421791,1.000,2390
270123,421792,1.000,2424
270124,421783,1.000,2390
270125,421786,1.000,2457
270125,421787,1.000,405
270126,422589,1.000,2457
270126,422590,1.000,405
270127,422626,1.000,2357
270127,422627,1.000,2357
270128,422079,1.000,2387
270128,422080,1.000,2387
270129,422068,1.000,531
270129,422069,1.000,2387
270130,422029,1.000,2368
270130,422030,1.000,748
270131,422024,1.000,399
270132,421247,1.000,2428
270133,422271,1.000,2390
270134,422652,1.000,2352
270134,422653,1.000,2352
270135,422060,1.000,2354
270135,422061,3.000,134
270135,422062,1.000,2352
270135,422063,1.000,134
270136,422142,1.000,2449
270137,421793,1.000,2441
270137,421794,4.000,134
270138,422146,1.000,2449
270139,422656,10.000,660
270140,422659,10.000,660
270140,422660,1.000,3408
270141,422664,4.000,660
270142,422696,20.000,2951
270143,422033,1.000,399
270144,422161,1.000,2359
270144,422162,1.000,2359
270145,421267,1.000,2416
270146,422094,1.000,2359
270146,422095,1.000,2359
270147,422107,1.000,2359
270148,422090,1.000,2359
270149,420448,1.000,2428
270150,421822,1.000,2359
270150,421823,1.000,2359
270151,421630,1.000,308
270152,422108,1.000,2359
270152,422109,1.000,2359
270153,422207,1.000,2424
270154,421849,1.000,2359
270155,421685,1.000,399
270156,420926,1.000,2426
270157,421153,1.000,2458
270157,421154,1.000,405
270157,421155,1.000,748
270158,422111,1.000,2359
270159,422209,1.000,2359
270159,422210,1.000,2359
270160,421149,1.000,308
270161,422091,1.000,2387
270161,422092,1.000,2359
270162,421707,1.000,308
270163,421078,1.000,308
270164,422382,1.000,2359
270165,421093,1.000,308
270166,421444,2.000,2439
270167,421872,1.000,2449
270168,421767,1.000,2409
270169,422376,1.000,2359
270170,421857,1.000,2424
270171,422384,1.000,2359
270172,422244,1.000,2359
270173,422114,1.000,2356
270174,422127,1.000,2359
270174,422128,1.000,2359
270175,422489,1.000,2424
270176,421192,1.000,2449
270177,421156,1.000,2457
270177,421157,1.000,405
270178,421173,1.000,2996
270179,422025,1.000,2387
270180,422150,1.000,2359
270181,421273,1.000,2416
270182,422344,1.000,2552
270183,422569,1.000,2398
270184,421833,1.000,2359
270184,421834,1.000,2359
270185,422115,1.000,2356
270185,422116,1.000,2356
270186,422051,1.000,2457
270186,422052,1.000,405
270186,422053,1.000,2457
270186,422054,1.000,787
270187,421081,1.000,3407
270187,421082,1.000,408
270188,421251,1.000,2446
270189,420726,1.000,2428
270189,420727,1.000,2430
270190,422175,1.000,2424
270191,421130,1.000,2457
270191,421131,1.000,405
270192,422410,1.000,2359
270193,422169,1.000,2359
270193,422170,1.000,2359
270194,422156,1.000,2440
270195,421146,1.000,2457
270195,421147,1.000,787
270196,421855,1.000,399
270196,421856,1.000,2862
270197,421458,1.000,2428
270197,421459,1.000,2432
270198,422102,1.000,2360
270198,422103,1.000,2360
270199,422122,1.000,2359
270199,422123,1.000,2359
270200,420871,1.000,2428
270200,420872,1.000,2430
270201,421268,1.000,2481
270201,421269,1.000,2467
270202,421232,1.000,2457
270202,421233,1.000,405
270202,421234,1.000,2457
270202,421235,1.000,787
270203,421168,1.000,2457
270203,421169,1.000,405
270204,422329,1.000,2377
270205,421119,1.000,2457
270205,421120,1.000,787
270206,421136,1.000,2449
270207,422117,1.000,2356
270207,422118,1.000,2356
270208,422113,1.000,2360
270209,422405,1.000,2359
270209,422406,1.000,2359
270210,422273,1.000,2359
270210,422274,1.000,2359
270211,421748,1.000,2446
270212,422097,1.000,2359
270212,422098,1.000,2359
270213,422135,1.000,2359
270214,422196,1.000,2359
270215,421925,1.000,3194
270216,421340,2.000,308
270217,422528,1.000,2352
270218,422432,1.000,2352
270218,422433,1.000,2352
270219,422445,1.000,2352
270219,422456,1.000,2352
270220,422184,1.000,2428
270221,422420,1.000,2352
270221,422421,1.000,2352
270222,422577,1.000,2352
270222,422578,1.000,2352
270223,422419,1.000,2352
270224,422485,1.000,2513
270225,422484,1.000,2352
270226,422640,1.000,2352
270227,422619,1.000,2352
270228,422454,2.000,2352
270229,422666,1.000,2512
270229,422667,2.000,2512
270230,422557,1.000,2512
270231,422423,1.000,2352
270231,422424,1.000,2352
270232,421132,1.000,2457
270232,421133,1.000,405
270233,421139,1.000,2458
270233,421140,1.000,405
270233,421141,1.000,748
270234,421846,1.000,2387
270235,421243,1.000,2442
270235,421244,1.000,3120
270236,422057,1.000,2446
270237,420579,1.000,2428
270237,420580,2.000,2430
270238,422446,1.000,2395
270239,422262,1.000,2395
270240,422327,1.000,3945
270241,422474,1.000,2356
270241,422475,1.000,2359
270242,422143,1.000,2359
270242,422144,1.000,2359
270243,422026,1.000,2550
270244,421775,1.000,2387
270245,422147,1.000,2359
270246,422380,1.000,2424
270247,421100,1.000,2481
270248,422105,1.000,2359
270249,421345,1.000,308
270250,422300,1.000,2395
270251,422342,1.000,2398
270252,421602,1.000,2449
270253,422214,1.000,2446
270253,422215,1.000,2359
270254,421721,1.000,399
270254,421722,1.000,2862
270255,422361,1.000,2457
270255,422362,1.000,405
270256,421595,1.000,2446
270257,422434,1.000,2387
270258,422515,1.000,2398
270259,421867,1.000,2428
270259,421868,1.000,2430
270260,422129,1.000,2356
270260,422130,1.000,2356
270261,421561,1.000,2449
270262,421385,1.000,2449
270262,421386,2.000,2495
270263,422829,1.000,2352
270264,422827,1.000,2352
270264,422828,1.000,2352
270265,422825,1.000,2352
270265,422826,1.000,2352
270266,421145,1.000,2446
270267,421170,1.000,2447
270268,421492,1.000,308
270269,422575,1.000,308
270270,422153,1.000,308
270271,421762,1.000,2356
270272,421624,1.000,2377
270273,421914,1.000,308
270274,422618,1.000,2359
270275,421222,1.000,2457
270275,421223,1.000,405
270276,422272,1.000,2359
270277,422306,1.000,2356
270277,422307,1.000,2356
270278,422495,1.000,2359
270278,422496,1.000,2359
270279,422494,1.000,2359
270280,422688,1.000,2356
270281,422267,1.000,2359
270282,422297,1.000,2359
270282,422298,1.000,2359
270283,422363,1.000,2359
270283,422364,1.000,2359
270284,422685,1.000,2359
270284,422686,1.000,2359
270285,422568,1.000,308
270286,422572,1.000,308
270287,421284,1.000,2416
270288,422225,1.000,2359
270288,422226,1.000,2359
270289,422587,1.000,2359
270289,422588,1.000,2359
270290,422260,1.000,2359
270290,422261,1.000,2359
270291,422258,1.000,2359
270291,422259,1.000,2359
270292,422431,1.000,2356
270293,422265,1.000,2359
270294,422056,1.000,2428
270295,422632,1.000,2356
270295,422633,1.000,2356
270296,422834,1.000,2359
270296,422835,1.000,2359
270297,418276,1.000,2449
270298,422912,1.000,2621
270299,422070,1.000,2449
270300,418277,1.000,2446
270301,422289,1.000,2359
270301,422290,1.000,2359
270302,418285,1.000,2446
270303,422726,1.000,2424
270304,422247,1.000,2359
270304,422248,1.000,2359
270305,421261,1.000,2416
270306,422843,1.000,2352
270306,422844,1.000,2352
270307,422847,1.000,2352
270307,422848,1.000,2352
270308,422697,1.000,2359
270309,418262,1.000,2449
270310,422809,1.000,2352
270310,422810,1.000,2359
270311,422232,1.000,2359
270311,422233,1.000,2359
270312,418272,1.000,2449
270313,421334,1.000,2460
270313,421335,1.000,405
270313,421336,1.000,408
270314,422858,1.000,2359
270315,422159,1.000,2428
270315,422160,1.000,2430
270316,422497,1.000,2359
270317,422453,1.000,2377
270318,422276,1.000,2359
270319,422315,1.000,2359
270320,422227,1.000,2356
270320,422228,1.000,2356
270321,422623,1.000,2359
270321,422624,1.000,2359
270322,422650,1.000,2356
270322,422651,1.000,2356
270323,422354,1.000,2359
270323,422355,1.000,2359
270324,421825,1.000,2460
270324,421826,1.000,405
270324,421827,1.000,408
270325,421631,1.000,2552
270326,422505,1.000,2368
270327,418258,1.000,2449
270328,421288,1.000,2460
270328,421289,1.000,405
270328,421290,1.000,408
270329,422243,1.000,2356
270330,418269,1.000,2449
270331,421313,1.000,2481
270332,422370,1.000,2359
270332,422371,1.000,2359
270333,418257,1.000,2449
270334,418281,1.000,2449
270335,422845,1.000,2352
270335,422846,1.000,2352
270336,422839,1.000,2352
270337,422739,1.000,2352
270338,422634,1.000,2352
270339,422879,1.000,2352
270339,422880,1.000,2352
270340,422924,1.000,2352
270340,422925,1.000,2352
270341,422840,1.000,2352
270341,422841,1.000,2352
270342,422832,1.000,2352
270343,422838,1.000,2352
270344,422831,1.000,2352
270345,422796,1.000,2352
270346,422876,1.000,2352
270346,422877,1.000,2352
270347,422429,1.000,2359
270347,422430,1.000,2359
270348,421362,1.000,2449
270349,422425,1.000,2359
270349,422426,1.000,2359
270350,420992,1.000,2428
270351,422101,1.000,399
270352,422438,1.000,2359
270352,422439,1.000,2359
270353,422720,1.000,2359
270353,422721,1.000,2359
270354,422478,1.000,2387
270355,422910,1.000,2359
270355,422911,1.000,2359
270356,422488,1.000,2385
270357,422308,1.000,2356
270357,422309,1.000,134
270357,422310,1.000,2359
270358,422299,1.000,2395
270359,422992,1.000,2371
270360,421344,1.000,2449
270361,421368,1.000,2449
270362,422187,1.000,2359
270363,422185,1.000,2359
270363,422186,1.000,2359
270364,422099,1.000,2359
270364,422100,1.000,2359
270365,422451,1.000,2356
270365,422452,1.000,2359
270366,422216,1.000,2356
270367,422211,1.000,2359
270368,421450,1.000,2449
270369,422392,1.000,2428
270370,421359,1.000,2428
270371,421341,1.000,2449
270372,421376,1.000,2446
270373,422028,1.000,399
270374,421782,1.000,2359
270375,421452,1.000,2449
270376,422442,1.000,2359
270377,422403,1.000,2359
270377,422404,1.000,2359
270378,422668,1.000,2424
270379,422251,1.000,2359
270380,422320,1.000,2359
270380,422321,1.000,2359
270381,422771,1.000,2361
270382,421351,1.000,308
270383,422935,1.000,2352
270383,422936,1.000,2352
270384,422457,1.000,2446
270385,422690,1.000,2352
270386,422867,1.000,2352
270387,422695,1.000,2352
270388,422916,1.000,2352
270388,422917,1.000,2352
270389,422662,1.000,2512
270390,422902,1.000,2352
270390,422903,1.000,2352
270391,421850,1.000,2356
270391,421851,1.000,2356
270391,421852,1.000,134
270392,422124,1.000,2356
270392,422125,1.000,2356
270393,422197,1.000,535
270394,422301,1.000,2359
270394,422302,1.000,2359
270395,421759,1.000,2359
270396,421860,1.000,2359
270396,421861,1.000,2359
270397,422709,1.000,2424
270398,421379,1.000,2460
270398,421380,1.000,405
270398,421381,1.000,408
270399,422895,1.000,2458
270399,422896,1.000,405
270400,422476,1.000,2359
270401,422510,1.000,525
270402,421498,1.000,308
270403,421481,1.000,2446
270404,421449,1.000,2449
270405,422463,1.000,2359
270406,421476,1.000,308
270407,422104,1.000,2359
270408,421764,1.000,2387
270409,421482,1.000,2446
270410,422537,1.000,2363
270411,422372,1.000,2359
270412,422516,1.000,2428
270413,422707,1.000,2359
270413,422708,1.000,2359
270414,422599,1.000,2368
270415,422316,1.000,2457
270415,422317,1.000,405
270415,422318,1.000,2457
270415,422319,1.000,787
270416,421374,1.000,2457
270416,421375,1.000,405
270417,422465,1.000,2359
270418,421531,1.000,2428
270418,422539,1.000,2430
270419,422134,1.000,2446
270420,421853,1.000,2457
270420,421854,1.000,787
270421,422703,1.000,2446
270422,422132,1.000,2449
270423,421919,1.000,2446
270424,421494,1.000,2457
270424,421495,1.000,405
270425,422375,1.000,399
270426,422385,1.000,2446
270427,421730,2.000,308
270428,421780,1.000,3693
270428,421781,1.000,408
270429,421916,1.000,2440
270430,421425,1.000,308
270431,421500,1.000,2488
270432,423016,1.000,2359
270433,422378,1.000,2359
270433,422379,1.000,2359
270434,422583,1.000,2512
270434,422584,1.000,2512
270435,422741,1.000,2352
270436,422761,1.000,2942
270437,422562,1.000,2387
270438,422748,1.000,2471
270439,422607,1.000,2387
270440,422517,1.000,2387
270440,422518,1.000,2387
270441,422407,1.000,2394
270442,422395,1.000,2387
270443,422565,1.000,2387
270444,422892,1.000,2390
270445,422393,1.000,2359
270445,422394,1.000,2359
270446,422408,1.000,2457
270446,422409,1.000,405
270447,422348,1.000,2359
270447,422349,1.000,2359
270448,422509,1.000,2373
270449,422723,1.000,399
270450,421921,1.000,2416
270451,421282,1.000,2416
270452,422682,1.000,2359
270452,422683,1.000,2352
270453,422868,1.000,2512
270454,421455,1.000,2460
270455,421480,1.000,2416
270456,423017,1.000,1129
270457,422447,1.000,2359
270458,422718,1.000,2359
270458,422719,1.000,2359
270459,422671,1.000,2377
270460,421578,1.000,2389
270461,422576,1.000,2449
270462,422629,1.000,2446
270463,422224,1.000,2446
270464,422672,1.000,2359
270464,422673,1.000,2359
270465,422507,1.000,2449
270466,422665,1.000,2359
270467,422579,1.000,2488
270468,422126,1.000,2449
270469,422343,1.000,2449
270470,422010,1.000,2449
270471,422333,1.000,2446
270472,422564,1.000,2550
270473,422093,1.000,2449
270474,421590,1.000,2446
270475,421605,1.000,2449
270476,422638,1.000,2446
270477,422347,1.000,2449
270478,421648,1.000,2446
270479,422246,1.000,2446
270480,421550,1.000,2449
270481,422468,1.000,2449
270482,422786,1.000,2449
270483,422487,1.000,2447
270484,422710,1.000,2446
270485,422206,1.000,2446
270486,422812,1.000,2446
270487,422112,1.000,2446
270488,421920,1.000,2446
270489,422492,1.000,2488
270489,422493,1.000,2467
270490,422058,1.000,2469
270491,422479,1.000,2446
270492,422814,1.000,2446
270493,422503,1.000,2446
270494,422469,1.000,2449
270495,422743,1.000,2449
270496,422386,1.000,2446
270497,422257,1.000,2446
270498,422699,1.000,2446
270499,421688,1.000,2446
270500,421704,1.000,2449
270501,422670,1.000,2424
270502,422851,1.000,2359
270503,422663,1.000,2359
270504,422581,1.000,2356
270504,422582,1.000,2356
270505,422012,1.000,2378
270506,422591,1.000,2359
270506,422592,1.000,2359
270507,422602,1.000,2359
270507,422603,1.000,2359
270508,422833,1.000,2356
270509,422677,1.000,2359
270509,422678,1.000,2359
270510,422643,1.000,2356
270510,422644,1.000,2356
270511,422628,1.000,2359
270512,422522,1.000,2446
270513,421593,1.000,2446
270514,422573,1.000,2356
270514,422574,1.000,2356
270515,423048,1.000,2352
270516,422955,1.000,2352
270517,422957,1.000,2352
270518,422566,1.000,2352
270518,422567,1.000,2352
270519,423024,1.000,2352
270520,422907,1.000,2512
270521,423051,1.000,2352
270521,423052,1.000,2352
270522,423119,1.000,2459
270522,423120,1.000,405
270522,423121,1.000,408
270523,422899,1.000,2356
270523,422900,1.000,2356
270524,422356,1.000,2450
270524,422357,1.000,2488
270525,422552,1.000,2359
270525,422553,1.000,2359
270526,421657,1.000,2481
270527,422836,1.000,2359
270527,422837,1.000,2359
270528,422967,1.000,2352
270528,422968,1.000,2352
270528,422969,2.000,134
270529,422171,1.000,2488
270529,422172,1.000,2467
270530,422901,1.000,2363
270531,423032,1.000,3946
270532,422163,1.000,2460
270532,422164,1.000,405
270532,422165,1.000,408
270533,422529,1.000,2359
270534,422604,1.000,2385
270535,422533,1.000,2359
270535,422534,1.000,2359
270536,421579,1.000,2441
270537,422698,1.000,2359
270538,422540,1.000,2359
270539,422881,1.000,2359
270539,422882,1.000,2359
270540,422311,1.000,2450
270541,422547,1.000,2359
270542,423068,1.000,2359
270543,422081,1.000,2458
270543,422082,1.000,405
270544,422523,1.000,2449
270545,422875,1.000,2449
270546,422295,1.000,2424
270546,422296,1.000,2387
270547,422283,1.000,2449
270548,423001,1.000,3284
270549,422019,1.000,2424
270549,422020,1.000,2449
270550,422532,1.000,399
270551,422074,1.000,2481
270552,422852,1.000,2397
270553,422597,1.000,2389
270553,422598,1.000,2387
270554,422959,1.000,2352
270554,422960,1.000,2352
270555,422559,1.000,2359
270556,423150,1.000,915
270557,423164,40.000,660
270558,423165,28.000,660
270559,422913,1.000,2471
270559,422914,1.000,684
270560,422088,1.000,2488
270561,422714,1.000,2449
270562,422154,1.000,2449
270563,422704,1.000,2446
270564,422422,1.000,2446
270565,421877,1.000,2446
270566,421727,1.000,2449
270567,422192,1.000,2488
270567,422193,1.000,2467
270568,421848,1.000,2449
270569,422189,1.000,2471
270569,422190,1.000,2467
270570,422089,1.000,2488
270571,422305,1.000,2446
270572,422630,1.000,2490
270573,421291,1.000,2488
270574,422692,1.000,2488
270575,422764,1.000,2488
270576,421876,1.000,2446
270577,422745,1.000,2359
270577,422746,1.000,2359
270578,422096,1.000,2446
270579,422760,1.000,2449
270580,422427,1.000,2446
270581,421999,1.000,2449
270583,423036,1.000,2424
270584,421580,1.000,2424
270584,421581,1.000,2446
270585,422783,1.000,2449
270586,421398,1.000,2416
270587,422365,1.000,2450
270588,421837,1.000,2449
270589,422729,1.000,2449
270590,422722,1.000,2449
270591,421454,1.000,2428
270592,422328,1.000,2449
270593,422208,1.000,2449
270594,421847,1.000,2450
270595,422763,1.000,2449
270596,422606,1.000,2449
270597,422758,1.000,2488
270597,422759,1.000,2467
270598,422762,1.000,2359
270599,422003,1.000,2457
270599,422004,1.000,405
270600,422749,1.000,2359
270600,422750,1.000,2359
270601,422441,1.000,2378
270602,422860,1.000,2359
270603,422585,1.000,2449
270604,420729,1.000,2428
270605,422335,1.000,134
270606,421749,1.000,308
270607,422131,1.000,308
270608,423061,1.000,2359
270608,423062,1.000,2359
270609,422897,1.000,2441
270609,422898,3.000,134
270610,422466,1.000,2458
270610,422467,1.000,405
270611,422203,2.000,308
270612,422648,1.000,2359
270612,422649,1.000,2359
270613,423047,1.000,308
270614,422202,1.000,2439
270615,421747,1.000,308
270616,422777,1.000,2387
270617,423135,1.000,1098
270618,422700,1.000,2387
270619,422793,1.000,2390
270620,422782,1.000,2387
270621,422886,1.000,2387
270622,422639,1.000,2359
270623,421622,1.000,2467
270623,421623,4.000,134
270624,423053,1.000,2359
270624,423054,1.000,2359
270625,421506,1.000,2488
270626,422636,1.000,2363
270626,422637,1.000,2359
270627,423275,1.000,2861
270628,422252,1.000,2460
270628,422253,1.000,405
270629,421520,1.000,2442
270629,421521,1.000,3120
270630,423058,1.000,2495
270630,423059,1.000,684
270631,422778,1.000,2356
270632,423276,5.000,3637
270633,422803,1.000,2458
270633,422804,1.000,405
270634,423194,1.000,2457
270634,423195,1.000,405
270635,422621,1.000,2356
270636,422888,1.000,531
270637,423099,1.000,2395
270638,423093,1.000,308
270639,422755,1.000,2359
270640,421726,2.000,308
270641,423090,1.000,2446
270642,421771,1.000,2458
270642,421772,1.000,405
270643,422245,1.000,308
270644,422541,1.000,308
270645,421841,1.000,308
270646,422635,1.000,2356
270647,422176,1.000,2356
270648,421453,1.000,2428
270649,422133,1.000,308
270650,422200,1.000,308
270650,422201,1.000,2439
270651,422513,1.000,2467
270652,422773,1.000,2363
270653,421758,1.000,308
270654,422556,1.000,399
270655,422757,1.000,399
270656,422278,1.000,2383
270656,422285,1.000,408
270657,422657,1.000,2356
270657,422658,1.000,2356
270658,422654,1.000,2356
270658,422655,1.000,2356
270659,422769,1.000,2359
270659,422770,1.000,2359
270660,422787,1.000,2359
270661,422756,1.000,2356
270662,421715,1.000,2460
270662,421716,1.000,405
270662,421717,1.000,408
270663,422647,1.000,2425
270664,423097,1.000,2363
270664,423098,1.000,2359
270665,422798,1.000,2356
270666,422887,1.000,2387
270667,422303,1.000,2452
270668,422689,1.000,2359
270669,421370,1.000,2457
270669,421371,1.000,787
270670,421568,1.000,2412
270670,421569,1.000,486
270670,421570,1.000,490
270670,421571,1.000,491
270671,422611,1.000,2359
270672,422807,1.000,2359
270673,422998,1.000,2425
270674,422765,1.000,2359
270674,422766,1.000,2359
270675,421768,1.000,3407
270676,422737,1.000,2368
270677,422727,1.000,2359
270677,422728,1.000,2359
270678,422820,1.000,2359
270679,422885,1.000,2390
270680,422358,1.000,2471
270681,422155,1.000,2440
270682,422413,1.000,3631
270682,422414,1.000,408
270683,423074,1.000,2352
270683,423075,1.000,2352
270684,422922,1.000,2352
270684,422923,1.000,2352
270685,423076,1.000,2352
270685,423077,1.000,2352
270686,423084,1.000,2352
270686,423085,1.000,2352
270687,423082,1.000,2352
270687,423083,1.000,2352
270688,422984,1.000,2352
270689,423066,1.000,2352
270689,423067,1.000,2352
270690,423332,1.000,3552
270691,422853,1.000,2368
270692,422538,1.000,2359
270693,422854,1.000,2359
270693,422855,1.000,2359
270694,421649,1.000,2428
270694,421650,1.000,2430
270695,422970,1.000,2359
270696,422977,1.000,2359
270696,422978,1.000,2359
270697,422971,1.000,2359
270697,422972,1.000,2359
270698,422965,1.000,2359
270698,422966,1.000,2359
270699,422872,1.000,2356
270699,422873,1.000,2356
270700,422869,1.000,2356
270700,422870,1.000,2356
270701,422865,1.000,2359
270701,422866,1.000,2359
270702,422861,1.000,2359
270702,422862,1.000,2359
270703,422859,1.000,2360
270704,422525,1.000,405
270704,422526,1.000,408
270704,422527,1.000,2459
270705,420496,1.000,2446
270706,422883,1.000,2385
270707,417559,1.000,2446
270708,422884,1.000,2359
270709,423046,1.000,2424
270710,423056,1.000,2424
270711,423065,1.000,2424
270712,421642,2.000,2495
270713,423235,1.000,2424
270714,417566,1.000,2449
270715,420557,1.000,2449
270716,422542,1.000,308
270717,422450,1.000,2428
270718,423151,1.000,2446
270719,422508,1.000,2484
270720,423072,1.000,2397
270721,417579,1.000,2446
270722,420482,1.000,2449
270723,420489,1.000,2449
270724,420481,1.000,2446
270725,420555,1.000,2449
270726,420471,1.000,2449
270727,423136,1.000,2397
270728,422842,1.000,2494
270729,423251,1.000,2359
270729,423252,1.000,2359
270730,422595,1.000,2467
270731,422500,1.000,2428
270731,422501,1.000,2430
270732,422641,1.000,2359
270732,422642,1.000,2359
270733,423461,32.000,660
270734,423462,1.000,3408
270735,422724,1.000,2358
270735,422725,1.000,2356
270736,422791,1.000,308
270737,423079,1.000,2363
270738,421099,1.000,2426
270739,422412,1.000,2467
270740,422736,1.000,2359
270741,422904,1.000,2389
270742,422740,1.000,2359
270743,422906,1.000,2368
270744,423037,1.000,2359
270744,423038,1.000,2359
270745,422952,1.000,2359
270746,421397,1.000,2416
270747,422744,1.000,2359
270748,422926,1.000,2359
270749,422713,1.000,2596
270750,423031,1.000,2409
270751,422961,1.000,408
270752,422204,1.000,2428
270752,422205,1.000,2430
270753,422730,1.000,308
270754,421366,1.000,2458
270754,421369,1.000,405
270755,422706,1.000,2439
270756,422249,1.000,2457
270756,422250,1.000,405
270757,422236,1.000,2457
270757,422237,1.000,405
270758,421696,1.000,2457
270758,421697,1.000,405
270759,421673,1.000,2457
270759,421674,1.000,405
270760,422600,1.000,2457
270760,422601,1.000,405
270761,422180,1.000,2457
270761,422181,1.000,405
270762,422046,1.000,2457
270762,422047,1.000,405
270763,422455,1.000,2467
270764,422177,1.000,2457
270764,422178,1.000,405
270765,422120,1.000,2457
270765,422121,1.000,405
270766,423152,1.000,2424
270767,422980,1.000,2359
270768,423327,1.000,2352
270768,423328,1.000,2359
270769,421598,1.000,2383
270769,421599,1.000,408
270770,423335,1.000,2352
270770,423336,1.000,2352
270771,422934,1.000,2359
270772,423215,1.000,2352
270772,423216,1.000,2352
270773,423184,1.000,308
270774,422939,1.000,2356
270774,422940,1.000,2356
270775,422949,1.000,2371
270776,422369,1.000,2521
270777,421134,1.000,2426
270777,421135,1.000,2433
270778,421689,1.000,2458
270778,421690,1.000,405
270779,422470,1.000,2458
270779,422471,1.000,405
270780,422605,1.000,308
270781,422383,1.000,2426
270782,422596,1.000,2426
270783,420823,1.000,2428
270784,422909,1.000,2416
270785,421601,1.000,399
270786,422871,1.000,2426
270787,423300,1.000,2352
270787,423301,1.000,2352
270788,422991,1.000,2428
270789,421835,1.000,2426
270790,421719,1.000,2426
270791,422448,1.000,2458
270791,422449,1.000,113
270792,423060,1.000,2449
270793,422774,1.000,2488
270794,422999,1.000,2359
270795,422987,1.000,2359
270795,422988,1.000,2359
270796,422981,1.000,2359
270797,423113,1.000,2387
270798,422813,1.000,2439
270799,423027,1.000,2359
270799,423028,1.000,2359
270800,422416,1.000,2460
270800,422417,1.000,405
270800,422418,1.000,408
270801,423386,1.000,2352
270801,423387,1.000,2356
270802,422944,1.000,2359
270802,422945,1.000,2359
270803,422930,1.000,2387
270804,423538,1.000,2509
270805,422995,1.000,2359
270805,422996,1.000,2359
270806,422937,1.000,2359
270806,422938,1.000,2359
270807,422460,1.000,2460
270807,422461,1.000,405
270807,422462,1.000,408
270808,422942,1.000,2359
270808,422943,1.000,2359
270809,422480,1.000,2481
270810,422256,1.000,2522
270811,422477,1.000,3922
270812,423156,1.000,2446
270813,423129,1.000,2359
270814,423374,1.000,2460
270814,423375,1.000,405
270814,423376,1.000,408
270815,423073,1.000,2387
270816,422929,1.000,2359
270817,423109,1.000,2359
270818,423086,1.000,2363
270819,422985,1.000,2387
270820,422928,1.000,2359
270821,423256,1.000,2359
270821,423257,1.000,2359
270822,421110,1.000,2428
270822,421111,2.000,2430
270823,422674,1.000,2443
270823,422675,1.000,405
270823,422676,1.000,2467
270824,422927,1.000,2359
270825,421237,1.000,2428
270825,421238,1.000,2430
270826,422353,1.000,2552
270827,423044,1.000,2359
270827,423045,1.000,2359
270828,422472,1.000,2481
270829,423153,1.000,308
270830,422989,1.000,2387
270831,422933,1.000,2352
270832,423390,1.000,2359
270832,423391,1.000,2359
270833,423002,1.000,2359
270834,422863,1.000,2356
270834,422864,1.000,2356
270835,422915,1.000,568
270836,423057,1.000,2387
270837,423189,1.000,2371
270838,423130,1.000,2359
270838,423131,1.000,2359
270839,422918,1.000,2509
270840,422263,1.000,2428
270840,422264,1.000,2430
270841,423122,1.000,669
270842,423400,1.000,2352
270842,423401,1.000,134
270843,423384,1.000,2352
270843,423385,1.000,2352
270844,423279,1.000,2352
270844,423280,1.000,2352
270845,423395,1.000,2352
270845,423396,1.000,2352
270846,423388,1.000,2352
270846,423389,1.000,2352
270847,423277,1.000,2352
270847,423278,1.000,2352
270848,423218,1.000,2352
270848,423219,1.000,2352
270849,423204,1.000,2352
270850,423272,1.000,2352
270850,423273,1.000,2352
270851,423392,1.000,2352
270851,423393,1.000,2352
270852,423264,1.000,2352
270852,423265,1.000,2352
270853,423172,1.000,2352
270854,423399,1.000,2512
270855,423302,1.000,2352
270855,423303,1.000,2352
270856,423247,1.000,2352
270857,423140,1.000,2352
270857,423141,1.000,2352
270858,423202,1.000,2356
270859,423373,1.000,399
270860,423377,1.000,2596
270861,423018,1.000,2359
270861,423019,1.000,2359
270862,423020,1.000,2359
270863,423022,1.000,2359
270863,423023,1.000,2359
270864,423404,1.000,2360
270865,423039,1.000,2359
270865,423040,1.000,2359
270866,423043,1.000,2359
270867,423070,1.000,2360
270869,423110,1.000,2359
270869,423111,1.000,2359
270870,423126,1.000,2359
270870,423127,1.000,2359
270871,423128,1.000,2359
270872,423157,1.000,2359
270872,423158,1.000,2359
270873,423222,1.000,2359
270873,423223,1.000,2359
270874,423239,1.000,2356
270874,423240,1.000,2356
270875,423260,1.000,2359
270876,423361,1.000,2385
270877,422373,1.000,2457
270877,422374,1.000,405
270878,423707,1.000,522
270879,422905,1.000,399
270880,422908,1.000,399
270881,423305,1.000,2356
270881,423306,1.000,2356
270882,423316,1.000,2424
270883,423034,1.000,2446
270884,423334,1.000,2424
270885,423225,1.000,3705
270886,423313,1.000,2356
270887,423294,1.000,2387
270888,423230,1.000,2359
270889,423137,1.000,2424
270890,423290,1.000,2359
270891,423331,1.000,2359
270892,423244,1.000,2359
270892,423245,1.000,2359
270893,423174,1.000,2356
270893,423175,1.000,2356
270894,422535,1.000,2457
270894,422536,1.000,405
270895,423346,1.000,2424
270896,423049,1.000,2390
270896,423050,1.000,915
270897,423449,1.000,2424
270898,422715,1.000,2460
270898,422716,1.000,405
270898,422717,1.000,408
270899,423338,1.000,2449
270900,423606,1.000,2352
270900,423607,1.000,2352
270901,423599,1.000,2352
270901,423600,1.000,2352
270902,423497,1.000,2352
270903,423678,1.000,2359
270903,423679,1.000,2359
270904,423196,1.000,2352
270904,423197,1.000,2352
270905,423608,1.000,2352
270905,423609,1.000,2352
270906,423640,1.000,2352
270906,423641,1.000,2352
270907,423459,1.000,2352
270907,423460,1.000,2352
270908,423594,1.000,2352
270909,423596,1.000,2359
270910,423789,13.000,660
270911,423790,1.000,3408
270912,423791,10.000,660
270913,423792,1.000,3408
270914,423794,10.000,660
270915,423797,1.000,3408
270916,422962,1.000,399
270917,423132,1.000,2356
270917,423133,1.000,2356
270918,423307,1.000,2359
270918,423308,1.000,2359
270919,423466,1.000,308
270920,423248,1.000,2356
270920,423249,1.000,2356
270921,422711,1.000,2457
270921,422712,1.000,405
270922,423138,1.000,2385
270922,423139,1.000,2359
270923,423232,1.000,2359
270924,422953,1.000,2359
270924,422954,1.000,2359
270925,422071,1.000,2458
270925,422072,1.000,405
270925,422073,1.000,308
270926,422481,1.000,2457
270926,422482,1.000,405
270927,422794,1.000,2457
270927,422795,1.000,405
270928,422400,1.000,2462
270928,422401,1.000,405
270928,422402,1.000,408
270929,423362,1.000,2424
270930,422242,1.000,2428
270931,422772,1.000,2424
270932,423147,1.000,2359
270932,423148,1.000,2359
270933,423210,1.000,2359
270933,423211,1.000,2359
270934,421126,1.000,2428
270935,422281,1.000,2442
270935,422282,1.000,3120
270936,423226,1.000,2363
270937,423179,1.000,2359
270937,423180,1.000,2359
270938,423355,1.000,2359
270971,423166,1.000,2356
270971,423167,1.000,2356
270972,423311,1.000,2385
270973,421843,1.000,2552
270974,422173,1.000,2495
270975,422608,1.000,2383
270975,422609,1.000,408
270976,423206,1.000,2446
270977,423146,1.000,2359
270978,423500,1.000,2360
270979,422779,1.000,2460
270979,422780,1.000,405
270979,422781,1.000,408
270980,423134,1.000,2359
270981,422784,1.000,2457
270981,422785,1.000,405
270982,423473,1.000,2359
270983,423142,1.000,2359
270983,423143,1.000,2359
270984,423287,1.000,2352
270985,423284,1.000,2385
270986,422808,1.000,2504
270987,421460,1.000,2428
270987,421470,1.000,2432
270988,423261,1.000,2359
270989,423285,1.000,2359
270989,423286,1.000,2359
270990,422993,1.000,670
270991,422979,1.000,2446
270992,423574,1.000,2488
270993,423507,1.000,308
270994,423498,1.000,2446
270995,423509,1.000,2446
270996,423177,1.000,2488
270997,422815,1.000,2460
270997,422816,1.000,405
270997,422817,1.000,408
270998,423178,1.000,2359
270999,423209,1.000,525
271000,421618,1.000,2426
271000,421619,1.000,2433
271000,421620,1.000,2430
271001,421472,1.000,2428
271002,422415,1.000,2428
271003,422437,1.000,2428
271004,423228,1.000,2424
271005,423589,1.000,3277
271006,423413,1.000,2425
271007,423188,1.000,2467
271008,423169,1.000,2360
271009,423154,1.000,2360
271009,423155,1.000,2360
271010,423144,1.000,2359
271010,423145,1.000,2359
271011,423229,1.000,2359
271012,422314,1.000,2428
271013,423621,1.000,2398
271014,421845,1.000,2426
271015,422921,1.000,2446
271016,423340,1.000,308
271017,422973,1.000,308
271018,422560,1.000,2457
271018,422561,1.000,405
271019,423254,1.000,2385
271019,423255,1.000,2359
271020,422558,1.000,2455
271021,423557,1.000,2359
271021,423558,1.000,2359
271022,423029,1.000,2439
271023,422359,1.000,2458
271023,422360,1.000,405
271024,423709,1.000,2356
271025,423595,1.000,2359
271026,423463,1.000,2385
271026,423464,1.000,2359
271027,423583,1.000,2356
271028,423205,1.000,2359
271029,423584,1.000,2424
271030,423268,1.000,2457
271030,423269,1.000,405
271030,423270,1.000,2457
271030,423271,1.000,787
271031,423281,1.000,308
271031,423282,1.000,2467
271032,423011,1.000,2389
271033,422396,1.000,2458
271033,422397,1.000,405
271033,422398,1.000,2387
271034,423161,1.000,2359
271034,423162,1.000,2359
271035,423283,1.000,2387
271036,422269,1.000,2428
271036,422270,1.000,2430
271037,423100,1.000,2458
271037,423101,1.000,405
271038,423811,1.000,2424
271039,422188,1.000,2428
271040,422963,1.000,2385
271040,422964,1.000,2359
271041,422008,1.000,2428
271041,422009,1.000,2430
271042,423159,1.000,2360
271042,423160,1.000,2359
271043,423737,1.000,399
271044,423114,1.000,2359
271044,423115,1.000,2359
271045,423185,1.000,2361
271046,423187,1.000,2360
271047,423181,1.000,2460
271047,423182,1.000,405
271047,423183,1.000,408
271048,422435,1.000,2428
271048,422436,1.000,2430
271049,422789,1.000,2461
271049,422790,1.000,405
271050,423117,1.000,2359
271050,423118,1.000,2359
271051,423198,1.000,2359
271052,422797,1.000,2477
271053,423524,1.000,2377
271054,421918,1.000,2416
271055,423203,1.000,2396
271056,418603,1.000,399
271057,423343,1.000,2383
271057,423344,1.000,408
271058,423465,1.000,2359
271059,423176,1.000,2392
271060,423014,1.000,2389
271061,423592,1.000,2359
271061,423593,1.000,2359
271062,423471,1.000,2862
271063,423677,1.000,2352
271064,423780,1.000,2352
271065,423717,1.000,2352
271065,423718,1.000,2352
271066,423397,1.000,2352
271066,423398,1.000,2352
271067,423705,1.000,2352
271067,423706,1.000,2352
271068,423943,1.000,2359
271069,423696,1.000,2352
271069,423697,1.000,2352
271070,423944,35.000,660
271071,423945,1.000,3408
271072,423946,1.000,3277
271073,423962,33.000,660
271074,423964,1.000,3408
271075,423363,1.000,2363
271076,423683,1.000,2359
271076,423684,1.000,2359
271077,423360,1.000,2359
271078,423381,1.000,399
271079,423288,1.000,2359
271079,423289,1.000,2359
271080,423488,1.000,2385
271081,423451,1.000,2359
271081,423452,1.000,2359
271082,423347,1.000,2377
271083,423414,1.000,2359
271083,423415,1.000,2359
271084,423379,1.000,627
271085,423329,1.000,2359
271085,423330,1.000,2359
271086,423368,1.000,2377
271087,423318,1.000,2359
271088,423631,1.000,2424
271089,423469,1.000,2359
271090,423292,1.000,2359
271090,423293,1.000,2359
271091,423655,1.000,2356
271092,423323,1.000,2359
271092,423324,1.000,2359
271093,423295,1.000,2356
271093,423296,1.000,2356
271094,423474,1.000,2359
271095,423590,1.000,2359
271095,423591,1.000,2359
271096,422856,1.000,2457
271096,422857,1.000,405
271097,423467,1.000,2359
271097,423468,1.000,2359
271098,422958,1.000,2467
271099,423370,1.000,2359
271099,423371,1.000,2359
271100,423827,1.000,2377
271101,422974,1.000,2488
271101,422975,1.000,2467
271102,423548,1.000,2359
271102,423549,1.000,2359
271103,423517,1.000,2360
271103,423518,1.000,2360
271104,423514,1.000,2359
271104,423515,1.000,2359
271105,423495,1.000,2359
271105,423496,1.000,2359
271106,423484,1.000,2359
271106,423485,1.000,2359
271107,423412,1.000,2359
271108,423814,1.000,2359
271108,423815,1.000,2359
271109,423719,1.000,2359
271111,423793,1.000,2359
271112,422661,1.000,2428
271113,423819,1.000,2449
271114,423667,1.000,2359
271115,423796,1.000,2359
271116,422792,1.000,2867
271117,423700,1.000,2389
271118,423614,1.000,2356
271119,423804,1.000,2352
271120,424017,10.000,660
271121,424018,1.000,3408
271122,423297,1.000,2359
271123,423768,1.000,2424
271124,423365,1.000,2387
271125,423746,1.000,2352
271126,423949,1.000,2352
271126,423950,1.000,2352
271127,423321,1.000,2386
271127,423322,1.000,2359
271128,423610,1.000,2352
271128,423611,1.000,134
271129,423776,1.000,2359
271129,423777,1.000,2359
271130,423597,1.000,2387
271131,423642,1.000,2359
271132,423314,1.000,399
271133,423243,1.000,308
271134,423649,1.000,308
271135,423342,1.000,2446
271136,423658,1.000,308
271137,423688,1.000,2359
271138,423299,1.000,2767
271139,424035,2.000,522
271140,423849,1.000,2352
271141,424061,30.000,660
271142,424063,1.000,3408
271143,423665,1.000,2441
271143,423666,3.000,134
271144,423856,1.000,2458
271144,423857,1.000,405
271146,422458,1.000,2428
271146,422459,1.000,2431
271147,423598,1.000,2359
271148,423481,1.000,2424
271149,423035,1.000,308
271150,423317,1.000,308
271151,423201,1.000,2363
271152,422490,1.000,2428
271152,422491,1.000,2430
271153,422878,1.000,2449
271154,422684,1.000,2449
271155,423503,1.000,2359
271155,423504,1.000,2359
271156,423923,1.000,2424
271157,422990,1.000,2449
271158,423005,1.000,2460
271158,423006,1.000,405
271158,423007,1.000,408
271159,423569,1.000,2373
271160,422891,1.000,2449
271161,422950,1.000,2449
271162,423722,1.000,2356
271162,423723,1.000,2356
271163,423568,1.000,2359
271164,423527,1.000,308
271165,423478,1.000,2359
271166,422986,1.000,2449
271167,423499,1.000,2446
271168,423526,1.000,2363
271169,423475,1.000,2359
271169,423476,1.000,2359
271170,423545,1.000,2377
271171,423543,1.000,2359
271172,423217,1.000,308
271173,423656,1.000,2359
271173,423657,1.000,2359
271174,423662,1.000,2359
271175,422947,1.000,2449
271176,423774,1.000,2446
271177,423000,1.000,2449
271178,423826,1.000,2424
271179,423563,1.000,2368
271180,423531,1.000,2383
271180,423532,1.000,408
271181,423186,1.000,2449
271182,422982,1.000,2449
271183,423910,1.000,2488
271184,423123,1.000,2457
271184,423124,1.000,405
271185,423869,1.000,2424
271186,423550,1.000,2425
271187,422594,1.000,2416
271188,423325,1.000,2359
271188,423326,1.000,2359
271189,422983,1.000,2449
271190,423008,1.000,2449
271191,423743,1.000,2352
271191,423744,1.000,2352
271192,423820,1.000,2488
271192,423821,1.000,2495
271193,423741,1.000,2352
271193,423742,1.000,2352
271194,423214,1.000,2467
271195,423163,1.000,2481
271196,420586,1.000,2430
271197,424037,1.000,2457
271197,424038,1.000,405
271198,423033,1.000,308
271199,423781,1.000,2449
271200,423632,1.000,2359
271201,423071,1.000,2449
271202,423104,1.000,2382
271202,423105,1.000,408
271203,423102,1.000,2458
271203,423103,1.000,405
271204,422951,1.000,2446
271205,423238,1.000,2378
271206,422511,1.000,2428
271206,422512,1.000,2430
271207,422919,1.000,2449
271208,423653,1.000,2359
271208,423654,1.000,2359
271209,422799,1.000,2428
271209,422800,1.000,486
271209,422801,1.000,490
271209,422802,1.000,491
271210,423479,1.000,2359
271211,423519,1.000,2457
271211,423520,1.000,405
271212,423973,1.000,2359
271212,423974,1.000,2359
271213,423055,1.000,2447
271214,423582,1.000,2359
271215,423009,1.000,2457
271215,423010,1.000,405
271216,423809,1.000,2359
271216,423810,1.000,2359
271217,423567,1.000,2363
271218,423012,1.000,2457
271218,423013,1.000,405
271219,424174,1.000,2509
271220,423513,1.000,2359
271221,423380,1.000,2428
271222,423580,1.000,2403
271223,423087,1.000,2461
271223,423088,1.000,405
271224,422956,1.000,2446
271225,423491,1.000,2359
271225,423492,1.000,2359
271226,423345,1.000,2428
271227,423588,1.000,2387
271228,423530,1.000,2428
271229,423749,1.000,2861
271230,423220,1.000,2440
271231,423979,1.000,2359
271231,423980,1.000,2359
271232,422775,1.000,399
271232,422776,1.000,2863
271233,423816,1.000,2359
271233,423817,1.000,2359
271233,423818,1.000,134
271234,423854,1.000,2356
271234,423855,1.000,2356
271235,423603,1.000,2359
271235,423604,1.000,2359
271236,423536,1.000,2359
271236,423537,1.000,2359
271237,423769,1.000,2386
271237,423770,1.000,2356
271238,423544,1.000,2363
271239,421691,1.000,2412
271239,421692,1.000,486
271239,421693,1.000,490
271239,421694,1.000,491
271239,421695,1.000,2862
271240,423890,1.000,2359
271240,423891,1.000,2359
271241,423779,1.000,2359
271242,423170,1.000,399
271243,423941,1.000,2387
271244,424027,1.000,2356
271245,423501,1.000,2359
271245,423502,1.000,2359
271246,424072,1.000,2449
271247,424184,1.000,2359
271247,424185,1.000,2359
271248,423939,1.000,2352
271248,423940,1.000,2352
271249,423003,1.000,2457
271249,423004,1.000,787
271250,424007,1.000,2512
271251,423765,1.000,2352
271252,423852,1.000,2352
271252,423853,1.000,2352
271253,423912,1.000,2352
271254,423850,1.000,2352
271255,424004,1.000,2359
271255,424005,1.000,2352
271256,423861,1.000,2352
271256,423862,1.000,2352
271257,423868,1.000,2352
271258,424190,1.000,522
271259,423839,1.000,2352
271259,423840,1.000,2352
271260,423860,1.000,2352
271261,423561,1.000,2359
271262,423764,1.000,2352
271263,423753,1.000,2359
271263,423754,1.000,2359
271265,423508,1.000,2359
271266,423505,1.000,2385
271266,423506,1.000,2359
271267,423724,1.000,2356
271267,423725,1.000,2356
271268,423521,1.000,2359
271269,423851,1.000,2352
271270,423898,1.000,2356
271270,423899,1.000,2352
271271,423660,1.000,2359
271272,423830,1.000,2352
271272,423831,1.000,2359
271273,423928,1.000,2352
271273,423929,1.000,2352
271274,423916,1.000,2352
271275,423807,1.000,2352
271275,423808,1.000,2352
271276,423842,1.000,2352
271276,423843,1.000,2352
271277,423747,1.000,2359
271277,423748,1.000,2359
271278,423625,1.000,2359
271278,423626,1.000,2359
271279,423864,1.000,2359
271279,423865,1.000,2359
271280,423698,1.000,2363
271280,423699,1.000,2359
271281,423750,1.000,2359
271281,423751,1.000,134
271282,423634,1.000,2359
271282,423635,1.000,2359
271283,423647,1.000,2359
271283,423648,1.000,2359
271284,423629,1.000,2359
271284,423630,1.000,2359
271285,423349,1.000,2446
271286,423727,1.000,2359
271286,423728,1.000,2359
271287,423669,1.000,2371
271288,423715,1.000,2359
271288,423716,1.000,2359
271289,423605,1.000,308
271290,424044,1.000,2385
271291,423627,1.000,2359
271291,423628,1.000,2359
271292,423674,1.000,2359
271293,423644,1.000,2359
271294,423601,1.000,2359
271294,423602,1.000,2359
271295,423989,1.000,2359
271295,423990,1.000,2359
271296,423646,1.000,2359
271297,424040,1.000,2385
271298,424306,12.000,660
271298,424307,2.000,3363
271299,424308,10.000,660
271300,423366,1.000,2449
271301,423637,1.000,2359
271302,424312,20.000,660
271303,423959,1.000,2359
271303,423960,1.000,2359
271304,424313,2.000,660
271305,423673,1.000,2359
271306,424314,14.000,660
271307,424316,11.000,660
271308,423908,1.000,2359
271309,423670,1.000,2428
271310,424317,12.000,660
271310,424318,2.000,3363
271311,424319,1.000,3408
271312,423227,1.000,2446
271313,423259,1.000,2452
271314,422976,1.000,2452
271315,423693,1.000,2359
271315,423694,1.000,2359
271315,423695,1.000,134
271316,423880,1.000,2359
271317,423364,1.000,2449
271318,423348,1.000,2449
271319,423612,1.000,2359
271319,423613,1.000,2359
271320,423844,1.000,2359
271320,423845,1.000,2356
271321,424001,1.000,2360
271322,423080,1.000,2457
271322,423081,1.000,405
271323,423352,1.000,2449
271324,423454,1.000,2494
271325,424023,1.000,2359
271325,424024,1.000,2359
271326,423125,1.000,2446
271327,423798,1.000,3284
271327,423799,1.000,408
271328,423951,1.000,2359
271329,423356,1.000,2446
271330,423650,1.000,2390
271330,423651,1.000,915
271331,423540,1.000,2449
271332,423782,1.000,2389
271333,424284,1.000,2449
271334,423021,1.000,2449
271335,423841,1.000,2397
271336,423965,1.000,134
271337,423304,1.000,2481
271338,424206,2.000,2352
271338,424207,1.000,2352
271339,424002,1.000,2352
271339,424003,2.000,134
271340,423992,1.000,2352
271340,423993,1.000,2352
271341,424200,1.000,2352
271341,424201,1.000,2352
271342,424075,1.000,2352
271342,424076,1.000,2352
271343,424223,1.000,2352
271344,424052,1.000,2352
271344,424053,1.000,2352
271345,424220,1.000,2359
271345,424221,1.000,2359
271346,424329,12.000,660
271346,424330,1.000,3408
271347,424160,1.000,3946
271348,424155,1.000,3946
271349,424394,1.000,1129
271350,424244,1.000,2352
271350,424245,1.000,2352
271351,424162,1.000,2352
271352,424246,1.000,2352
271352,424247,1.000,2352
271353,424087,1.000,2352
271353,424088,1.000,2359
271354,424249,1.000,2352
271355,424180,1.000,2512
271356,424233,1.000,2352
271357,424248,1.000,2352
271358,423572,1.000,2428
271359,423971,1.000,2359
271359,423972,1.000,2359
271360,423676,1.000,2371
271361,423800,1.000,399
271362,424036,1.000,2424
271363,423977,1.000,2359
271363,423978,1.000,2359
271364,423835,1.000,2359
271364,423836,1.000,2359
271365,423274,1.000,2423
271365,424163,1.000,2467
271365,424164,1.000,2997
271366,423882,1.000,2356
271367,423315,1.000,2428
271368,423909,1.000,2385
271369,423969,1.000,2359
271369,423970,1.000,2359
271370,423975,1.000,2359
271370,423976,1.000,2359
271371,423785,1.000,2359
271372,423661,1.000,2359
271373,423767,1.000,2394
271374,423266,1.000,2424
271374,423267,1.000,2467
271375,423242,1.000,2446
271376,423534,1.000,2449
271377,423778,1.000,2446
271378,424424,1.000,2951
271379,423546,1.000,2449
271380,424425,1.000,2951
271381,423212,1.000,2488
271381,423213,1.000,2467
271382,423562,1.000,2450
271383,423787,1.000,2458
271383,423788,1.000,405
271384,423999,1.000,2383
271384,424000,1.000,408
271385,423565,1.000,2416
271386,423241,1.000,2447
271387,423258,1.000,2446
271388,423578,1.000,2449
271389,423775,1.000,2359
271390,423801,1.000,2359
271391,423576,1.000,2449
271392,423733,1.000,2460
271392,423734,1.000,405
271392,423735,1.000,408
271393,423876,1.000,308
271394,423760,1.000,2359
271395,424042,1.000,2356
271396,424430,1.000,1130
271397,422788,1.000,2509
271398,423846,1.000,2359
271398,423847,1.000,2359
271399,423702,1.000,2359
271399,423703,1.000,2359
271400,423886,1.000,308
271400,423887,1.000,308
271401,423680,1.000,308
271402,423685,1.000,2359
271403,423691,1.000,2359
271403,423692,1.000,2359
271404,423675,1.000,2359
271405,423689,1.000,2359
271405,423690,1.000,2359
271406,423874,1.000,308
271407,423681,1.000,308
271408,423881,1.000,308
271409,423894,1.000,2356
271409,423895,1.000,134
271410,424114,1.000,2359
271410,424115,1.000,2359
271411,423829,1.000,2359
271412,423682,1.000,308
271413,415561,1.000,2428
271413,415562,1.000,2430
271414,422543,1.000,2428
271414,422544,1.000,2430
271415,423873,1.000,2385
271416,424435,1.000,2509
271417,424101,1.000,2359
271417,424102,1.000,2356
271418,423885,1.000,2359
271419,423833,1.000,2359
271419,423834,1.000,2359
271420,424069,1.000,399
271421,423200,1.000,2398
271422,423924,1.000,2457
271422,423925,1.000,405
271423,424135,1.000,2460
271423,424136,1.000,405
271423,424137,1.000,408
271424,423877,1.000,308
271425,424251,1.000,2359
271425,424252,1.000,2359
271426,424400,2.000,2439
271427,423858,1.000,2359
271428,423738,1.000,2457
271428,423739,1.000,405
271429,423638,1.000,2359
271429,423639,1.000,2359
271430,424436,1.000,2352
271430,424437,1.000,2352
271431,423936,1.000,399
271432,423731,1.000,2359
271432,423732,1.000,2359
271433,423553,1.000,2428
271433,423554,1.000,486
271433,423555,1.000,490
271433,423556,1.000,491
271434,422548,1.000,2428
271434,422549,1.000,2430
271436,423942,1.000,2359
271437,424178,1.000,399
271438,424050,1.000,2359
271439,424243,1.000,2359
271440,423405,1.000,2444
271441,423659,1.000,2359
271442,423539,1.000,399
271443,423896,1.000,2359
271444,423720,1.000,2457
271444,423721,1.000,405
271445,423168,1.000,2471
271446,424354,1.000,2359
271447,423766,1.000,2359
271448,424106,1.000,308
271449,424438,1.000,408
271450,423947,1.000,2359
271451,423953,1.000,2359
271451,423954,1.000,2359
271452,424047,1.000,2359
271453,424046,1.000,2359
271454,424019,1.000,2359
271454,424020,1.000,2384
271455,423663,1.000,2359
271456,423981,1.000,2359
271457,424011,1.000,2359
271457,424012,1.000,2359
271458,424006,1.000,2359
271459,423997,1.000,2359
271460,423995,1.000,2359
271460,423996,1.000,2359
271461,423991,1.000,2359
271462,423984,1.000,2359
271462,423985,1.000,2359
271463,424193,1.000,2352
271464,424269,1.000,2352
271465,424303,1.000,2352
271465,424304,1.000,2352
271466,424459,1.000,2352
271467,423025,1.000,2457
271467,423026,1.000,405
271468,424235,1.000,2446
271469,424254,1.000,2424
271470,423771,1.000,2457
271470,423772,1.000,405
271470,423773,1.000,748
271471,424242,1.000,2424
271472,423207,1.000,2457
271472,423208,1.000,405
271473,424393,1.000,2428
271474,424260,1.000,2356
271474,424261,1.000,2356
271475,424209,1.000,2359
271475,424210,1.000,2359
271476,424013,1.000,2387
271477,423961,1.000,2359
271478,423956,1.000,2359
271478,423957,1.000,2359
271479,424213,1.000,2359
271480,424214,1.000,2471
271481,423406,1.000,2457
271481,423407,1.000,405
271482,423359,1.000,2449
271483,424297,1.000,399
271484,424219,1.000,2359
271485,423948,1.000,308
271486,423410,1.000,2457
271486,423411,1.000,405
271487,424212,1.000,2359
271488,423367,1.000,2449
271489,423963,1.000,308
271490,424195,1.000,2356
271490,424196,1.000,2356
271491,424230,1.000,2356
271492,423291,1.000,2446
271493,424202,1.000,2360
271493,424203,1.000,2360
271494,424199,1.000,2359
271495,424204,1.000,2359
271495,424205,1.000,2359
271496,423523,1.000,2467
271497,424336,1.000,2395
271498,423456,1.000,2471
271499,423516,1.000,636
271500,424462,1.000,2356
271501,424030,1.000,2458
271501,424031,1.000,405
271502,424572,10.000,660
271503,424381,1.000,2352
271504,424476,1.000,2352
271505,424454,1.000,2352
271506,424348,1.000,2512
271507,424603,16.000,660
271508,424567,1.000,2509
271509,424009,1.000,2359
271509,424010,1.000,2359
271510,424085,1.000,2359
271510,424086,1.000,2359
271511,423190,1.000,2458
271511,423191,1.000,405
271511,423192,1.000,2467
271512,424094,1.000,2359
271513,424109,1.000,2359
271513,424110,1.000,2359
271514,423231,1.000,2449
271515,424146,1.000,2359
271515,424147,1.000,2359
271516,424113,1.000,2385
271517,424119,1.000,2359
271518,423889,1.000,2359
271519,424089,1.000,2359
271519,424090,1.000,2359
271520,423333,1.000,2460
271520,423337,1.000,405
271521,423547,1.000,2474
271522,423883,1.000,2387
271522,423884,1.000,2387
271523,423483,1.000,2359
271524,424122,1.000,2359
271524,424123,1.000,2359
271525,424116,1.000,2359
271526,424133,1.000,2359
271526,424134,1.000,2359
271527,424125,1.000,2359
271527,424126,1.000,2359
271528,424015,1.000,2363
271529,424341,1.000,2387
271530,424343,1.000,2387
271531,423615,1.000,2457
271531,423616,1.000,405
271532,424104,1.000,2359
271532,424105,1.000,2359
271533,424258,1.000,2359
271534,423907,1.000,2359
271535,424292,1.000,2359
271535,424293,1.000,2359
271536,423902,1.000,2428
271537,424328,1.000,815
271538,424045,1.000,2428
271539,424217,1.000,2359
271539,424218,1.000,2359
271540,424268,1.000,2424
271541,424161,1.000,2359
271542,424148,1.000,2359
271543,424039,1.000,2359
271544,424098,1.000,2359
271545,424485,1.000,2359
271545,424486,1.000,134
271546,424332,1.000,2356
271546,424333,1.000,2356
271547,424111,1.000,2359
271548,423552,1.000,2416
271549,424372,1.000,2446
271550,424186,1.000,2359
271551,423828,1.000,2449
271552,424353,1.000,2359
271553,424288,1.000,2359
271553,424289,1.000,2359
271554,424228,1.000,2359
271554,424229,1.000,2359
271555,423617,1.000,2428
271555,423618,1.000,486
271555,423619,1.000,490
271555,423620,1.000,491
271556,424033,1.000,399
271557,424120,1.000,2359
271558,424419,1.000,2457
271558,424420,1.000,405
271559,424224,1.000,2359
271559,424225,1.000,2359
271560,424096,1.000,2359
271560,424097,1.000,2359
271561,423585,1.000,2449
271562,423533,1.000,2426
271563,424339,1.000,399
271564,424402,1.000,2356
271564,424403,1.000,2356
271565,422687,1.000,3393
271566,423982,1.000,2385
271567,424073,1.000,308
271568,424152,1.000,2359
271568,424153,1.000,2359
271569,423624,1.000,308
271570,424081,1.000,2359
271571,424275,1.000,2356
271571,424276,1.000,2356
271572,424490,1.000,2352
271573,424048,1.000,2442
271573,424049,1.000,3120
271574,424616,1.000,2352
271575,424570,1.000,2446
271576,424340,1.000,2512
271577,424517,1.000,2352
271578,424501,1.000,2352
271579,424576,1.000,2352
271580,424397,1.000,2352
271580,424398,1.000,2352
271581,424399,1.000,2352
271582,424395,2.000,2512
271583,423510,1.000,2426
271583,423511,1.000,2433
271583,423512,1.000,2430
271584,424624,1.000,2471
271585,424144,1.000,2457
271585,424145,1.000,405
271586,424496,2.000,2430
271587,424236,1.000,399
271587,424239,1.000,2862
271588,423932,1.000,2457
271588,423933,1.000,405
271589,424057,1.000,2423
271590,424103,1.000,2387
271591,424167,1.000,2387
271592,424129,1.000,399
271593,424568,1.000,2359
271593,424569,1.000,2359
271594,424182,1.000,2359
271594,424183,1.000,2359
271595,424234,1.000,2356
271596,424034,1.000,2359
271597,424032,1.000,2359
271598,423922,1.000,2359
271599,424099,1.000,2359
271599,424100,1.000,2359
271600,424165,1.000,2377
271601,424717,12.000,660
271602,424718,1.000,3408
271603,424721,5.000,660
271604,424768,4.000,660
271605,424769,2.000,660
271606,424070,1.000,1377
271607,424299,1.000,2359
271608,424770,12.000,660
271608,424777,2.000,3363
271609,424231,1.000,2359
271609,424232,1.000,2359
271610,423645,1.000,2446
271611,424494,1.000,2356
271611,424495,1.000,2356
271612,424250,1.000,2359
271613,424226,1.000,2359
271613,424227,1.000,2359
271614,423987,1.000,2446
271615,424197,1.000,2359
271615,424198,1.000,2359
271616,424380,1.000,2377
271617,424478,1.000,2356
271618,424240,1.000,2446
271619,424008,1.000,308
271620,424416,1.000,2359
271620,424417,1.000,2359
271621,424414,1.000,2359
271621,424415,1.000,2359
271622,424357,1.000,2359
271622,424358,1.000,2359
271622,424359,1.000,134
271623,424286,1.000,2359
271624,424265,1.000,2359
271624,424266,1.000,2359
271625,424208,1.000,2359
271626,424514,1.000,2352
271627,424661,1.000,2352
271627,424662,1.000,2352
271628,424664,1.000,2352
271628,424665,1.000,2352
271629,424108,1.000,2449
271630,423726,1.000,2449
271631,423704,1.000,2449
271632,423701,1.000,2449
271633,424064,1.000,2449
271634,424544,1.000,2359
271634,424545,1.000,2359
271635,424493,1.000,2356
271636,424627,1.000,2359
271636,424628,1.000,2359
271637,424326,1.000,2387
271638,424463,1.000,2359
271639,424065,1.000,2449
271640,423871,1.000,2457
271640,423872,1.000,405
271641,424680,1.000,2371
271642,424450,1.000,308
271643,424520,1.000,2359
271643,424521,1.000,2359
271644,424066,1.000,2449
271645,424300,1.000,2471
271646,424511,1.000,2356
271647,424465,1.000,2359
271647,424466,1.000,2359
271648,424441,1.000,2359
271648,424442,1.000,2359
271649,424449,1.000,2424
271650,424827,1.000,3291
271651,424927,10.000,660
271652,424928,4.000,660
271653,424563,1.000,2488
271654,423803,1.000,2446
271655,423581,1.000,2446
271656,423848,1.000,2573
271657,424179,1.000,2446
271658,423866,1.000,2449
271659,423867,1.000,2449
271660,423911,1.000,2449
271661,423919,1.000,2471
271661,423920,1.000,2467
271662,423905,1.000,2446
271663,424389,1.000,2446
271664,423918,1.000,2450
271665,423664,1.000,2446
271666,423586,1.000,2452
271667,423529,1.000,2446
271668,424181,1.000,2439
271669,424051,1.000,2359
271670,423477,1.000,2449
271671,424814,1.000,2352
271672,424642,1.000,2352
271672,424643,1.000,2352
271673,424775,1.000,2512
271673,424776,1.000,2512
271674,424700,1.000,2352
271674,424701,1.000,2352
271675,423897,1.000,2446
271676,423930,1.000,2446
271677,423453,1.000,308
271678,424291,1.000,2446
271679,423636,1.000,308
271680,423983,1.000,2445
271681,423832,1.000,2467
271682,423917,1.000,2446
271683,423455,1.000,308
271684,424154,1.000,308
271685,424360,1.000,2446
271686,424667,1.000,2512
271687,423758,1.000,2446
271688,424121,1.000,2438
271689,423394,1.000,2446
271690,423892,1.000,2446
271691,423802,1.000,2446
271692,423859,1.000,2446
271693,424118,1.000,2446
271694,423577,1.000,308
271695,424241,1.000,2371
271696,424957,12.000,660
271697,424222,1.000,2449
271698,423458,1.000,308
271699,423935,1.000,2428
271700,424168,2.000,308
271701,423863,1.000,2439
271702,424026,1.000,308
271703,423573,1.000,308
271704,423575,1.000,2467
271705,424294,1.000,2392
271706,423643,1.000,2428
271707,424295,1.000,399
271708,424958,1.000,3194
271709,423752,1.000,308
271710,424166,1.000,399
271711,423564,1.000,2426
271712,423357,1.000,2457
271712,423358,1.000,405
271713,424825,1.000,2446
271714,424654,1.000,2460
271715,423486,1.000,2461
271715,423487,1.000,405
271716,424189,1.000,2426
271717,424370,1.000,2423
271718,423560,1.000,2996
271719,423903,1.000,2428
271720,424607,1.000,2481
271721,423937,1.000,2458
271721,423938,1.000,405
271722,424215,1.000,2457
271722,424216,1.000,405
271723,424532,1.000,2446
271724,424539,1.000,2446
271725,423633,1.000,308
271726,424351,1.000,2359
271726,424352,1.000,2359
271727,423541,1.000,2457
271727,423542,1.000,405
271728,423904,1.000,308
271729,424191,1.000,308
271730,424604,1.000,308
271730,424631,1.000,308
271731,423579,1.000,2452
271732,424342,1.000,2424
271733,424418,1.000,2424
271734,424373,1.000,2385
271735,424546,1.000,2387
271736,424383,1.000,2371
271737,424362,1.000,2424
271738,424321,1.000,2359
271739,423622,1.000,2428
271739,423623,1.000,2430
271740,424080,1.000,2394
271741,424298,1.000,2371
271742,424277,1.000,2359
271743,423875,1.000,2450
271744,424320,1.000,2395
271745,424368,1.000,2359
271746,424270,1.000,2359
271746,424271,1.000,2359
271747,424323,1.000,2359
271747,424324,1.000,2359
271748,424374,1.000,2359
271749,424375,1.000,2359
271749,424376,1.000,2359
271750,424669,1.000,2356
271751,424279,1.000,2359
271752,424396,1.000,2385
271753,424263,1.000,2359
271753,424264,1.000,2359
271754,424377,1.000,2359
271754,424378,1.000,2359
271755,424671,1.000,2359
271755,424672,1.000,2359
271756,424325,1.000,2359
271756,424327,1.000,2359
271757,424285,1.000,2359
271758,424272,1.000,2359
271758,424273,1.000,2359
271759,423783,1.000,2458
271759,423784,1.000,405
271760,424253,1.000,2371
271761,423888,1.000,2428
271762,424077,1.000,2552
271763,424625,1.000,2356
271763,424626,2.000,134
271764,424366,1.000,2703
271765,424487,1.000,2356
271765,424488,1.000,2356
271766,423570,1.000,2441
271766,423571,3.000,134
271767,424130,1.000,2460
271767,424131,1.000,405
271767,424132,1.000,408
271768,424828,1.000,2449
271769,424401,1.000,2359
271770,424256,1.000,2359
271771,424550,1.000,2356
271772,424175,1.000,2449
271773,423480,1.000,2488
271774,424124,1.000,2449
271775,423921,1.000,2449
271776,424149,1.000,2383
271776,424150,1.000,408
271777,424596,1.000,3922
271778,423966,1.000,2449
271779,423457,1.000,3407
271780,424959,1.000,2457
271780,424960,1.000,405
271781,423493,1.000,2383
271781,423494,1.000,408
271782,424127,1.000,2428
271783,424633,1.000,2359
271784,424518,1.000,2377
271785,424302,1.000,2425
271786,423711,1.000,2460
271786,423712,1.000,405
271786,423713,1.000,408
271787,424434,1.000,2368
271788,423369,1.000,308
271789,424384,1.000,2457
271789,424385,1.000,405
271789,424386,1.000,2457
271789,424387,1.000,787
271790,424367,1.000,308
271791,424439,1.000,2359
271791,424440,1.000,2359
271792,424443,1.000,2359
271792,424444,1.000,2359
271793,424446,1.000,2359
271793,424447,1.000,2359
271794,424452,1.000,2359
271794,424453,1.000,2359
271795,424609,1.000,2359
271796,424547,1.000,2356
271796,424548,1.000,2356
271797,424534,1.000,2359
271797,424535,1.000,2359
271798,424523,1.000,2359
271798,424524,1.000,2359
271799,424505,1.000,2359
271800,424503,1.000,2359
271801,424502,1.000,2359
271802,424489,1.000,2359
271803,424481,1.000,2359
271803,424482,1.000,2359
271804,424498,1.000,2359
271805,424749,1.000,2352
271806,424750,1.000,2352
271807,424753,2.000,2352
271807,424754,2.000,2352
271808,424782,1.000,2352
271809,424786,1.000,2352
271809,424787,1.000,2352
271810,424780,1.000,2356
271810,424781,1.000,2356
271811,424379,1.000,2379
271812,424281,1.000,2460
271812,424282,1.000,405
271812,424283,1.000,408
271813,424311,1.000,2428
271814,424068,1.000,2446
271815,424194,1.000,2467
271816,424290,1.000,2446
271817,424296,1.000,2446
271818,424795,1.000,2356
271818,424796,1.000,2356
271819,424738,1.000,2424
271820,424676,1.000,2359
271820,424677,1.000,2359
271821,424778,1.000,2424
271822,424695,1.000,399
271822,424696,1.000,2863
271822,425085,1.000,2387
271823,424799,1.000,2385
271824,424608,1.000,2371
271825,424808,1.000,308
271826,424762,1.000,2359
271826,424763,1.000,2359
271827,424892,1.000,2862
271828,424471,1.000,2363
271829,424629,1.000,2359
271829,424630,1.000,2359
271830,424483,1.000,2359
271830,424484,1.000,2359
271831,424694,1.000,2359
271832,424455,1.000,2359
271832,424456,1.000,2359
271833,424820,1.000,2359
271833,424821,1.000,2359
271834,424477,1.000,2359
271835,425015,1.000,2359
271835,425016,1.000,2359
271836,424961,1.000,2352
271836,424962,1.000,2352
271837,424979,1.000,2352
271837,424980,2.000,134
271838,424878,1.000,2512
271839,424850,1.000,2352
271839,424851,1.000,2352
271840,424390,1.000,2446
271841,425111,1.000,2356
271841,425112,1.000,2356
271842,424792,1.000,2457
271842,424793,1.000,405
271843,424945,1.000,2371
271844,423372,1.000,2441
271845,424356,1.000,2449
271846,424349,1.000,2449
271847,424338,1.000,399
271848,424509,1.000,2359
271848,424510,1.000,2359
271849,424617,1.000,2359
271849,424618,1.000,2359
271850,424639,1.000,2359
271850,424640,1.000,2359
271851,424058,1.000,2457
271851,424059,1.000,405
271852,423812,1.000,2457
271852,423813,1.000,405
271853,424500,1.000,2359
271854,424337,1.000,2446
271855,423878,1.000,2459
271855,423879,1.000,405
271856,424469,1.000,2428
271857,424238,1.000,2416
271858,424757,1.000,308
271859,424655,1.000,2428
271859,424656,1.000,2430
271860,424791,1.000,2446
271861,425243,1.000,1130
271862,424156,1.000,2457
271862,424157,1.000,405
271862,424158,1.000,2457
271862,424159,1.000,787
271863,424083,1.000,2457
271863,424084,1.000,405
271864,424739,1.000,2385
271865,424512,1.000,2359
271865,424513,1.000,2359
271866,424583,1.000,2457
271866,424585,1.000,405
271867,424556,1.000,2359
271868,424932,1.000,2359
271868,424933,1.000,2359
271869,424588,1.000,2457
271869,424589,1.000,405
271870,424388,1.000,308
271871,424670,1.000,2359
271872,424552,1.000,2359
271872,424553,1.000,2359
271873,424176,1.000,2460
271874,424255,1.000,2450
271875,424924,1.000,2359
271875,424925,1.000,2359
271876,424733,1.000,2359
271876,424734,1.000,2359
271877,424666,1.000,2356
271878,424936,1.000,2359
271878,424937,1.000,2359
271879,424610,1.000,2359
271880,424257,1.000,2446
271881,424674,1.000,2371
271882,424421,1.000,2449
271883,424464,1.000,2359
271884,424729,1.000,2356
271885,424537,1.000,2359
271886,424408,1.000,2457
271886,424409,1.000,405
271887,424287,1.000,2449
271888,423686,1.000,2428
271888,423687,1.000,2430
271889,424635,1.000,2458
271889,424636,1.000,112
271890,425064,1.000,2365
271891,424571,1.000,2387
271892,424309,1.000,2447
271892,424310,1.000,2467
271893,424818,1.000,2359
271893,424819,1.000,2359
271894,425255,1.000,2569
271895,424433,1.000,2446
271896,424169,1.000,2459
271896,424170,1.000,405
271897,422932,1.000,2509
271898,424467,1.000,2359
271898,424468,1.000,2359
271899,424615,1.000,2359
271900,424653,1.000,308
271901,424941,1.000,2398
271902,424470,1.000,2359
271903,424637,1.000,308
271904,424540,1.000,308
271905,424833,1.000,2371
271906,424579,1.000,2387
271907,424634,1.000,2446
271908,424816,1.000,2359
271908,424817,1.000,2359
271909,425014,1.000,2352
271910,424834,1.000,2352
271911,425116,1.000,2352
271911,425117,1.000,2352
271912,425080,1.000,2352
271913,424839,1.000,2352
271913,424840,1.000,2352
271914,425020,1.000,2352
271915,424835,1.000,2352
271916,425120,1.000,2352
271917,424999,1.000,2352
271918,425028,1.000,2352
271918,425029,1.000,2352
271919,425121,1.000,2352
271920,424632,1.000,2509
271921,423837,1.000,2458
271921,423838,1.000,405
271922,424887,1.000,2397
271923,425033,1.000,2377
271924,424902,1.000,2359
271925,424334,1.000,2458
271925,424335,1.000,405
271926,424895,1.000,2397
271927,425263,1.000,2457
271927,425264,1.000,405
271928,425070,1.000,2359
271928,425071,1.000,2359
271929,424822,1.000,399
271930,424918,1.000,2359
271930,424919,1.000,2359
271931,424472,1.000,2371
271932,424593,1.000,2457
271932,424594,1.000,405
271933,424363,1.000,2375
271934,424646,1.000,399
271935,424809,1.000,2428
271935,424810,1.000,2430
271936,424837,1.000,2356
271936,424838,1.000,2356
271937,424725,1.000,2359
271937,424726,1.000,2359
271938,421875,1.000,2802
271938,424675,1.000,405
271939,424930,1.000,2359
271939,424931,1.000,2359
271940,424861,1.000,2356
271940,424862,1.000,2356
271941,424262,1.000,2488
271942,425074,1.000,2359
271942,425075,1.000,2359
271943,424592,1.000,2377
271944,424407,1.000,2488
271945,424877,1.000,2359
271946,425008,1.000,2352
271947,424644,1.000,399
271948,424305,1.000,2467
271949,423913,1.000,2457
271949,423914,1.000,405
271950,424480,1.000,2387
271951,425266,1.000,2951
271952,424527,1.000,308
271953,425267,1.000,2352
271953,425268,1.000,2352
271953,425269,1.000,2951
271954,424946,1.000,2395
271954,424947,1.000,2359
271955,425304,1.000,2375
271956,424917,1.000,2377
271957,424915,1.000,531
271958,424913,1.000,2390
271959,424900,1.000,2359
271959,424901,1.000,2359
271960,424897,1.000,2359
271960,424898,1.000,2359
271961,424884,1.000,2359
271961,424885,1.000,2359
271962,424879,1.000,2359
271963,424811,1.000,2452
271964,424803,1.000,2458
271964,424804,1.000,405
271965,424802,1.000,2471
271966,424801,1.000,2446
271967,424797,1.000,2458
271967,424798,1.000,405
271968,424788,1.000,2359
271969,424779,1.000,2359
271970,424771,1.000,2359
271970,424772,1.000,2359
271971,424766,1.000,2356
271971,424767,1.000,2356
271972,424765,1.000,2359
271973,424764,1.000,2450
271974,424760,1.000,2359
271975,424758,1.000,2390
271975,424759,1.000,915
271976,424755,1.000,2359
271976,424756,1.000,2359
271977,424747,1.000,2997
271978,424742,1.000,2446
271979,424736,1.000,2359
271979,424737,1.000,2359
271980,424735,1.000,2359
271981,424730,1.000,2359
271981,424731,1.000,2359
271982,424727,1.000,2359
271982,424728,1.000,2359
271983,424719,1.000,2359
271983,424720,1.000,2359
271984,424713,1.000,2369
271984,424714,1.000,2359
271985,424708,1.000,2359
271985,424709,1.000,2359
271986,424706,1.000,2359
271986,424707,1.000,2359
271987,424703,1.000,2359
271987,424704,1.000,2359
271988,424702,1.000,2359
271989,424697,1.000,2360
271989,424698,1.000,2360
271990,424692,1.000,2384
271990,424693,1.000,2359
271991,424691,1.000,2356
271992,424690,1.000,2359
271993,424688,1.000,2359
271993,424689,1.000,2359
271994,424684,1.000,2359
271994,424685,1.000,2359
271995,424682,1.000,2360
271995,424683,1.000,2360
271996,425352,1.000,408
271997,424678,1.000,2359
271997,424679,1.000,2359
271998,425022,1.000,2352
271998,425023,1.000,2352
271999,424301,1.000,2439
272000,425152,1.000,2359
272000,425153,1.000,2359
272001,424554,1.000,2442
272001,424555,1.000,3120
272002,424580,1.000,2457
272002,424581,1.000,405
272003,424530,1.000,2449
272004,424577,1.000,2457
272004,424578,1.000,405
272005,425397,1.000,2494
272006,425227,1.000,2352
272006,425228,1.000,2352
272007,425286,1.000,2352
272008,425236,1.000,2352
272008,425237,1.000,2352
272009,425078,1.000,2352
272009,425079,1.000,2352
272010,424559,1.000,1438
272010,424560,1.000,405
272011,425150,1.000,2394
272012,425076,1.000,2449
272013,425276,1.000,2359
272013,425277,1.000,2359
272014,424963,1.000,2359
272015,424995,1.000,2359
272015,424996,1.000,2359
272016,425123,1.000,399
272017,424681,1.000,2428
272018,425178,1.000,2359
272019,425278,1.000,2352
272019,425279,1.000,2352
272020,425207,1.000,2352
272021,425287,1.000,2352
272022,425093,1.000,2352
272023,425190,1.000,2352
272023,425191,1.000,2352
272024,425283,1.000,2352
272024,425284,1.000,2352
272025,424965,1.000,2359
272026,424686,1.000,2359
272026,424687,1.000,2359
272027,425478,1.000,2569
272028,425327,1.000,399
272029,425328,1.000,2494
272030,424641,1.000,2446
272031,424865,1.000,2359
272031,424866,1.000,2359
272032,424451,1.000,2428
272033,425312,1.000,2457
272033,425313,1.000,787
272034,424705,1.000,2446
272035,424905,1.000,2359
272035,424906,1.000,2359
272036,424935,1.000,2371
272037,424597,1.000,2457
272037,424598,1.000,405
272037,424599,1.000,2457
272037,424600,1.000,787
272038,424561,1.000,2458
272039,424645,1.000,2488
272040,425119,1.000,2439
272041,424854,1.000,2359
272041,424855,1.000,2359
272042,425166,1.000,2359
272042,425167,1.000,2359
272043,424565,1.000,2449
272044,424551,1.000,2446
272045,425154,1.000,2359
272045,425164,1.000,2359
272046,424648,1.000,2467
272047,424789,1.000,2389
272047,424790,1.000,2387
272048,424516,1.000,2446
272049,425128,1.000,2359
272050,425135,1.000,2359
272050,425136,1.000,2359
272051,424601,1.000,2460
272051,424602,1.000,405
272052,417143,1.000,2509
272052,425343,1.000,408
272053,424531,1.000,2446
272054,425129,1.000,2359
272055,424529,1.000,2449
272056,424910,1.000,2356
272056,424911,1.000,2356
272057,424619,1.000,2494
272058,424412,1.000,2446
272058,424413,1.000,2424
272059,424457,1.000,2428
272059,424458,1.000,486
272059,424460,1.000,490
272059,424461,1.000,491
272060,424848,1.000,2359
272061,424893,1.000,2359
272061,424894,1.000,2359
272062,424909,1.000,2359
272063,424955,1.000,308
272064,424745,1.000,2359
272064,424746,1.000,2359
272065,425113,1.000,308
272066,425118,1.000,308
272067,424920,1.000,2359
272067,424921,1.000,2359
272068,424890,1.000,2356
272068,424891,1.000,2356
272069,424881,1.000,2359
272069,424882,1.000,2359
272070,424907,1.000,2356
272070,424908,1.000,2356
272071,424751,1.000,2356
272071,424752,1.000,2356
272072,424867,1.000,2371
272073,425168,1.000,308
272074,425002,1.000,308
272075,425169,1.000,2460
272075,425170,1.000,405
272076,424785,1.000,2387
272077,425314,1.000,2397
272077,425315,1.000,2378
272078,424711,1.000,2461
272078,424712,1.000,405
272079,424852,1.000,2359
272080,424187,1.000,2428
272080,424188,1.000,2430
272081,424647,1.000,2481
272082,424859,1.000,2452
272083,424650,1.000,2458
272083,424651,1.000,405
272084,424868,1.000,2424
272085,425175,1.000,2449
272086,425256,1.000,2356
272086,425257,1.000,2356
272087,424557,1.000,2996
272088,425194,1.000,2449
272089,424869,1.000,2359
272089,424870,1.000,2359
272090,424365,1.000,2428
272091,424843,1.000,2359
272091,424844,1.000,2359
272092,425213,1.000,2360
272093,425130,1.000,2359
272093,425131,1.000,2359
272094,424783,1.000,2369
272094,424784,2.000,672
272095,424621,1.000,2449
272096,424497,1.000,2390
272097,424538,1.000,2449
272098,425311,1.000,2359
272099,424611,1.000,2457
272099,424612,1.000,405
272100,424508,1.000,2457
272101,425539,26.000,660
272102,424761,1.000,2458
272103,425174,1.000,2428
272104,425187,1.000,2360
272105,425540,1.000,3408
272106,424845,1.000,2460
272106,424846,1.000,405
272106,424847,1.000,408
272107,425100,1.000,2450
272108,425541,12.000,660
272109,425165,1.000,399
272110,424883,1.000,2385
272111,425542,1.000,3408
272112,425030,1.000,2359
272113,424829,1.000,2359
272113,424830,1.000,2359
272114,424171,1.000,2460
272114,424172,1.000,405
272114,424173,1.000,408
272115,424872,1.000,2359
272115,424873,1.000,2359
272116,424740,1.000,2386
272116,424741,1.000,2385
272117,425321,1.000,2359
272118,424858,1.000,2371
272119,424543,1.000,2428
272120,424926,1.000,2359
272121,425196,1.000,2352
272121,425197,1.000,2352
272121,425198,1.000,2385
272122,425301,1.000,2352
272122,425302,1.000,2352
272123,425374,1.000,2352
272124,425171,1.000,2352
272124,425172,1.000,2352
272125,425218,1.000,2352
272125,425219,1.000,2352
272126,425138,1.000,2352
272126,425139,1.000,2352
272126,425142,2.000,134
272127,425549,1.000,2352
272127,425550,1.000,2352
272128,425299,1.000,2352
272128,425300,1.000,2352
272129,425333,1.000,3009
272130,425370,1.000,2352
272131,425238,1.000,2352
272132,425369,1.000,3009
272133,425293,1.000,2352
272133,425294,1.000,2352
272134,425555,1.000,2951
272135,425216,1.000,2352
272136,425024,1.000,2359
272137,425199,1.000,2359
272137,425200,1.000,2359
272138,425086,1.000,2371
272139,425047,1.000,2359
272139,425048,1.000,2359
272140,424975,1.000,2359
272140,424976,1.000,2359
272141,424971,1.000,2359
272141,424972,1.000,2359
272142,424969,1.000,2359
272142,424970,1.000,2359
272143,425098,1.000,2356
272144,425089,1.000,2359
272144,425090,1.000,2359
272145,425054,1.000,2359
272145,425055,1.000,2359
272146,425026,1.000,2359
272146,425027,1.000,2359
272147,425009,1.000,2359
272147,425010,1.000,2359
272148,425003,1.000,2359
272148,425004,1.000,2359
272149,425000,1.000,2359
272149,425001,1.000,2359
272150,424989,1.000,2359
272150,424990,1.000,2359
272151,424984,1.000,2359
272151,424985,1.000,2359
272152,424977,1.000,2359
272152,424978,1.000,2359
272153,424968,1.000,2359
272154,425204,1.000,2359
272154,425205,1.000,2359
272155,425056,1.000,2356
272155,425057,1.000,2356
272156,425040,1.000,2359
272156,425041,1.000,2359
272157,425012,1.000,2359
272157,425013,1.000,2359
272158,425101,1.000,2359
272158,425102,1.000,2359
272159,424966,1.000,2359
272159,424967,1.000,2359
272160,424973,1.000,2359
272160,424974,1.000,2359
272161,425360,1.000,2356
272161,425361,1.000,2356
272162,425060,1.000,2360
272162,425061,1.000,2360
272163,425320,1.000,2373
272164,425031,1.000,2359
272164,425032,1.000,2359
272165,424983,1.000,2488
272166,425280,1.000,2359
272167,425220,1.000,2486
272168,425353,1.000,2352
272168,425354,1.000,2352
272169,425548,1.000,2352
272170,425429,1.000,2512
272171,425566,1.000,2352
272171,425567,1.000,2352
272172,425563,1.000,2512
272173,425564,1.000,2352
272173,425565,1.000,2352
272174,425668,1.000,2449
272175,425217,1.000,2471
272176,425396,1.000,2512
272177,425349,1.000,2359
272178,425379,1.000,2461
272178,425380,1.000,405
272179,425497,1.000,2512
272180,425577,1.000,2359
272180,425578,1.000,2359
272181,424981,1.000,2424
272182,425346,1.000,2395
272183,425355,1.000,2356
272183,425356,1.000,2356
272184,425275,1.000,2359
272185,424942,1.000,2428
272186,425479,1.000,2359
272186,425480,1.000,2359
272187,425569,1.000,399
272188,424987,1.000,399
272189,425688,1.000,3669
272190,425052,1.000,2452
272191,425193,1.000,2424
272192,425103,1.000,2426
272193,425560,1.000,2446
272194,424652,1.000,2449
272195,425092,1.000,2363
272196,425232,2.000,2495
272197,425087,1.000,2359
272197,425088,1.000,2359
272198,425434,1.000,2449
272199,424863,1.000,2359
272200,424824,1.000,2371
272201,425239,1.000,2359
272201,425240,1.000,2359
272202,425251,1.000,2356
272202,425252,1.000,2356
272203,424956,1.000,401
272204,424948,1.000,399
272204,424949,1.000,915
272205,424836,1.000,2359
272206,424620,1.000,2426
272207,424993,1.000,2359
272208,424710,1.000,2488
272209,424533,1.000,2426
272210,424813,1.000,2446
272211,424950,1.000,399
272211,424951,1.000,915
272212,424914,1.000,2446
272213,425206,1.000,2469
272214,424743,1.000,308
272215,424805,1.000,2488
272216,424732,1.000,2452
272217,425805,1.000,2509
272218,424054,1.000,2457
272218,424055,1.000,405
272219,425077,1.000,2363
272220,424899,1.000,2359
272221,424806,1.000,2428
272221,424807,1.000,2430
272222,425099,1.000,2359
272223,425176,1.000,2457
272223,425177,1.000,405
272224,424715,1.000,308
272224,424716,1.000,308
272225,425322,1.000,2352
272226,425350,1.000,2356
272227,425223,1.000,308
272228,425325,1.000,2356
272228,425326,1.000,2356
272229,425265,1.000,2359
272230,425212,1.000,2387
272231,424922,1.000,2449
272232,424896,1.000,2467
272233,425229,1.000,2359
272234,425583,1.000,2356
272234,425584,1.000,2356
272235,425214,1.000,308
272236,425082,1.000,2363
272237,424943,1.000,2457
272237,424944,1.000,405
272238,425649,1.000,2459
272239,425011,1.000,2447
272240,424952,1.000,399
272240,424953,1.000,2862
272240,424954,1.000,748
272241,425605,1.000,399
272242,425215,1.000,2394
272243,424998,1.000,2596
272244,425254,1.000,2424
272245,425454,1.000,2359
272245,425455,1.000,2359
272246,425250,1.000,2371
272247,425451,1.000,2385
272247,425452,1.000,2356
272248,425458,1.000,2449
272249,424904,1.000,2446
272250,425221,1.000,2359
272250,425222,1.000,2359
272251,425441,1.000,2387
272252,425817,1.000,2569
272253,425535,1.000,308
272253,425536,1.000,308
272254,424912,1.000,2449
272255,425224,1.000,2459
272255,425225,1.000,405
272255,425226,1.000,408
272256,425203,1.000,2359
272257,425527,1.000,2387
272257,425528,1.000,2387
272258,425631,1.000,2359
272258,425643,1.000,3475
272259,425693,1.000,2458
272259,425694,1.000,405
272260,425007,1.000,2389
272261,425586,1.000,2460
272261,425587,1.000,405
272261,425588,1.000,408
272262,425109,1.000,2387
272263,425005,1.000,308
272264,425402,1.000,2352
272264,425403,1.000,2352
272265,425520,1.000,2352
272266,425449,1.000,2352
272267,425616,1.000,2352
272268,425620,1.000,2352
272268,425621,1.000,2352
272269,425611,1.000,2352
272270,425500,1.000,2352
272270,425501,1.000,2352
272271,422615,1.000,2509
272271,422616,1.000,408
272272,425622,1.000,2352
272272,425623,1.000,2352
272273,425617,1.000,2352
272274,425437,1.000,2359
272275,425543,1.000,2352
272275,425544,1.000,2356
272276,425546,1.000,2352
272276,425547,1.000,2352
272277,425428,1.000,2512
272278,425400,1.000,2352
272279,425442,1.000,2352
272279,425443,1.000,2352
272280,425828,1.000,2352
272280,425829,1.000,2352
272281,425696,1.000,2359
272281,425697,1.000,2359
272282,425604,1.000,2359
272283,425830,1.000,2513
272284,424404,1.000,2416
272285,425249,1.000,2371
272286,425831,1.000,2352
272286,425832,1.000,2352
272287,425344,1.000,2395
272288,425834,1.000,1129
272289,424638,1.000,2416
272290,425430,1.000,2359
272291,425095,1.000,2359
272291,425096,1.000,2359
272292,425147,1.000,2430
272293,425316,1.000,2424
272294,425644,1.000,2378
272295,425127,1.000,2359
272296,425342,1.000,2363
272297,425104,1.000,399
272298,425600,1.000,308
272299,425162,1.000,2443
272299,425163,1.000,3120
272300,425601,1.000,2359
272300,425602,1.000,2359
272301,425523,1.000,2424
272302,425935,1.000,522
272303,425940,1.000,522
272304,425485,1.000,2359
272304,425486,1.000,2359
272305,425460,1.000,2359
272306,425417,1.000,2359
272307,425414,1.000,2359
272307,425415,1.000,2359
272308,425410,1.000,2359
272308,425411,1.000,2359
272309,425384,1.000,2359
272310,425375,1.000,2359
272310,425376,1.000,2359
272311,425367,1.000,2356
272311,425368,1.000,2356
272312,425365,1.000,2359
272313,425362,1.000,2359
272314,425305,1.000,2359
272315,425295,1.000,2359
272315,425296,1.000,2359
272316,425992,1.000,2352
272317,425685,1.000,2352
272317,425686,1.000,2352
272318,425772,1.000,2356
272318,425773,1.000,2356
272319,425450,1.000,2450
272320,425843,1.000,2371
272321,425545,1.000,2449
272322,425418,1.000,2371
272323,425323,1.000,2356
272323,425324,1.000,2356
272324,425208,1.000,2446
272325,425107,1.000,2488
272326,425779,1.000,2352
272327,425784,1.000,2352
272327,425785,1.000,2352
272328,425141,1.000,2449
272329,425062,1.000,2449
272330,422705,1.000,2446
272331,425812,1.000,2352
272331,425813,1.000,2352
272332,425825,1.000,2512
272333,425609,1.000,2395
272334,425815,1.000,2352
272334,425816,1.000,2352
272335,425097,1.000,2449
272336,425800,1.000,2352
272337,425774,1.000,2356
272337,425775,1.000,2356
272338,425720,1.000,2352
272339,425726,1.000,2352
272339,425727,1.000,2352
272340,425936,1.000,2352
272340,425937,1.000,2352
272341,425683,1.000,2363
272341,425684,1.000,2359
272342,425803,1.000,2359
272343,425270,1.000,2378
272344,425870,1.000,2352
272345,425021,1.000,2378
272346,425725,1.000,2424
272347,425462,1.000,2424
272348,425334,1.000,2522
272349,425614,1.000,2352
272350,425329,1.000,2424
272351,425606,1.000,2389
272352,425134,1.000,2481
272353,425114,1.000,2486
272356,425160,1.000,2461
272356,425161,1.000,405
272357,426026,9.000,660
272358,425431,1.000,2424
272359,425427,1.000,2377
272360,422702,1.000,2449
272361,425091,1.000,2450
272362,425389,1.000,308
272363,425317,1.000,2494
272364,425845,1.000,2359
272365,425691,1.000,2359
272365,425692,1.000,2359
272366,426027,1.000,2569
272367,426029,1.000,490
272368,425625,1.000,2569
272369,425594,1.000,2458
272369,425595,1.000,405
272370,426035,1.000,2460
272370,426036,1.000,405
272371,426086,1.000,2509
272372,426052,1.000,490
272373,425482,1.000,2356
272374,425874,1.000,2352
272374,425875,1.000,2352
272375,425398,1.000,2371
272376,425241,1.000,2356
272376,425242,1.000,2356
272377,425470,1.000,2359
272377,425471,1.000,2359
272378,425514,1.000,2359
272379,425638,1.000,2368
272380,425331,1.000,2359
272380,425332,1.000,2359
272381,425515,1.000,2359
272381,425516,1.000,2359
272382,425864,1.000,2356
272382,425865,1.000,2356
272383,425498,1.000,2359
272383,425499,1.000,2359
272384,425551,1.000,2359
272384,425552,1.000,2359
272385,425769,1.000,2385
272385,425770,1.000,2359
272386,425357,1.000,2428
272386,425358,1.000,2430
272387,425522,1.000,2428
272388,425183,1.000,2428
272389,425517,1.000,2359
272389,425518,1.000,2359
272390,425173,1.000,2395
272391,425506,1.000,2359
272391,425507,1.000,2359
272392,425797,1.000,2359
272392,425798,1.000,2359
272393,425876,1.000,2359
272393,425877,1.000,2359
272394,425521,1.000,2359
272395,425510,1.000,2359
272395,425511,1.000,2359
272396,425463,1.000,2359
272397,425481,1.000,2359
272398,425529,1.000,2449
272399,426135,1.000,2509
272400,425201,1.000,2359
272401,426134,1.000,2509
272402,425210,1.000,2457
272402,425211,1.000,405
272403,426150,1.000,2457
272403,426151,1.000,405
272404,425058,1.000,2457
272404,425059,1.000,405
272405,425381,1.000,2457
272405,425382,1.000,405
272406,425202,1.000,2509
272407,425840,1.000,2352
272408,425847,1.000,2352
272408,425848,1.000,2352
272409,425889,1.000,2354
272410,425899,1.000,2352
272410,425900,1.000,2352
272410,425903,1.000,134
272411,425700,1.000,2352
272411,425701,1.000,2352
272412,426015,1.000,2352
272413,425894,1.000,2352
272414,425841,1.000,2512
272414,425842,1.000,2512
272415,425966,1.000,2352
272416,425721,1.000,2352
272417,425869,1.000,2352
272418,425708,1.000,2395
272419,425878,1.000,2387
272420,425613,1.000,2387
272421,425408,1.000,2424
272422,425235,1.000,2446
272423,425634,1.000,408
272424,425233,1.000,2457
272424,425234,1.000,405
272425,425466,1.000,2457
272425,425467,1.000,787
272426,425045,1.000,2446
272427,424988,1.000,2446
272428,425042,1.000,2446
272429,425017,1.000,2457
272429,425018,1.000,405
272430,425863,1.000,2424
272431,425533,1.000,2446
272432,425432,1.000,2359
272432,425433,1.000,2359
272433,425531,1.000,2446
272433,425532,1.000,2494
272434,425084,1.000,2467
272435,425188,1.000,2446
272436,425072,1.000,399
272436,425073,1.000,3379
272437,425133,1.000,2467
272438,425651,1.000,399
272438,425652,1.000,2862
272439,425297,1.000,2356
272439,425298,1.000,2356
272440,425524,1.000,2356
272440,425525,1.000,2356
272440,425526,1.000,134
272441,425253,1.000,2449
272442,425660,1.000,2359
272442,425661,1.000,2359
272443,425707,1.000,2359
272444,425974,1.000,2362
272445,425950,1.000,2359
272445,425951,1.000,2359
272446,425837,1.000,2385
272447,425081,1.000,2463
272447,425925,1.000,405
272448,425140,1.000,2703
272449,425477,1.000,2359
272450,425335,1.000,2942
272450,425336,1.000,2387
272451,425347,1.000,2359
272452,425359,1.000,2377
272453,425928,1.000,2449
272454,423958,1.000,2509
272455,425628,1.000,2359
272456,425557,1.000,2359
272456,425558,1.000,2359
272457,425818,1.000,2359
272458,425794,1.000,2359
272458,425795,1.000,2359
272459,425792,1.000,2359
272459,425793,1.000,2359
272460,425789,1.000,2356
272460,425790,1.000,2356
272461,425780,1.000,2356
272461,425781,1.000,2356
272462,425777,1.000,2356
272462,425778,1.000,2356
272463,425776,1.000,2359
272464,425728,1.000,2359
272465,425791,1.000,2359
272466,425787,1.000,2359
272466,425788,1.000,2359
272467,425822,1.000,2359
272467,425823,1.000,2356
272468,425821,1.000,2359
272469,425292,1.000,2449
272470,425290,1.000,615
272471,425807,1.000,2387
272472,425796,1.000,2447
272473,425826,1.000,2424
272473,425827,1.000,2446
272474,425440,1.000,2428
272474,426091,1.000,490
272474,426092,1.000,486
272474,426093,1.000,408
272475,426089,1.000,2356
272475,426090,1.000,2356
272476,426341,20.000,660
272477,425782,1.000,2360
272477,425783,1.000,2360
272478,425824,1.000,2359
272479,425610,1.000,2450
272480,425065,1.000,2428
272480,425066,1.000,2430
272481,425619,1.000,2385
272482,425941,1.000,2359
272483,425006,1.000,2428
272484,425435,1.000,2446
272485,425938,1.000,2359
272486,425424,1.000,2446
272487,426041,1.000,2359
272487,426042,1.000,2359
272488,425931,1.000,2359
272489,425624,1.000,2385
272490,425456,1.000,2449
272491,425387,1.000,2467
272492,425446,1.000,2449
272493,426032,1.000,2352
272493,426033,1.000,2352
272494,425976,1.000,2449
272495,426177,1.000,2512
272496,426023,1.000,627
272497,426178,1.000,2352
272497,426179,1.000,2352
272498,426024,1.000,399
272499,425958,1.000,2352
272499,425959,1.000,2352
272500,426367,1.000,2352
272500,426368,1.000,2352
272501,426206,1.000,2359
272501,426207,1.000,2359
272502,425371,1.000,308
272503,426202,1.000,2352
272503,426203,1.000,2352
272504,426174,1.000,2352
272504,426175,1.000,134
272505,426198,1.000,2352
272505,426199,1.000,2352
272506,425993,1.000,2352
272506,425994,1.000,2352
272507,426372,2.000,2352
272507,426373,2.000,2352
272525,425390,1.000,2356
272526,425636,1.000,2359
272526,425637,1.000,2356
272527,425635,1.000,2359
272528,425679,1.000,2449
272529,425504,1.000,2395
272529,425505,1.000,2359
272530,425890,1.000,2395
272531,425648,1.000,2424
272532,425670,1.000,2359
272532,425671,1.000,2359
272533,425846,1.000,2377
272534,425049,1.000,399
272535,425483,1.000,2488
272535,425484,1.000,2467
272536,425897,1.000,2363
272537,426048,1.000,2401
272538,425607,1.000,2395
272539,425351,1.000,2428
272540,425340,1.000,2359
272540,425341,1.000,2359
272541,425385,1.000,2356
272541,425386,1.000,2356
272542,425724,1.000,2371
272543,425407,1.000,2426
272544,425731,1.000,2446
272545,425459,1.000,2371
272546,425530,2.000,2494
272547,425158,1.000,2458
272547,425159,1.000,405
272548,425646,1.000,2363
272548,425647,1.000,2359
272549,425420,1.000,2356
272549,425421,1.000,2356
272550,425689,1.000,2356
272550,425690,1.000,2356
272551,425673,1.000,2356
272551,425674,1.000,2356
272552,425502,1.000,2359
272552,425503,1.000,2359
272553,425626,1.000,2356
272553,425627,1.000,2356
272554,425494,1.000,2356
272554,425495,1.000,2359
272555,425094,1.000,2449
272556,426119,1.000,2359
272557,425675,1.000,2449
272558,426158,1.000,2359
272559,426025,1.000,2359
272560,425425,1.000,2356
272560,425426,1.000,2356
272561,425537,1.000,2356
272561,425538,1.000,2356
272562,425372,1.000,2359
272563,425464,1.000,2359
272563,425465,1.000,2359
272564,426459,1.000,1130
272565,426405,1.000,2395
272566,426355,1.000,2395
272567,425345,1.000,3194
272568,425639,1.000,2495
272569,425579,1.000,2449
272570,425650,1.000,2471
272571,425412,1.000,2457
272571,425416,1.000,787
272572,425971,1.000,2457
272572,425972,1.000,787
272573,425612,1.000,2368
272574,425559,1.000,2446
272575,426111,1.000,2359
272575,426112,1.000,2359
272576,425641,1.000,2488
272576,425642,1.000,2495
272577,425582,1.000,2446
272578,425319,1.000,3617
272579,425914,1.000,308
272580,425687,1.000,2467
272581,426153,1.000,2512
272582,425858,1.000,2449
272583,425680,1.000,308
272584,425366,1.000,2425
272585,425337,1.000,2457
272585,425338,1.000,405
272585,425339,1.000,2467
272586,425879,1.000,2457
272586,425880,1.000,405
272587,425663,1.000,2446
272588,425394,1.000,2457
272588,425395,1.000,405
272589,425438,1.000,2488
272589,425439,1.000,2467
272590,425702,1.000,2426
272591,425209,1.000,2449
272592,425034,1.000,2449
272593,425508,1.000,2357
272593,425509,1.000,2357
272594,426208,1.000,2360
272594,426209,1.000,2360
272595,426010,1.000,2359
272595,426011,1.000,2359
272596,425836,1.000,2387
272597,425667,2.000,2495
272598,425653,1.000,2359
272598,425654,1.000,2359
272599,425932,1.000,2359
272599,425933,1.000,2359
272600,425629,1.000,2488
272600,425630,1.000,2495
272601,425576,1.000,2449
272602,425885,1.000,2389
272603,426129,1.000,2359
272603,426130,1.000,2359
272604,426115,1.000,2359
272604,426116,1.000,2359
272605,425492,1.000,2457
272605,425493,1.000,405
272606,425923,1.000,2359
272607,425405,1.000,2457
272607,425406,1.000,787
272608,425672,1.000,2446
272609,425475,1.000,2446
272610,425019,1.000,2426
272611,424519,1.000,2416
272612,426078,1.000,2378
272613,425573,1.000,2359
272614,425659,1.000,2424
272615,425608,1.000,2390
272616,425978,1.000,2359
272616,425979,1.000,2359
272617,425581,1.000,2449
272618,425556,1.000,2449
272619,425589,1.000,2446
272620,425575,1.000,2449
272621,425681,1.000,2449
272622,425640,1.000,2446
272623,425975,1.000,2424
272624,425053,1.000,2509
272625,425883,1.000,2387
272626,425901,1.000,2359
272626,425902,1.000,2359
272627,425593,1.000,2495
272628,425447,1.000,2488
272629,426302,1.000,2363
272630,424939,1.000,2449
272631,425246,1.000,2424
272631,425247,1.000,2446
272632,425666,1.000,2488
272633,426280,1.000,2359
272633,426281,1.000,2359
272634,425904,1.000,787
272635,425184,1.000,399
272635,425185,1.000,2862
272636,425363,1.000,2359
272636,425364,1.000,2359
272637,426121,1.000,2359
272637,426122,1.000,2359
272638,425186,1.000,2449
272639,424888,1.000,2428
272639,424889,1.000,2430
272640,425884,1.000,2359
272641,425419,1.000,2481
272642,426007,1.000,2387
272643,425929,1.000,2359
272643,425930,1.000,2359
272644,425838,1.000,2387
272644,425839,1.000,2387
272645,425952,1.000,2371
272646,426019,1.000,2363
272647,425944,1.000,2425
272648,425859,1.000,2356
272648,425860,1.000,2356
272649,425723,1.000,2449
272650,425496,1.000,2369
272651,425926,1.000,2359
272651,425927,1.000,2359
272652,425512,1.000,2457
272652,425513,1.000,787
272653,425695,1.000,308
272654,426108,1.000,2359
272654,426109,1.000,2359
272655,426204,1.000,2352
272655,426205,1.000,2352
272656,426139,1.000,2352
272656,426140,1.000,2352
272657,426149,1.000,2352
272658,425967,1.000,2352
272659,426201,1.000,2352
272660,425553,1.000,2387
272661,426188,1.000,2352
272661,426189,1.000,2352
272662,425872,1.000,2359
272662,425873,1.000,2359
272663,426160,1.000,2352
272663,426161,1.000,2352
272664,425669,1.000,308
272665,426159,1.000,2352
272666,426462,1.000,2509
272667,425729,1.000,2359
272667,425730,1.000,2359
272668,425855,1.000,2424
272669,426005,1.000,2359
272669,426006,1.000,2359
272670,425534,1.000,2378
272671,425767,1.000,2359
272671,425768,1.000,2359
272672,425561,1.000,2359
272672,425562,1.000,2359
272673,425448,1.000,2389
272674,426097,1.000,2359
272675,426463,1.000,2449
272676,425377,1.000,2442
272676,425378,1.000,3120
272677,425144,1.000,2428
272677,425145,1.000,2430
272678,426258,1.000,2352
272678,426259,1.000,2352
272679,425572,1.000,2387
272680,425881,1.000,2359
272680,425882,1.000,2359
272681,426409,1.000,2359
272682,425988,1.000,2359
272682,425989,1.000,2359
272683,426002,1.000,2360
272683,426003,1.000,2360
272684,425977,1.000,2359
272685,426013,1.000,2359
272685,426014,1.000,2359
272686,426117,1.000,2357
272686,426118,1.000,2357
272687,426081,1.000,2356
272687,426082,1.000,2356
272688,426069,1.000,2359
272689,426064,1.000,2359
272689,426065,1.000,2359
272690,426061,1.000,2359
272690,426062,1.000,2359
272691,425982,1.000,2360
272691,425983,1.000,2360
272692,426056,1.000,2359
272692,426057,1.000,2359
272693,425998,1.000,2360
272693,425999,1.000,2360
272694,426053,1.000,2359
272695,426049,1.000,2359
272695,426050,1.000,2359
272696,426034,1.000,2359
272697,426106,1.000,2356
272698,426098,1.000,2359
272699,426045,1.000,2446
272700,425968,1.000,2446
272701,425820,1.000,308
272702,426004,1.000,2703
272703,425067,1.000,2426
272704,425786,1.000,2449
272705,426105,1.000,2377
272706,426298,1.000,2424
272707,426479,1.000,2359
272708,426059,1.000,2457
272708,426060,1.000,405
272709,425423,1.000,2428
272710,425719,1.000,2446
272711,425457,1.000,2428
272712,426171,1.000,2359
272713,426180,1.000,2359
272713,426181,1.000,2359
272714,425806,1.000,2467
272715,426400,1.000,2428
272716,426300,1.000,2352
272716,426301,1.000,2352
272717,426456,1.000,2352
272718,426580,1.000,2352
272718,426581,1.000,2352
272719,426476,2.000,2352
272719,426477,2.000,2352
272720,426044,1.000,2446
272721,426084,1.000,2428
272721,426085,1.000,2430
272722,426020,1.000,748
272723,425973,1.000,2449
272724,425985,1.000,2395
272724,425986,1.000,2356
272725,425722,1.000,2502
272726,425709,1.000,2356
272726,425710,1.000,2356
272727,425682,1.000,2377
272728,426505,1.000,2352
272728,426506,1.000,2352
272729,425962,1.000,2377
272730,425963,1.000,2357
272730,425964,1.000,2357
272731,425861,1.000,2356
272732,425980,1.000,2428
272733,425711,1.000,2356
272733,425712,1.000,2356
272734,426264,1.000,2359
272735,426419,1.000,2509
272736,426339,1.000,2356
272736,426340,1.000,2356
272737,426073,1.000,2449
272738,426195,1.000,2363
272739,425799,1.000,2449
272740,425814,1.000,2618
272741,426083,1.000,2450
272742,425804,2.000,308
272743,426490,1.000,2378
272744,425771,1.000,2750
272745,426468,1.000,308
272746,426606,1.000,2360
272746,426607,1.000,2359
272747,426066,1.000,2906
272747,426067,2.000,748
272748,426087,1.000,2359
272749,426365,1.000,2359
272757,424964,1.000,2416
272758,425703,1.000,2458
272758,425704,1.000,405
272759,426017,1.000,2428
272759,426018,1.000,2432
272760,426131,1.000,2363
272761,425036,1.000,2428
272762,425991,1.000,2449
272763,425676,1.000,2458
272763,425677,1.000,405
272764,426176,1.000,308
272765,426444,1.000,2424
272766,425871,1.000,2445
272767,425987,1.000,2488
272768,426043,1.000,2446
272769,426103,1.000,2446
272770,425180,1.000,2426
272770,425181,1.000,2433
272771,425765,1.000,2460
272771,425766,1.000,405
272772,425909,1.000,2446
272773,426352,1.000,2359
272774,425907,1.000,2359
272774,425908,1.000,2359
272775,426397,1.000,2359
272776,425445,1.000,2428
272777,425852,1.000,2446
272778,426363,1.000,2359
272778,426364,1.000,2359
272779,426460,1.000,2356
272779,426461,1.000,2356
272780,426156,1.000,2359
272780,426157,1.000,2359
272781,426058,1.000,2359
272782,426163,1.000,2359
272782,426164,1.000,2359
272783,426079,1.000,2356
272783,426080,1.000,2356
272784,426047,1.000,2449
272785,426244,1.000,2359
272785,426245,1.000,2359
272786,426154,1.000,2385
272786,426155,1.000,2359
272787,426127,1.000,2359
272787,426128,1.000,2359
272788,426123,1.000,2385
272788,426124,1.000,2359
272789,426246,1.000,2359
272789,426247,1.000,2359
272790,426095,1.000,2359
272791,425939,1.000,2446
272792,425922,1.000,2449
272793,426046,1.000,2368
272794,426074,1.000,2359
272794,426075,1.000,2359
272795,426288,1.000,2359
272796,426427,1.000,308
272797,426383,1.000,2359
272797,426384,1.000,2359
272798,426190,1.000,2488
272799,425947,1.000,2449
272800,425934,1.000,2359
272801,426428,1.000,308
272802,425895,1.000,2458
272802,425896,1.000,405
272803,426022,1.000,2481
272804,426269,1.000,2359
272804,426270,1.000,2359
272805,426275,1.000,2363
272806,426125,1.000,2359
272807,426077,1.000,2446
272808,426120,1.000,2446
272809,425995,1.000,2359
272809,425996,1.000,2359
272810,426267,1.000,2446
272811,426396,1.000,2359
272812,425854,1.000,308
272813,426531,1.000,399
272814,426410,1.000,2359
272814,426411,1.000,2359
272815,426348,1.000,2363
272816,425718,1.000,2449
272817,426377,1.000,2359
272818,425942,1.000,2458
272818,425943,1.000,405
272819,425732,1.000,2363
272819,425733,1.000,2359
272820,426063,1.000,2449
272821,426388,1.000,2512
272822,425714,1.000,2428
272822,425715,1.000,486
272822,425716,1.000,490
272822,425717,1.000,491
272823,426191,1.000,2424
272824,426521,1.000,2352
272824,426522,1.000,2352
272825,425809,1.000,2460
272825,425810,1.000,405
272825,425811,1.000,408
272826,426622,1.000,2352
272827,425921,1.000,2449
272828,426038,1.000,2509
272829,426417,1.000,2352
272829,426418,1.000,2352
272830,426545,1.000,2359
272830,426546,1.000,2359
272831,426733,1.000,2512
272832,426558,1.000,2354
272833,425618,1.000,2475
272834,426504,1.000,2352
272835,426437,1.000,2390
272835,426438,2.000,748
272836,426403,1.000,2359
272836,426404,1.000,2359
272837,426527,1.000,2352
272837,426528,1.000,2512
272838,426394,1.000,2359
272839,426380,1.000,2428
272839,426381,1.000,2430
272840,426562,1.000,2352
272841,425990,1.000,2359
272842,426564,1.000,2352
272842,426565,1.000,2352
272843,426287,1.000,2446
272844,426678,1.000,2359
272844,426679,1.000,2359
272845,426553,1.000,3009
272846,426544,1.000,2359
272847,426398,1.000,2352
272848,426736,1.000,2359
272849,425808,1.000,308
272850,426755,6.000,660
272851,426771,1.000,2569
272852,425330,1.000,399
272853,426243,1.000,2359
272854,426257,1.000,2424
272855,426342,1.000,2359
272855,426343,1.000,2359
272856,426272,1.000,2363
272856,426273,1.000,2359
272857,426276,1.000,2359
272857,426277,1.000,2359
272858,426482,1.000,2356
272859,426182,1.000,2359
272860,426250,1.000,2359
272860,426251,1.000,2359
272861,426855,1.000,2951
272862,426670,1.000,2359
272863,426492,1.000,2359
272863,426493,1.000,2359
272864,426186,1.000,2360
272864,426187,1.000,2360
272865,426054,1.000,2449
272866,426183,1.000,2356
272866,426184,1.000,2356
272867,426495,1.000,2359
272867,426496,1.000,2359
272868,426486,1.000,2359
272868,426487,1.000,2359
272869,426740,1.000,2359
272870,426304,1.000,2356
272871,426286,1.000,2359
272872,426549,1.000,2359
272873,426395,1.000,2359
272874,426471,1.000,2359
272874,426472,1.000,2359
272875,426561,1.000,2359
272876,426518,1.000,2356
272876,426519,1.000,2356
272877,425801,1.000,2428
272877,425802,1.000,2430
272878,426248,1.000,2457
272878,426249,1.000,405
272879,424062,1.000,2449
272880,426406,1.000,2368
272881,426651,1.000,2352
272881,426652,1.000,2352
272881,426653,1.000,134
272882,426656,1.000,2512
272883,426554,1.000,2352
272883,426555,1.000,2352
272884,426605,1.000,2389
272885,426615,1.000,2442
272885,426616,1.000,3120
272886,424060,1.000,2449
272887,426613,1.000,2359
272887,426614,1.000,2359
272888,426735,1.000,2352
272889,426636,1.000,2352
272890,426113,1.000,308
272890,426114,1.000,308
272891,426576,1.000,2449
272892,426421,1.000,2552
272893,426283,1.000,2459
272893,426284,1.000,405
272894,426550,1.000,2352
272894,426551,1.000,2352
272895,426165,1.000,490
272895,426166,1.000,486
272895,426167,1.000,491
272896,426072,1.000,2428
272897,426266,1.000,2371
272898,426866,1.000,2359
272899,426096,1.000,2428
272900,426414,1.000,2359
272900,426415,1.000,2359
272901,425867,1.000,2457
272901,425868,1.000,405
272902,426534,1.000,2359
272902,426535,1.000,2359
272903,426801,1.000,2359
272904,426132,1.000,2458
272904,426133,1.000,405
272905,426292,1.000,2363
272905,426293,1.000,915
272905,426294,1.000,2359
272906,426567,1.000,2359
272906,426568,1.000,2359
272907,426385,1.000,2359
272907,426386,1.000,2359
272908,426278,1.000,2449
272908,426279,2.000,2984
272909,426672,1.000,2359
272910,425919,1.000,2457
272910,425920,1.000,787
272911,426578,1.000,2359
272911,426579,1.000,2359
272912,426012,1.000,2378
272913,426719,1.000,2359
272913,426720,1.000,2359
272914,426674,1.000,2359
272914,426676,1.000,2359
272915,426850,1.000,2377
272916,425915,1.000,2457
272916,425916,1.000,405
272916,425917,1.000,2457
272916,425918,1.000,405
272917,426583,1.000,2359
272918,426147,1.000,2390
272918,426148,2.000,748
272919,425422,1.000,399
272920,426593,1.000,2457
272920,426594,1.000,787
272921,426916,1.000,2446
272922,426094,1.000,308
272923,426831,1.000,2359
272923,426832,1.000,2359
272924,425953,1.000,2457
272924,425954,1.000,787
272925,426369,1.000,2359
272926,425819,1.000,2458
272927,426271,1.000,2416
272928,426126,1.000,308
272929,426389,1.000,2359
272929,426390,1.000,2359
272930,426407,1.000,2387
272930,426408,1.000,2387
272931,425851,1.000,2449
272932,426556,1.000,2359
272932,426557,1.000,2359
272933,426440,1.000,2457
272933,426441,1.000,405
272934,426360,1.000,2359
272934,426361,1.000,2359
272935,427027,1.000,2359
272936,426295,1.000,2359
272936,426296,1.000,2359
272937,426602,1.000,2359
272937,426603,1.000,2359
272938,426610,1.000,2359
272938,426611,1.000,2359
272939,425910,1.000,2457
272939,425911,1.000,405
272940,426469,1.000,2359
272941,426299,1.000,2446
272942,426597,1.000,2385
272943,426621,1.000,2359
272944,426337,1.000,2359
272944,426338,1.000,2359
272945,426511,1.000,2359
272945,426512,1.000,2359
272946,426617,1.000,2359
272946,426618,1.000,2359
272947,426681,1.000,2359
272948,426289,1.000,2861
272949,426193,2.000,376
272950,426391,1.000,2359
272950,426392,1.000,2359
272951,426261,1.000,2359
272951,426262,1.000,2356
272951,426263,2.000,134
272952,425945,1.000,2457
272952,425946,1.000,405
272953,425570,1.000,2457
272953,425571,1.000,787
272954,426753,1.000,2356
272954,426754,1.000,2356
272955,426401,1.000,2394
272955,426402,1.000,915
272956,426744,1.000,2359
272956,426745,1.000,2359
272957,425866,1.000,308
272958,426030,1.000,308
272959,426694,1.000,2446
272960,425969,1.000,2457
272960,425970,1.000,787
272961,426912,1.000,2359
272961,426913,1.000,2359
272962,426376,1.000,399
272963,426914,1.000,2387
272964,426351,1.000,2356
272965,426619,1.000,2359
272965,426620,1.000,2359
272966,426455,1.000,2368
272967,426358,1.000,2458
272967,426359,1.000,405
272968,426704,1.000,2424
272969,426626,1.000,2457
272969,426627,1.000,787
272970,426374,1.000,2359
272970,426375,1.000,134
272971,426690,1.000,308
272972,426268,1.000,308
272973,426584,1.000,2458
272973,426585,1.000,405
272974,426170,1.000,2449
272975,426070,1.000,2467
272976,426737,1.000,2356
272977,425373,1.000,399
272978,426378,1.000,2359
272978,426379,1.000,2359
272979,426570,1.000,2395
272980,425862,1.000,2449
272981,426849,1.000,2416
272982,426843,2.000,2439
272983,425924,1.000,3700
272984,426028,1.000,2552
272985,425655,1.000,2460
272985,425656,1.000,405
272985,425657,1.000,408
272986,426107,1.000,308
272987,427048,1.000,2395
272988,426682,1.000,2352
272988,426683,1.000,2352
272989,426829,1.000,2352
272990,426705,1.000,2352
272990,426706,1.000,2352
272991,426873,1.000,2352
272992,426661,1.000,2352
272992,426662,1.000,2352
272993,426865,1.000,2354
272994,426862,1.000,2352
272995,426752,1.000,2352
272996,426667,1.000,2352
272997,426730,1.000,2513
272998,426899,1.000,2352
272999,426860,1.000,2352
273000,427015,1.000,3738
273000,427016,1.000,3738
273001,426763,1.000,2352
273002,426439,1.000,2354
273003,426509,1.000,2359
273003,426510,1.000,2359
273004,426466,1.000,2359
273004,426467,1.000,2359
273005,426515,1.000,2359
273005,426516,1.000,2359
273006,426884,1.000,2359
273006,426885,1.000,2359
273007,426529,1.000,2359
273007,426530,1.000,2359
273008,426470,1.000,2359
273009,426541,1.000,2359
273010,426540,1.000,2359
273011,426533,1.000,2359
273012,426542,1.000,2359
273012,426543,1.000,2359
273013,426501,1.000,2360
273013,426502,1.000,2360
273014,426680,1.000,2359
273015,426852,1.000,2356
273015,426853,1.000,2352
273016,426820,1.000,2359
273017,426538,1.000,2359
273017,426539,1.000,2359
273018,426536,1.000,2359
273018,426537,1.000,2359
273019,426474,1.000,2359
273019,426475,1.000,2359
273020,426972,1.000,2359
273020,426973,1.000,2359
273021,426559,1.000,2387
273022,426863,1.000,2352
273022,426864,1.000,2356
273023,426759,1.000,2359
273023,426760,1.000,2359
273024,426821,1.000,2424
273025,426922,1.000,2359
273025,426923,1.000,2359
273026,426788,1.000,2359
273027,426767,1.000,2359
273027,426768,1.000,2359
273028,425288,1.000,2416
273029,426808,1.000,2378
273030,426099,1.000,2428
273030,426100,1.000,2430
273030,426101,1.000,486
273030,426102,1.000,490
273031,426842,1.000,2424
273032,426673,1.000,2359
273032,426675,1.000,2359
273033,426677,1.000,2359
273034,426761,1.000,2359
273034,426762,1.000,2359
273035,426859,1.000,2377
273036,426817,1.000,2359
273037,426577,1.000,2387
273038,426548,1.000,2363
273039,426513,1.000,2359
273039,426514,1.000,2359
273040,426848,1.000,2359
273041,425182,1.000,2494
273042,427066,1.000,3738
273042,427067,1.000,3738
273043,426960,1.000,2352
273043,426961,1.000,2352
273044,426825,1.000,2352
273045,426784,1.000,3738
273046,426781,1.000,2352
273046,426782,1.000,2352
273047,426891,1.000,2352
273048,426793,1.000,2352
273048,426794,1.000,2352
273049,427051,1.000,2352
273050,427060,1.000,2352
273050,427061,1.000,2352
273051,427050,1.000,2352
273052,427178,1.000,2356
273052,427179,1.000,2359
273052,427180,1.000,134
273053,426172,1.000,2356
273053,426173,1.000,2356
273054,426968,1.000,2459
273054,426969,1.000,405
273055,427212,23.000,660
273056,427213,1.000,3408
273057,427214,8.000,660
273058,427215,10.000,660
273059,427218,15.000,660
273060,427092,1.000,2352
273061,426494,1.000,2426
273062,426371,1.000,2449
273063,426290,1.000,2457
273063,426291,1.000,787
273064,426497,1.000,2446
273065,426387,1.000,2449
273066,426574,1.000,2457
273066,426575,1.000,405
273067,426491,1.000,2446
273068,426571,1.000,2457
273068,426572,1.000,405
273069,426648,1.000,2359
273069,426649,1.000,2359
273070,426710,1.000,2371
273071,426642,1.000,2359
273072,426382,1.000,2446
273073,426629,1.000,2385
273074,426436,1.000,2449
273075,426498,1.000,2428
273076,426669,1.000,2363
273077,426630,1.000,2359
273078,425645,1.000,2416
273079,426722,1.000,2359
273079,426723,1.000,2359
273080,426952,1.000,2424
273081,426393,1.000,308
273082,426423,1.000,2446
273083,426422,1.000,2439
273084,426696,1.000,2359
273084,426697,1.000,2356
273085,425043,1.000,2426
273085,425044,2.000,2433
273086,427112,1.000,399
273087,426429,1.000,2458
273087,426430,1.000,405
273088,426604,1.000,2446
273089,426712,1.000,2359
273089,426713,1.000,2359
273090,426345,1.000,2457
273090,426346,1.000,405
273091,426805,1.000,2359
273092,426449,1.000,2457
273092,426450,1.000,405
273093,426145,1.000,2617
273093,426146,1.000,787
273094,426725,1.000,2359
273094,426726,1.000,2359
273095,426911,1.000,308
273096,426484,1.000,2458
273096,426485,1.000,405
273097,426088,1.000,2428
273098,426432,1.000,2458
273098,426433,1.000,405
273099,426445,1.000,2446
273100,426716,1.000,2359
273100,426717,1.000,2359
273101,426908,1.000,308
273102,426424,1.000,2471
273103,426434,1.000,2458
273103,426435,1.000,405
273104,426777,1.000,2385
273104,426778,1.000,2359
273105,426457,1.000,2502
273106,426646,1.000,2359
273106,426647,1.000,2359
273107,426741,1.000,2356
273108,426896,1.000,3284
273109,426639,1.000,2359
273110,426883,1.000,2424
273111,426727,1.000,2359
273112,426654,1.000,2359
273112,426655,1.000,2359
273113,426787,1.000,2424
273114,426454,1.000,2428
273115,426685,1.000,2359
273115,426686,1.000,2359
273116,426688,1.000,2359
273116,426689,1.000,2359
273117,426560,1.000,2363
273118,426431,1.000,2449
273119,426569,1.000,2359
273120,426601,1.000,2359
273121,426783,1.000,2356
273122,426872,1.000,2359
273123,426644,1.000,2356
273123,426645,1.000,2359
273124,426703,1.000,2356
273125,426785,1.000,2356
273125,426786,1.000,2356
273126,426991,1.000,308
273127,426812,1.000,2359
273127,426813,1.000,2359
273128,426488,1.000,2458
273128,426489,1.000,405
273129,426659,1.000,2387
273129,426660,1.000,2387
273130,426303,1.000,2378
273131,427186,1.000,2359
273131,427187,1.000,2359
273132,426905,1.000,308
273133,427304,1.000,599
273133,427305,1.000,490
273134,426731,1.000,2356
273134,426732,1.000,2356
273136,426370,1.000,2378
273137,426987,1.000,615
273138,426937,1.000,2359
273138,426938,1.000,2359
273139,426693,1.000,2521
273140,426665,1.000,2359
273141,426975,1.000,2352
273142,427046,1.000,2352
273142,427047,1.000,2352
273143,427037,2.000,2352
273143,427038,2.000,2352
273144,426902,1.000,2512
273145,427028,1.000,2352
273146,427114,1.000,2352
273146,427115,1.000,2352
273147,427174,1.000,2352
273147,427175,1.000,2352
273148,427083,1.000,2359
273149,426746,1.000,2449
273150,426915,1.000,2352
273151,426715,1.000,2512
273152,426297,1.000,2446
273153,425105,1.000,2416
273154,425948,1.000,2428
273154,425949,1.000,2430
273155,426590,1.000,2368
273156,426563,1.000,2359
273157,426104,1.000,2481
273158,426452,1.000,2446
273159,426623,1.000,2457
273159,426624,1.000,405
273160,427085,1.000,2359
273161,426586,1.000,2428
273161,426587,1.000,599
273161,426588,1.000,490
273161,426589,1.000,491
273162,427124,1.000,2771
273163,427089,1.000,2373
273164,426523,1.000,2457
273164,426524,1.000,405
273165,426632,1.000,2385
273166,427319,35.000,660
273167,427111,1.000,2862
273168,427320,1.000,3408
273169,427181,1.000,2359
273169,427182,1.000,2359
273169,427183,1.000,134
273170,427327,1.000,522
273171,427328,1.000,522
273172,426836,1.000,2359
273173,426826,1.000,2359
273174,426796,1.000,2359
273174,426797,1.000,2359
273175,426791,1.000,2359
273175,426792,1.000,2359
273176,426789,1.000,2356
273176,426790,1.000,2356
273177,426779,1.000,2359
273177,426780,1.000,2359
273178,426773,1.000,2356
273178,426774,1.000,2356
273179,426827,1.000,2359
273179,426828,1.000,2359
273180,426756,1.000,2384
273180,426757,1.000,2359
273181,426927,1.000,2359
273181,426928,1.000,2359
273182,426871,1.000,2359
273183,426856,1.000,2356
273183,426857,1.000,2356
273184,427009,1.000,2359
273184,427010,1.000,2359
273185,426950,1.000,2359
273185,426951,1.000,2359
273186,426822,1.000,2359
273187,426814,1.000,2359
273187,426815,1.000,2359
273188,426799,1.000,2360
273189,426907,1.000,2424
273190,426708,1.000,308
273191,426499,1.000,2467
273192,426721,1.000,2446
273193,426837,1.000,2364
273194,426526,1.000,2446
273195,426806,1.000,2397
273196,426818,1.000,2363
273197,427337,1.000,2356
273197,427338,1.000,2356
273198,426775,1.000,2368
273199,426532,1.000,2446
273200,426957,1.000,2385
273201,426525,1.000,2378
273202,427280,1.000,2352
273203,427167,1.000,2352
273204,427165,1.000,2352
273205,427339,1.000,2352
273205,427340,1.000,2352
273206,426566,1.000,2446
273207,427349,1.000,2359
273208,426200,1.000,2360
273209,426671,2.000,308
273210,426992,1.000,2385
273211,426830,1.000,2377
273212,427268,1.000,2359
273212,427269,1.000,2359
273213,427482,1.000,1130
273214,427358,1.000,2359
273214,427359,1.000,2359
273214,427362,1.000,134
273215,426978,1.000,2371
273216,427052,1.000,2449
273217,426990,1.000,2385
273219,426833,1.000,2377
273220,426582,1.000,2449
273221,427506,20.000,2951
273226,426749,1.000,2457
273226,426750,1.000,405
273227,426631,1.000,2446
273228,427245,1.000,2359
273229,427435,1.000,2457
273229,427436,1.000,787
273230,427440,1.000,2459
273231,426984,1.000,2363
273232,426924,1.000,2359
273232,426925,1.000,2359
273233,426742,1.000,2457
273233,426743,1.000,787
273234,426728,1.000,2457
273234,426729,1.000,405
273235,426926,1.000,2424
273236,426870,1.000,2359
273237,427151,1.000,2359
273238,427257,1.000,2424
273239,426641,1.000,2449
273240,426734,1.000,2446
273241,427378,1.000,2352
273242,426851,1.000,2439
273243,426875,1.000,2460
273243,426876,1.000,405
273243,426877,1.000,408
273244,426608,1.000,2449
273245,427264,1.000,2387
273246,426168,1.000,2428
273246,426169,1.000,2430
273247,426700,1.000,308
273248,427166,1.000,2450
273249,426684,1.000,308
273250,426643,1.000,2449
273251,426640,1.000,2449
273252,426595,1.000,2488
273253,426994,1.000,2368
273253,426995,1.000,1130
273254,427210,1.000,2359
273255,427601,1.000,490
273256,426834,1.000,2359
273256,426835,1.000,2359
273257,427331,1.000,399
273258,426894,1.000,2360
273259,426650,1.000,2449
273260,427234,1.000,2398
273261,427119,1.000,2359
273261,427120,1.000,2359
273262,427129,1.000,2457
273262,427130,1.000,405
273262,427131,1.000,2942
273263,426691,1.000,2441
273263,426692,4.000,134
273264,426929,1.000,2359
273265,426977,1.000,2395
273266,426921,1.000,2359
273267,427258,1.000,2359
273268,426904,1.000,2428
273269,426958,1.000,2356
273269,426959,1.000,2356
273270,426633,1.000,2460
273270,426634,1.000,405
273270,426635,1.000,716
273271,426930,1.000,2387
273272,426982,1.000,2359
273273,427310,1.000,2385
273273,427311,1.000,2359
273274,426844,1.000,2356
273274,426845,1.000,2356
273275,426878,1.000,2359
273276,426942,1.000,2359
273276,426943,1.000,2359
273277,427158,1.000,2446
273278,427198,1.000,2359
273278,427199,1.000,2359
273279,426954,1.000,2359
273279,426955,1.000,2359
273280,426552,1.000,2481
273281,424723,1.000,2411
273281,424724,6.000,134
273282,426612,1.000,2446
273283,426944,1.000,2359
273284,426711,1.000,2446
273285,426412,1.000,2426
273285,426413,1.000,2433
273286,426895,2.000,308
273288,426917,1.000,2356
273289,426698,1.000,2356
273289,426699,1.000,2356
273290,427172,1.000,2457
273290,427173,1.000,405
273291,426478,1.000,2446
273292,427117,1.000,2383
273292,427118,1.000,408
273293,427224,1.000,2462
273293,427225,1.000,405
273293,427226,1.000,408
273294,426625,1.000,405
273295,421600,1.000,2509
273296,426547,1.000,399
273297,426446,1.000,2457
273297,426447,1.000,405
273298,426886,1.000,2359
273299,426945,1.000,2359
273300,426936,1.000,2359
273301,426897,1.000,2426
273302,426940,1.000,2356
273303,426663,1.000,2356
273303,426664,1.000,2356
273304,427456,1.000,2359
273304,427457,1.000,2359
273305,426473,1.000,2481
273306,426795,1.000,2481
273307,426840,1.000,2359
273307,426841,1.000,2359
273308,426996,1.000,2359
273309,426906,1.000,2356
273310,427005,1.000,2371
273311,426999,1.000,2371
273312,426241,1.000,2461
273312,426242,1.000,405
273313,427260,1.000,2387
273314,426962,1.000,2428
273314,426963,1.000,2430
273315,426941,1.000,399
273316,427505,1.000,2359
273317,426252,1.000,2428
273317,426253,1.000,2430
273317,426254,1.000,490
273317,426255,1.000,486
273317,426256,1.000,491
273318,426701,1.000,815
273319,427454,1.000,2861
273320,427332,1.000,399
273321,427540,1.000,2359
273321,427541,1.000,2359
273322,427281,1.000,2387
273323,427335,1.000,399
273324,426919,1.000,2425
273325,426881,1.000,399
273326,426903,1.000,2377
273327,427017,1.000,2359
273328,427473,1.000,2352
273329,427157,1.000,2359
273330,427470,1.000,2352
273331,427288,1.000,2352
273331,427289,1.000,2352
273332,427438,1.000,3738
273333,427467,1.000,2352
273334,427230,1.000,2352
273335,427431,1.000,2352
273335,427432,1.000,2352
273336,427379,1.000,2352
273337,427306,1.000,2352
273337,427307,1.000,2352
273338,427537,1.000,2352
273339,427238,1.000,2352
273340,427364,1.000,2352
273340,427365,1.000,2359
273340,427366,2.000,134
273341,427333,1.000,2352
273341,427334,1.000,2352
273342,427479,1.000,2511
273343,427341,1.000,2512
273344,426879,1.000,399
273345,426880,1.000,2449
273346,427223,1.000,2449
273347,426900,1.000,2359
273347,426901,1.000,2359
273348,426657,1.000,2368
273348,426658,1.000,748
273349,426738,1.000,2442
273349,426739,1.000,3120
273350,427539,1.000,2359
273351,427242,1.000,2359
273352,425436,1.000,2395
273353,427620,2.000,522
273354,427675,4.000,2951
273355,427049,1.000,2359
273356,427053,1.000,2359
273356,427054,1.000,2359
273357,427267,1.000,2359
273358,427265,1.000,2359
273358,427266,1.000,2359
273359,427078,1.000,2359
273360,427074,1.000,2359
273361,427071,1.000,2363
273361,427072,1.000,2359
273362,427068,1.000,2359
273363,427064,1.000,2359
273363,427065,1.000,2359
273364,427152,1.000,2359
273364,427153,1.000,2359
273365,427150,1.000,2359
273366,427146,1.000,2359
273366,427147,1.000,2359
273367,427521,1.000,2352
273368,427535,1.000,2352
273368,427536,1.000,2352
273369,427615,1.000,2352
273370,427621,1.000,2352
273370,427622,1.000,2352
273371,427453,1.000,2512
273372,426956,1.000,2446
273373,427099,1.000,2359
273373,427100,1.000,2359
273374,427613,1.000,2359
273374,427614,1.000,2359
273375,427391,1.000,2359
273375,427392,1.000,2359
273376,426861,1.000,2446
273377,427547,1.000,2359
273378,426854,1.000,2449
273379,426824,1.000,2449
273380,427407,1.000,2359
273381,427498,1.000,2359
273381,427499,1.000,2359
273382,427545,1.000,2359
273382,427546,1.000,2359
273383,426798,1.000,2396
273384,427544,1.000,2359
273385,426976,1.000,2449
273386,426769,1.000,2449
273387,427428,1.000,2802
273387,427429,1.000,405
273388,427375,1.000,2398
273389,426839,1.000,2449
273390,426811,1.000,2467
273391,426949,1.000,636
273392,427737,1.000,522
273393,427738,24.000,660
273394,427718,1.000,2360
273394,427719,1.000,2360
273395,427748,20.000,660
273396,427751,1.000,3408
273397,427752,10.000,660
273398,427725,1.000,2443
273398,427726,1.000,3120
273399,427763,1.000,2443
273399,427764,1.000,3120
273400,427770,1.000,495
273401,427771,1.000,495
273402,427782,1.000,4095
273406,427251,1.000,2356
273406,427252,1.000,2356
273408,427299,1.000,2359
273409,427594,1.000,2424
273411,427261,1.000,2360
273411,427262,1.000,2360
273412,427042,1.000,2376
273413,427272,1.000,2359
273413,427273,1.000,2359
273414,427208,1.000,2359
273414,427209,1.000,2359
273415,427138,1.000,2359
273415,427139,1.000,2359
273417,427276,1.000,2359
273417,427277,1.000,2359
273418,427409,1.000,2359
273419,427169,1.000,2356
273419,427170,1.000,2356
273420,427176,1.000,2359
273420,427177,1.000,2359
273421,427171,1.000,2359
273423,427094,1.000,2359
273423,427095,1.000,2359
273424,427184,1.000,2359
273424,427185,1.000,2359
273425,427206,1.000,2359
273425,427207,1.000,2359
273426,427193,1.000,2359
273426,427194,1.000,2359
273427,427087,1.000,2360
273428,426598,1.000,2460
273428,426599,1.000,405
273428,426600,1.000,408
273429,427189,1.000,2359
273429,427190,1.000,2359
273431,427197,1.000,2359
273432,427282,1.000,2356
273434,427219,1.000,2446
273435,427385,1.000,2359
273436,427020,1.000,308
273437,426816,1.000,2446
273438,427203,1.000,308
273439,427248,1.000,2359
273439,427249,1.000,2359
273440,426935,1.000,2446
273441,427653,1.000,2459
273441,427654,1.000,405
273442,427164,1.000,2356
273443,426162,1.000,2416
273444,427086,1.000,2359
273445,427026,1.000,2425
273446,427611,1.000,2359
273447,427869,2.000,2951
273448,426882,1.000,2467
273449,426668,1.000,2455
273450,427002,1.000,2449
273451,427090,1.000,2359
273451,427091,1.000,2359
273452,427687,1.000,3194
273453,427608,1.000,2359
273453,427609,1.000,2359
273454,427551,1.000,2511
273455,427580,1.000,2352
273455,427581,1.000,2352
273456,427204,1.000,2359
273456,427205,1.000,2359
273457,426993,1.000,2428
273458,427690,1.000,2359
273458,427691,1.000,2359
273459,427188,1.000,399
273460,426869,1.000,2449
273461,427256,1.000,2446
273462,427658,1.000,2352
273463,427648,1.000,2356
273464,427211,1.000,2356
273465,427552,1.000,2352
273465,427553,1.000,2352
273466,427606,1.000,2352
273466,427607,1.000,2352
273467,427646,1.000,2352
273468,427557,1.000,2352
273468,427558,1.000,2352
273469,427488,1.000,2359
273470,427386,1.000,2363
273471,426967,1.000,2471
273472,427044,1.000,399
273473,427041,1.000,2449
273474,427692,1.000,2365
273475,427463,1.000,2385
273476,427596,1.000,2363
273477,427426,1.000,2359
273477,427427,1.000,2359
273478,427202,1.000,2371
273479,426356,1.000,2509
273480,427196,1.000,2359
273481,427408,1.000,2398
273482,427707,1.000,2359
273483,427253,1.000,399
273484,427080,1.000,2387
273485,427149,1.000,2703
273486,425984,1.000,2767
273487,427342,1.000,2377
273488,427312,1.000,399
273488,427313,1.000,2862
273488,427314,1.000,748
273489,427587,1.000,2377
273490,427145,1.000,2387
273491,426932,1.000,2458
273491,426933,1.000,405
273492,427285,1.000,2460
273492,427286,1.000,405
273492,427287,1.000,408
273493,426357,1.000,2509
273494,427012,1.000,2392
273494,427013,1.000,748
273495,427474,1.000,2861
273496,427447,1.000,2430
273497,427326,1.000,2387
273498,424606,1.000,2455
273499,426887,1.000,2467
273500,427043,1.000,2467
273501,427878,1.000,2352
273501,427879,1.000,2352
273502,427586,1.000,2377
273503,426964,1.000,2428
273503,426965,1.000,2430
273504,427324,1.000,2398
273505,427029,1.000,2428
273505,427030,1.000,2430
273506,427880,1.000,2352
273506,427881,1.000,2352
273507,426747,1.000,2428
273507,426748,1.000,2430
273508,427006,1.000,3811
273509,427014,1.000,2446
273510,427433,1.000,3475
273511,427731,1.000,2360
273512,427882,30.000,2951
273513,427720,1.000,2359
273513,427721,1.000,2359
273514,427729,1.000,2360
273514,427730,1.000,2360
273525,427113,1.000,2446
273526,427073,1.000,2446
273527,427346,1.000,2359
273527,427347,1.000,2359
273528,427343,1.000,2359
273529,427389,1.000,2359
273530,427132,1.000,2446
273531,427353,1.000,2356
273531,427354,1.000,2356
273532,427156,1.000,2446
273533,427376,1.000,2359
273533,427377,1.000,2359
273534,427363,1.000,2359
273535,427344,1.000,2359
273535,427345,1.000,2359
273536,427511,1.000,2359
273536,427512,1.000,2359
273537,427360,1.000,2359
273537,427361,1.000,2359
273538,427123,1.000,2446
273539,427058,1.000,2446
273540,427367,1.000,2359
273540,427368,1.000,2359
273541,427355,1.000,2359
273541,427356,1.000,2359
273542,427496,1.000,2359
273542,427497,1.000,2359
273543,427449,1.000,2359
273543,427450,1.000,2359
273544,427351,1.000,2359
273544,427352,1.000,2359
273545,427439,1.000,2356
273546,427380,1.000,2359
273546,427381,1.000,2359
273547,427398,1.000,2356
273547,427399,1.000,2356
273548,427676,1.000,2359
273548,427677,1.000,2359
273549,427075,1.000,2446
273550,427510,1.000,2359
273551,428020,1.000,1130
273552,427889,1.000,2352
273553,427671,1.000,2352
273553,427672,1.000,2352
273554,427803,1.000,2352
273554,427804,1.000,2352
273555,427867,1.000,2352
273555,427868,1.000,2352
273556,427712,1.000,2512
273557,427639,1.000,2352
273557,427640,1.000,2352
273558,427096,1.000,2449
273559,427455,1.000,2359
273560,427917,1.000,2360
273560,427918,1.000,2360
273561,427387,1.000,2359
273562,427097,1.000,2387
273563,427817,1.000,2371
273564,428030,12.000,660
273565,427195,1.000,2449
273566,427222,1.000,2449
273567,427442,1.000,2359
273568,427554,1.000,2359
273568,427555,1.000,2359
273569,427102,1.000,2449
273570,427699,1.000,2424
273571,427125,1.000,2449
273572,427783,1.000,2459
273572,427784,1.000,405
273572,427785,1.000,408
273573,426420,1.000,2509
273574,427401,1.000,2363
273574,427402,1.000,2356
273575,427503,1.000,2359
273576,427794,1.000,2360
273577,427641,1.000,2359
273577,427642,1.000,2359
273578,428039,1.000,3408
273579,427093,1.000,2489
273580,427542,1.000,2457
273580,427543,1.000,405
273582,428029,20.000,660
273583,427055,1.000,2446
273584,427643,1.000,2359
273585,427616,1.000,2359
273586,427526,1.000,2458
273586,427527,1.000,405
273587,427931,1.000,399
273587,427932,1.000,646
273588,427350,1.000,2359
273589,426988,1.000,2383
273589,426989,1.000,408
273590,427936,1.000,2446
273591,427797,1.000,2446
273592,427254,1.000,308
273593,427774,1.000,2359
273594,427232,1.000,2359
273594,427233,1.000,2359
273595,427852,1.000,2359
273596,427227,1.000,2457
273596,427228,1.000,405
273597,427008,1.000,308
273598,427617,1.000,2359
273598,427618,1.000,2359
273599,426724,1.000,308
273600,427626,1.000,2359
273600,427627,1.000,2359
273601,427815,1.000,2363
273602,427962,1.000,2359
273602,427963,1.000,2359
273603,427274,1.000,308
273604,427988,1.000,2352
273605,428059,1.000,2352
273606,427805,1.000,2352
273606,427806,1.000,2352
273607,427799,1.000,2512
273608,427872,1.000,2352
273608,427873,1.000,2352
273609,427716,1.000,2511
273610,427975,1.000,2352
273611,428024,1.000,2352
273612,427464,1.000,399
273613,427548,1.000,2359
273613,427549,1.000,2359
273614,427595,1.000,2371
273615,427284,1.000,2359
273616,427876,1.000,2352
273616,427877,1.000,2352
273617,427843,1.000,2424
273618,427018,1.000,2495
273619,427953,1.000,2356
273620,427602,1.000,2359
273621,427523,1.000,525
273622,427414,1.000,531
273623,427516,1.000,2359
273623,427517,1.000,2359
273624,427786,1.000,2359
273625,427826,1.000,2359
273626,427191,1.000,2428
273626,427192,1.000,2430
273627,427250,1.000,2488
273627,427424,2.000,2495
273628,427031,1.000,2428
273628,427032,1.000,2430
273629,427827,1.000,2387
273630,427462,1.000,2428
273631,427485,1.000,2359
273631,427486,1.000,2359
273632,427704,1.000,2401
273633,427524,1.000,2359
273633,427525,1.000,2359
273634,427934,1.000,2387
273635,427649,1.000,2359
273636,427400,1.000,2942
273637,427831,1.000,2359
273637,427832,1.000,2359
273638,426707,1.000,2428
273639,427007,1.000,308
273640,427019,1.000,2481
273641,427778,1.000,2457
273641,427779,1.000,405
273642,427952,1.000,2356
273643,427954,1.000,2356
273644,427290,1.000,2458
273644,427291,1.000,405
273645,427478,1.000,2359
273646,427850,1.000,2359
273647,427830,1.000,2359
273648,427480,1.000,2359
273648,427481,1.000,2359
273649,427259,1.000,308
273650,427330,1.000,2594
273651,427325,1.000,2467
273652,427598,1.000,2359
273653,427003,1.000,2441
273653,427004,3.000,134
273654,427154,1.000,2457
273654,427155,1.000,405
273655,427656,1.000,2360
273655,427657,1.000,2360
273656,427045,1.000,2439
273657,426979,1.000,2439
273658,427591,1.000,399
273659,427465,1.000,308
273660,426931,1.000,399
273661,427818,1.000,2359
273662,427828,1.000,2359
273662,427829,1.000,2359
273663,427522,1.000,2449
273664,427244,1.000,2446
273665,427538,1.000,2359
273666,427000,1.000,2428
273666,427001,1.000,2430
273667,427912,1.000,2387
273667,427913,1.000,2387
273668,427999,1.000,2359
273668,428000,1.000,2359
273669,426802,1.000,2459
273669,426803,1.000,405
273669,426804,1.000,408
273670,427733,1.000,2446
273671,426758,1.000,2457
273672,427296,1.000,2446
273673,427148,1.000,2449
273674,426823,1.000,2996
273675,427329,1.000,2449
273676,428073,1.000,2359
273676,428074,1.000,2359
273677,427597,1.000,2359
273678,426776,1.000,2452
273679,427592,1.000,2359
273679,427593,1.000,2359
273680,427246,1.000,2446
273681,427471,1.000,2359
273682,427316,1.000,2460
273682,427317,1.000,405
273682,427318,1.000,408
273683,426764,1.000,2428
273683,426766,1.000,2430
273683,428139,1.000,490
273683,428140,1.000,486
273683,428141,1.000,491
273684,427483,1.000,2359
273684,427484,1.000,2359
273685,425230,1.000,399
273685,425231,1.000,2862
273686,427475,1.000,2359
273687,427023,1.000,2458
273687,427024,1.000,405
273687,427025,1.000,748
273688,426892,1.000,2457
273688,426893,1.000,405
273689,427556,1.000,2359
273690,427323,1.000,2471
273691,427941,1.000,2428
273692,427575,1.000,2385
273692,427576,1.000,2359
273693,428119,1.000,2359
273693,428120,1.000,2359
273694,427451,1.000,2428
273694,427452,1.000,2430
273695,427796,1.000,2359
273696,428049,1.000,2352
273696,428050,1.000,2352
273697,427239,1.000,2359
273697,427240,1.000,2359
273698,427906,1.000,2390
273699,427270,1.000,2457
273699,427271,1.000,787
273700,427300,1.000,2449
273701,427034,1.000,2460
273701,427035,1.000,405
273701,427036,1.000,408
273702,427550,1.000,2359
273702,427619,2.000,134
273703,427741,1.000,2424
273704,427577,1.000,2389
273705,427813,1.000,2359
273706,427283,1.000,2494
273707,426888,1.000,2460
273707,426889,1.000,405
273707,426890,1.000,408
273708,427021,1.000,3407
273708,427022,1.000,408
273709,428143,1.000,2359
273709,428144,1.000,2359
273710,428145,1.000,2359
273711,427461,1.000,2385
273712,428225,2.000,2569
273713,428185,1.000,3738
273714,425281,1.000,2509
273714,425282,1.000,408
273715,427926,1.000,2359
273716,427942,1.000,2359
273716,427943,1.000,2359
273717,427914,1.000,2359
273718,427958,1.000,2359
273719,427685,1.000,2359
273719,427686,1.000,2359
273720,427644,1.000,2360
273720,427645,1.000,2360
273721,427688,1.000,2359
273721,427689,1.000,2359
273722,427898,1.000,2359
273722,427899,1.000,2359
273723,427911,1.000,2424
273724,427928,1.000,2359
273725,427890,1.000,2359
273725,427891,1.000,2359
273726,427634,1.000,2359
273726,427635,1.000,2359
273727,427628,1.000,2359
273727,427629,1.000,2359
273728,427674,1.000,2359
273729,426874,1.000,2428
273730,427665,1.000,2359
273731,427907,1.000,2359
273731,427908,1.000,2359
273732,427714,1.000,2359
273732,427715,1.000,2359
273733,427625,1.000,2359
273734,427666,1.000,2359
273735,427979,1.000,2458
273735,427980,1.000,405
273736,426714,1.000,308
273737,427724,1.000,2359
273738,427059,1.000,2449
273739,427430,1.000,2495
273740,426807,1.000,2416
273741,428148,1.000,2359
273741,428149,1.000,2359
273742,427819,1.000,2457
273742,427820,1.000,405
273743,427915,1.000,2359
273743,427916,1.000,2359
273744,427663,1.000,2446
273745,427515,1.000,2467
273746,427444,1.000,2439
273747,427791,1.000,2458
273747,427792,1.000,405
273748,427723,1.000,2359
273749,428006,2.000,2352
273749,428007,2.000,2352
273750,428004,1.000,2359
273750,428005,1.000,2359
273751,427973,1.000,2352
273751,427974,1.000,2352
273752,428008,1.000,2359
273752,428009,1.000,2359
273753,427995,1.000,2359
273754,427631,2.000,308
273755,428027,1.000,2424
273756,428146,1.000,2359
273756,428147,1.000,2359
273757,427705,1.000,2356
273758,427745,2.000,2439
273759,427939,1.000,2352
273759,427940,1.000,2352
273760,428196,1.000,2352
273760,428197,1.000,2352
273761,428025,1.000,2352
273762,428150,1.000,2352
273762,428151,1.000,2352
273763,428285,1.000,4095
273764,428193,1.000,2352
273765,428034,1.000,2359
273765,428035,1.000,2359
273766,428028,1.000,2430
273767,426846,1.000,2428
273767,426847,1.000,2430
273769,428295,1.000,2352
273769,428296,1.000,2352
273770,427423,1.000,2488
273771,427870,1.000,2449
273772,428300,1.000,2460
273772,428301,1.000,405
273773,426016,1.000,2488
273774,428308,1.000,2446
273775,428352,1.000,2352
273775,428353,1.000,2352
273776,427321,1.000,2458
273776,427322,1.000,405
273777,427857,1.000,399
273778,427661,1.000,2457
273778,427662,1.000,405
273779,427292,1.000,2457
273779,427293,1.000,405
273779,427294,1.000,2457
273779,427295,1.000,787
273780,427315,1.000,2426
273781,427357,1.000,2458
273782,427508,1.000,2457
273782,427509,1.000,405
273783,427838,1.000,2446
273784,427599,1.000,2457
273784,427600,1.000,405
273785,427425,1.000,308
273786,427476,1.000,2457
273786,427477,1.000,405
273787,427301,1.000,2457
273787,427302,1.000,405
273788,426946,1.000,2458
273788,426947,1.000,405
273788,426948,1.000,2387
273789,427459,1.000,2363
273789,427460,1.000,2359
273790,427011,1.000,2410
273791,427336,1.000,2378
273792,427858,1.000,2359
273792,427859,1.000,2359
273793,427297,1.000,2457
273793,427298,1.000,405
273794,427849,1.000,2395
273795,427421,1.000,308
273796,427955,1.000,399
273797,428086,1.000,2359
273797,428087,1.000,2359
273798,427854,1.000,2359
273799,427582,1.000,308
273800,427773,1.000,3705
273801,427405,1.000,2457
273801,427406,1.000,405
273802,427348,1.000,787
273803,427802,1.000,2359
273804,427993,1.000,2359
273804,427994,1.000,2359
273805,427855,1.000,399
273806,427216,1.000,2457
273806,427217,1.000,787
273807,428135,1.000,2359
273808,427588,1.000,2457
273808,427589,1.000,405
273809,427308,1.000,2428
273809,427309,1.000,2430
273810,428324,1.000,2441
273810,428325,3.000,134
273810,428326,1.000,2411
273810,428327,3.000,134
273811,427220,1.000,2617
273811,427221,1.000,405
273812,427088,1.000,2439
273813,427445,1.000,2457
273813,427446,1.000,405
273814,428416,1.000,2363
273815,428127,1.000,2385
273816,427848,1.000,2446
273817,427562,1.000,2457
273817,427563,1.000,405
273818,427559,1.000,2458
273818,427560,1.000,405
273818,427561,2.000,748
273819,427795,1.000,2446
273820,427487,1.000,2449
273821,427780,1.000,2446
273822,427585,1.000,2446
273823,427713,1.000,2446
273824,427590,1.000,2446
273825,427681,1.000,2424
273826,427679,1.000,2457
273826,427680,1.000,405
273827,427570,1.000,2457
273827,427571,1.000,405
273828,428104,1.000,2449
273829,428356,1.000,308
273830,427684,1.000,2471
273831,427513,1.000,2802
273831,427514,1.000,405
273832,428236,1.000,308
273833,428311,1.000,2471
273834,427566,1.000,2446
273835,428108,1.000,2359
273835,428109,1.000,2359
273836,428105,1.000,2446
273837,428060,2.000,308
273838,428068,1.000,2359
273838,428069,1.000,2359
273839,427821,1.000,2446
273840,427466,1.000,405
273841,427787,1.000,2446
273842,427875,1.000,2449
273843,428237,1.000,2488
273844,428113,1.000,2359
273844,428114,1.000,2359
273845,428017,1.000,2359
273846,427834,1.000,2389
273846,427835,1.000,2862
273847,428131,1.000,2390
273848,427892,1.000,2428
273848,427893,1.000,2430
273849,428417,1.000,2359
273849,428418,1.000,2359
273850,427633,1.000,2481
273851,427040,1.000,2428
273852,427678,1.000,2703
273853,427709,1.000,2449
273854,427603,2.000,2495
273855,427390,1.000,2457
273855,427393,1.000,787
273856,427565,1.000,2495
273857,428033,1.000,2389
273858,428016,1.000,2369
273859,428040,1.000,2359
273859,428041,1.000,2359
273860,428318,1.000,2352
273860,428319,1.000,2356
273861,427572,1.000,2457
273861,427573,1.000,405
273862,427655,1.000,2495
273863,428079,1.000,2359
273864,427567,1.000,2802
273864,427568,1.000,787
273865,428317,1.000,2359
273866,428037,1.000,2359
273866,428038,1.000,2359
273867,427864,1.000,2460
273868,427584,1.000,308
273869,427991,1.000,2359
273869,427992,1.000,2359
273870,427564,1.000,2449
273871,428294,1.000,2512
273872,428290,1.000,2352
273872,428291,1.000,2352
273873,428240,1.000,2511
273874,428206,1.000,2352
273874,428207,1.000,134
273875,428110,1.000,2352
273876,428106,1.000,2352
273876,428107,1.000,2352
273877,428115,1.000,2511
273878,428334,1.000,2352
273879,428044,1.000,2352
273880,428097,1.000,2352
273881,428132,1.000,2352
273881,428133,1.000,2352
273882,428271,1.000,2352
273883,427765,1.000,2428
273883,427766,1.000,490
273883,427767,1.000,486
273883,427768,1.000,491
273884,427610,1.000,399
273885,428096,1.000,399
273886,427759,1.000,2428
273886,427760,1.000,490
273886,427761,1.000,486
273886,427762,1.000,491
273887,428419,1.000,2951
273888,427964,1.000,2387
273889,427968,1.000,2387
273890,427758,1.000,2446
273891,428422,2.000,1129
273891,428423,2.000,3291
273891,428424,2.000,1130
273892,425957,1.000,2509
273893,427965,1.000,2457
273893,427966,1.000,405
273894,427710,1.000,2449
273895,428228,1.000,308
273896,427808,1.000,2457
273896,427809,1.000,405
273897,427927,1.000,2378
273898,427700,1.000,2428
273899,428242,1.000,2428
273900,427895,1.000,2385
273901,427905,1.000,2387
273902,428286,1.000,2356
273903,428298,1.000,2356
273903,428299,1.000,2356
273904,428349,1.000,2352
273904,428350,1.000,2352
273904,428351,1.000,2424
273905,428191,1.000,2359
273905,428192,1.000,2359
273906,428152,1.000,2359
273907,428462,1.000,2359
273907,428466,1.000,2359
273908,428387,1.000,2387
273909,428480,1.000,2488
273910,427969,1.000,2359
273910,427970,1.000,2359
273911,427933,1.000,2359
273912,427922,1.000,2360
273912,427923,1.000,2360
273913,427920,1.000,2359
273914,427903,1.000,2359
273914,427904,1.000,2359
273915,427902,1.000,2359
273915,428229,1.000,2363
273916,428052,1.000,2359
273916,428053,1.000,2359
273917,428045,1.000,2359
273917,428046,1.000,2359
273918,428036,1.000,2359
273919,427694,1.000,2356
273919,427695,1.000,2356
273920,427659,1.000,2356
273920,427660,1.000,2356
273921,427937,1.000,2428
273922,427531,1.000,2449
273923,428065,1.000,2424
273924,428031,1.000,2365
273925,427434,1.000,2378
273926,428292,1.000,2352
273926,428293,1.000,2352
273927,428441,1.000,2352
273927,428442,1.000,2352
273928,428269,1.000,2352
273928,428270,1.000,2352
273929,428339,1.000,3738
273930,428457,1.000,2352
273930,428458,1.000,2352
273931,428254,1.000,2352
273931,428255,1.000,2352
273932,428506,1.000,2352
273933,428464,1.000,2352
273933,428465,1.000,2352
273934,428259,1.000,2352
273935,428479,1.000,2352
273935,428484,2.000,134
273936,427947,1.000,2364
273937,428056,1.000,2359
273937,428057,1.000,2359
273938,428405,1.000,2359
273938,428406,1.000,2359
273939,428021,1.000,399
273939,428022,1.000,2862
273939,428023,1.000,2387
273940,428391,1.000,2359
273940,428392,1.000,2359
273941,428215,1.000,2359
273941,428216,1.000,2359
273942,427909,1.000,2356
273942,427910,1.000,2356
273943,428476,1.000,2387
273944,427967,1.000,2356
273945,428042,1.000,2356
273945,428043,1.000,2356
273946,428048,1.000,2356
273947,428348,1.000,3194
273948,428322,1.000,3194
273949,427636,1.000,2356
273949,427637,1.000,2356
273950,427982,1.000,2390
273950,427983,1.000,915
273951,428093,1.000,2359
273952,428018,1.000,2359
273953,428123,1.000,2397
273953,428124,1.000,2387
273954,428315,1.000,2352
273954,428316,1.000,2352
273955,428315,1.000,2352
273955,428316,1.000,2352
273956,423757,1.000,2509
273957,427788,1.000,399
273958,428413,1.000,2428
273958,428414,1.000,2430
273959,427896,1.000,2426
273960,427772,1.000,2426
273961,426980,1.000,2426
273961,426981,1.000,2433
273962,428336,1.000,2446
273963,427638,1.000,2446
273964,427900,2.000,308
273965,427886,1.000,308
273966,427743,1.000,2457
273966,427744,1.000,405
273967,427846,1.000,2457
273967,427847,1.000,405
273968,427921,1.000,2449
273969,427996,1.000,2359
273969,427997,1.000,2359
273970,428070,1.000,2502
273970,428071,1.000,3556
273971,427935,1.000,2359
273972,427727,1.000,2457
273972,427728,1.000,405
273973,428080,1.000,2359
273973,428081,1.000,2359
273974,428100,1.000,2457
273974,428101,1.000,405
273975,428010,1.000,2359
273975,428011,1.000,2359
273976,428486,1.000,2356
273976,428487,1.000,2356
273977,428580,1.000,2509
273978,427682,1.000,2457
273978,427683,1.000,405
273979,427701,1.000,2457
273979,427702,1.000,405
273980,428063,1.000,2359
273980,428064,1.000,2359
273981,428280,1.000,2359
273981,428281,1.000,2359
273982,428061,1.000,2359
273983,428297,1.000,2363
273984,427746,1.000,2457
273984,427747,1.000,405
273985,427735,1.000,2457
273985,427736,1.000,405
273986,428129,1.000,2359
273987,427696,1.000,2449
273988,428363,1.000,2373
273989,428260,1.000,2387
273990,428445,1.000,2359
273991,427781,1.000,2449
273992,428354,1.000,2360
273992,428355,1.000,2360
273993,427874,1.000,2449
273994,428276,1.000,2359
273994,428277,1.000,2359
273995,427840,1.000,2458
273995,427841,1.000,405
273996,427856,1.000,2449
273997,428258,1.000,2390
273998,427862,1.000,2463
273998,427863,1.000,405
273999,427949,1.000,2457
273999,427950,1.000,405
274000,427697,1.000,2457
274000,427698,1.000,405
274001,428323,1.000,2369
274002,427604,1.000,2978
274003,428252,1.000,2359
274003,428253,1.000,2359
274004,427814,1.000,2471
274005,427739,1.000,2457
274005,427740,1.000,405
274006,428451,1.000,2359
274007,428268,1.000,2359
274008,428217,1.000,2449
274009,428272,1.000,2359
274009,428273,1.000,2359
274010,428393,1.000,2401
274010,428394,1.000,2359
274011,428434,1.000,2359
274011,428435,1.000,2359
274012,428542,1.000,2394
274013,428447,1.000,2359
274014,427753,1.000,2458
274014,427754,1.000,405
274015,427924,1.000,2447
274016,427757,1.000,2467
274017,427755,1.000,2458
274017,427756,1.000,405
274018,427749,1.000,2458
274018,427750,1.000,405
274019,428654,1.000,2352
274019,428655,1.000,2359
274020,427693,1.000,2481
274021,427810,1.000,308
274022,428430,1.000,2424
274023,427853,1.000,2467
274024,427801,1.000,405
274024,428609,1.000,2458
274025,428629,1.000,2359
274025,428630,1.000,2359
274026,428409,1.000,2424
274027,428664,2.000,490
274028,428121,1.000,2359
274028,428122,1.000,2359
274029,428408,1.000,2359
274030,428047,1.000,2359
274031,428530,1.000,2359
274032,428568,1.000,2358
274032,428569,1.000,2356
274033,428244,1.000,2359
274034,428249,1.000,2359
274034,428250,1.000,2359
274035,428477,1.000,2352
274035,428478,1.000,2352
274036,428432,1.000,2352
274037,428425,1.000,2352
274037,428426,1.000,2352
274038,427929,1.000,2359
274038,427930,1.000,134
274039,428628,1.000,2352
274040,427651,1.000,2352
274041,428001,1.000,399
274042,428320,1.000,2352
274042,428321,1.000,2352
274043,428346,1.000,2352
274043,428347,1.000,2352
274044,428429,1.000,2424
274045,428613,1.000,2512
274046,428369,1.000,2352
274046,428370,1.000,2352
274047,428227,1.000,2424
274048,428214,1.000,2424
274049,428094,1.000,2488
274049,428095,1.000,2467
274050,428067,1.000,2352
274051,428138,1.000,2359
274052,428337,1.000,2446
274053,428578,1.000,2509
274054,428374,1.000,2359
274054,428375,1.000,2359
274055,427833,1.000,399
274056,428511,1.000,2352
274057,428606,1.000,2352
274058,428340,1.000,2352
274059,427163,1.000,2566
274060,428331,1.000,2352
274060,428332,1.000,2352
274061,428745,1.000,2509
274062,428335,1.000,2352
274063,427990,1.000,2356
274064,427722,1.000,2356
274065,428313,1.000,2377
274066,427530,1.000,2481
274067,428234,1.000,2668
274068,427732,1.000,2356
274069,428766,1.000,2352
274069,428767,1.000,2352
274070,428768,1.000,2513
274071,428492,1.000,2352
274072,427836,1.000,2356
274072,427837,1.000,2356
274073,428278,1.000,2360
274073,428279,1.000,2360
274074,428248,1.000,2359
274075,428265,1.000,2359
274075,428266,1.000,2359
274076,428284,1.000,2359
274077,428188,1.000,2446
274078,428238,1.000,2424
274079,428503,1.000,2359
274079,428504,1.000,2359
274080,428716,1.000,2416
274081,428190,1.000,2359
274082,428589,1.000,2359
274082,428590,1.000,2359
274083,428186,1.000,2359
274083,428187,1.000,2359
274084,428400,1.000,2359
274085,425179,1.000,2449
274086,428194,1.000,2359
274086,428195,1.000,2359
274087,428386,1.000,2359
274088,428287,1.000,2359
274089,428231,1.000,2359
274089,428232,1.000,2359
274090,428388,1.000,2359
274090,428389,1.000,2359
274091,428385,1.000,2359
274092,428390,1.000,2387
274093,428303,1.000,2359
274094,428305,1.000,2359
274095,428878,1.000,2569
274096,425189,1.000,2449
274097,425132,1.000,2449
274098,428251,1.000,2359
274099,427529,1.000,2449
274100,428245,1.000,2359
274101,428226,1.000,399
274102,428545,1.000,2360
274102,428546,1.000,2360
274103,428471,1.000,2356
274103,428472,1.000,2356
274104,428054,1.000,2449
274105,428829,1.000,2356
274106,425157,1.000,2449
274107,425192,1.000,2449
274108,428382,1.000,2387
274109,425137,1.000,2449
274110,428256,1.000,2356
274110,428257,1.000,2356
274111,428358,1.000,2387
274112,428407,1.000,2449
274113,428620,1.000,2359
274114,428032,1.000,2449
274115,428083,1.000,2449
274116,428261,1.000,2368
274117,428823,1.000,2352
274117,428824,1.000,2352
274118,428808,1.000,2352
274118,428809,1.000,2352
274119,428776,1.000,2352
274119,428777,1.000,2352
274120,427976,1.000,399
274121,428801,1.000,2352
274122,428224,1.000,2387
274123,428051,1.000,2488
274124,428538,1.000,525
274125,425155,1.000,2446
274126,428263,1.000,2356
274126,428264,1.000,2356
274127,428778,1.000,2359
274127,428779,1.000,2359
274128,428519,1.000,2359
274129,427956,1.000,308
274130,428201,1.000,2359
274131,427159,1.000,2494
274132,428412,1.000,2471
274133,428220,1.000,2446
274134,428648,1.000,2356
274134,428649,1.000,2359
274135,428202,1.000,2428
274135,428203,1.000,490
274135,428204,1.000,486
274135,428205,1.000,491
274136,427528,1.000,2446
274137,427987,1.000,308
274138,427502,1.000,2446
274139,428887,1.000,2352
274140,427946,1.000,2469
274141,428535,1.000,2359
274142,428344,1.000,2425
274142,428345,1.000,2385
274143,428597,1.000,2375
274144,428939,1.000,486
274145,428660,1.000,2371
274146,428485,1.000,2359
274147,428668,1.000,2359
274147,428669,1.000,2359
274148,428481,1.000,2385
274149,428084,1.000,308
274150,428015,1.000,308
274151,428844,1.000,2359
274151,428845,1.000,2359
274152,428055,1.000,308
274153,428703,1.000,2359
274153,428704,1.000,2359
274154,428507,1.000,2359
274154,428508,1.000,2359
274155,428459,1.000,2359
274156,428377,1.000,2359
274156,428378,1.000,2359
274157,427944,1.000,2457
274157,427945,1.000,405
274158,428650,1.000,2459
274158,428651,1.000,405
274158,428652,1.000,408
274159,427985,1.000,2356
274159,427986,1.000,2356
274160,427776,1.000,399
274161,428373,1.000,2424
274162,428309,1.000,2359
274162,428310,1.000,2359
274163,428656,1.000,2359
274163,428657,1.000,2359
274164,428420,1.000,2359
274164,428421,1.000,2359
274165,428246,1.000,2359
274165,428247,1.000,2359
274166,428128,1.000,2428
274167,428066,1.000,2467
274168,428222,1.000,2359
274168,428223,1.000,2356
274169,428437,1.000,2359
274170,428427,1.000,2359
274170,428428,1.000,2359
274171,428841,1.000,2446
274172,428512,1.000,2359
274172,428513,1.000,2359
274173,428467,1.000,2457
274173,428653,1.000,405
274174,428130,1.000,2449
274175,428221,1.000,2356
274176,427824,1.000,2356
274176,427825,1.000,134
274177,428684,1.000,2359
274177,428685,1.000,2359
274178,428502,1.000,2424
274179,428380,1.000,2356
274179,428381,1.000,2356
274180,427984,1.000,2356
274181,428235,1.000,2359
274182,428342,1.000,2359
274182,428343,1.000,2359
274183,428789,1.000,2441
274184,428468,1.000,2428
274185,428089,1.000,2356
274185,428090,1.000,2356
274186,428539,1.000,2363
274187,428359,1.000,2359
274188,428671,1.000,2359
274189,428646,1.000,2359
274189,428647,1.000,2359
274190,428528,1.000,2359
274191,428584,1.000,2385
274192,428533,1.000,2359
274192,428534,1.000,2359
274193,428357,1.000,2446
274194,428469,1.000,399
274195,428433,1.000,2424
274196,428547,1.000,2374
274197,428302,1.000,2530
274198,428500,1.000,2359
274198,428501,1.000,2359
274199,428379,1.000,2368
274200,428575,1.000,2458
274200,428576,1.000,405
274201,428062,1.000,2446
274202,428556,1.000,2359
274202,428557,1.000,2359
274203,428473,1.000,2356
274203,428474,1.000,2356
274204,428727,1.000,2359
274204,428728,1.000,2359
274205,428088,1.000,2356
274206,428618,1.000,2359
274206,428619,1.000,2359
274207,428596,1.000,2387
274208,428013,1.000,2457
274208,428014,1.000,405
274209,428837,2.000,2352
274209,428838,2.000,2352
274210,428759,1.000,2352
274210,428760,1.000,2352
274211,428125,1.000,2458
274211,428126,1.000,405
274212,428850,1.000,2512
274213,428102,1.000,2457
274213,428103,1.000,405
274214,428136,1.000,2457
274214,428137,1.000,405
274215,428839,1.000,2352
274216,428452,1.000,2460
274216,428453,1.000,405
274216,428454,1.000,408
274217,428853,1.000,2352
274217,428854,1.000,2352
274218,428746,1.000,2372
274219,428642,1.000,2352
274219,428643,1.000,2352
274220,428075,1.000,2457
274220,428076,1.000,405
274221,428821,1.000,2352
274221,428822,1.000,2352
274222,428360,1.000,2502
274223,428806,1.000,2352
274223,428807,1.000,2352
274224,428636,1.000,2356
274224,428637,1.000,2356
274225,428361,1.000,2356
274225,428362,1.000,2356
274226,428688,1.000,2363
274227,428410,1.000,2356
274227,428411,1.000,2356
274228,428368,1.000,2382
274229,429073,1.000,522
274230,428498,1.000,2356
274231,428686,1.000,2359
274232,428945,1.000,2466
274233,428738,1.000,2425
274234,428521,1.000,399
274235,428499,1.000,2387
274236,428085,1.000,2455
274237,429080,1.000,2385
274237,429081,1.000,2359
274238,429086,1.000,2385
274239,429082,1.000,2996
274240,429087,1.000,2352
274240,429088,1.000,2352
274241,429105,1.000,490
274242,428548,1.000,2359
274242,428549,1.000,2359
274243,428475,1.000,2363
274244,428622,1.000,2446
274245,428963,1.000,2449
274246,427822,1.000,2428
274246,427823,1.000,2430
274247,428282,1.000,2446
274248,428314,1.000,2446
274249,428564,1.000,2359
274250,428531,1.000,2359
274251,428550,1.000,2359
274251,428551,1.000,2359
274252,428571,1.000,2359
274252,428572,1.000,2359
274253,428621,1.000,815
274254,428892,1.000,2359
274254,428893,1.000,2359
274255,428554,1.000,2359
274255,428555,1.000,2359
274256,428527,1.000,2394
274257,428561,1.000,2359
274258,428559,1.000,2424
274259,428496,1.000,2369
274260,428886,1.000,405
274260,428888,1.000,2458
274261,428616,1.000,2363
274262,428719,1.000,2359
274262,428720,1.000,2359
274263,429050,1.000,2359
274264,428566,1.000,399
274265,428198,1.000,2428
274266,428804,1.000,2359
274266,428805,1.000,2359
274267,428754,1.000,2359
274267,428755,1.000,2359
274268,428941,1.000,2359
274269,428697,1.000,2359
274269,428698,1.000,2359
274270,428835,1.000,2359
274270,428836,1.000,2359
274271,428783,1.000,2352
274272,429209,1.000,2352
274272,429210,1.000,2352
274273,429117,1.000,2352
274273,429118,1.000,2352
274274,429114,1.000,2352
274275,429103,1.000,2512
274275,429104,1.000,1323
274276,429212,1.000,308
274277,429061,1.000,2352
274277,429062,1.000,2356
274278,428895,1.000,2352
274279,428985,1.000,2352
274280,428996,1.000,2352
274281,428218,1.000,2428
274281,428219,1.000,2430
274282,428851,1.000,2385
274283,428901,1.000,2352
274283,428902,1.000,2352
274284,427807,1.000,2428
274285,428949,1.000,2356
274285,428950,1.000,2356
274286,429040,1.000,2359
274286,429041,1.000,2352
274287,429047,1.000,2424
274288,428964,1.000,2359
274288,428965,1.000,2359
274289,428976,1.000,2387
274289,428978,1.000,2387
274290,428787,1.000,2359
274291,428869,1.000,2512
274292,429223,1.000,2441
274292,429224,4.000,134
274293,429265,1.000,2352
274293,429266,1.000,2352
274294,428906,1.000,2387
274295,428715,1.000,2359
274296,428721,1.000,2359
274297,428098,1.000,2458
274298,428116,1.000,2458
274298,428117,1.000,405
274298,428118,1.000,748
274299,429225,1.000,684
274300,429074,1.000,2446
274301,428515,1.000,636
274302,428734,1.000,2359
274302,428735,1.000,2359
274303,428638,1.000,2359
274304,429339,1.000,2509
274304,429340,2.000,3650
274304,429341,1.000,4102
274305,428730,1.000,2385
274306,428973,1.000,2352
274306,428974,1.000,2352
274307,428960,1.000,2354
274308,429084,1.000,2352
274308,429085,1.000,2352
274309,428986,1.000,2446
274310,429063,1.000,2352
274310,429064,1.000,2352
274311,428577,1.000,3284
274312,428947,1.000,2352
274313,428614,1.000,2395
274314,429051,1.000,2352
274315,429124,1.000,2371
274316,428962,1.000,2354
274317,428903,1.000,2359
274317,428904,1.000,2359
274318,429183,1.000,2352
274319,428640,1.000,2356
274319,428641,1.000,2356
274320,428522,1.000,2449
274321,429111,1.000,2352
274321,429112,1.000,2352
274322,429182,1.000,2352
274323,428404,1.000,2428
274324,428951,1.000,2352
274324,428952,1.000,2352
274325,429037,1.000,2352
274326,429187,1.000,2352
274326,429188,1.000,2352
274327,429184,1.000,2352
274328,429362,1.000,2569
274329,428443,1.000,2449
274330,428771,1.000,2359
274331,428562,1.000,2457
274331,428563,1.000,405
274332,427396,1.000,2416
274333,428815,1.000,2359
274333,428816,1.000,2359
274334,428544,1.000,2397
274335,428749,1.000,2359
274335,428750,1.000,2359
274336,428634,1.000,2359
274336,428635,1.000,2359
274337,428367,1.000,308
274338,428970,1.000,2359
274338,428971,1.000,2359
274339,429159,1.000,2359
274339,429160,1.000,2359
274340,428461,1.000,2439
274341,428514,1.000,2377
274342,428558,1.000,308
274343,428713,1.000,2359
274343,428714,1.000,2359
274344,428497,1.000,2449
274345,428747,1.000,2359
274345,428748,1.000,2359
274346,428552,1.000,308
274347,428709,1.000,2457
274347,428710,1.000,405
274347,428711,1.000,2457
274347,428712,1.000,787
274348,428448,1.000,2378
274349,428769,1.000,2359
274349,428770,1.000,2359
274350,428623,1.000,2378
274351,428696,1.000,2359
274352,428574,1.000,748
274353,428905,1.000,2359
274354,428825,1.000,2359
274354,428826,1.000,2359
274355,428338,1.000,308
274356,428625,1.000,2457
274356,428626,1.000,405
274357,428341,1.000,308
274358,428463,1.000,2501
274359,428570,1.000,401
274360,428560,1.000,308
274361,429028,1.000,2371
274362,428482,1.000,2457
274362,428483,1.000,405
274363,428666,1.000,2356
274363,428667,1.000,2356
274364,428752,1.000,2490
274365,428672,1.000,2359
274365,428673,1.000,2359
274366,428460,1.000,2377
274367,428565,1.000,399
274368,428729,1.000,2424
274369,428283,1.000,2428
274370,428488,1.000,2449
274371,428627,1.000,2452
274372,428446,1.000,2446
274373,428705,1.000,2359
274374,428306,1.000,2428
274375,428372,1.000,308
274376,429153,1.000,2458
274376,429154,1.000,405
274377,429125,1.000,2359
274378,428384,1.000,308
274379,428678,1.000,2359
274379,428679,1.000,2356
274380,428134,1.000,2439
274381,428687,1.000,2377
274382,428536,1.000,3407
274383,427865,1.000,2428
274383,427866,1.000,2430
274384,428762,1.000,2359
274384,428763,1.000,2359
274385,428910,1.000,2359
274385,428911,1.000,2359
274386,428440,1.000,2488
274387,427884,1.000,2441
274387,427885,4.000,134
274388,428932,1.000,2387
274389,428751,1.000,2390
274390,428493,1.000,2488
274391,429151,1.000,2428
274391,429152,1.000,2430
274392,429108,1.000,399
274393,429191,1.000,2387
274394,428438,1.000,2449
274395,428489,1.000,2488
274396,429167,1.000,2363
274396,429168,1.000,2360
274397,429069,1.000,2356
274397,429070,1.000,2356
274398,428908,1.000,2358
274398,428909,1.000,2356
274399,428849,1.000,2398
274400,428879,1.000,399
274401,428682,1.000,2359
274402,428761,1.000,399
274403,428753,1.000,2389
274404,428615,1.000,2356
274405,428764,1.000,2428
274405,428765,1.000,2430
274406,429015,1.000,2377
274407,428658,1.000,2359
274407,428659,1.000,2359
274408,428871,1.000,2359
274408,428872,2.000,2984
274408,428873,1.000,408
274409,428456,1.000,2428
274410,428955,1.000,2352
274410,428956,1.000,2352
274411,429091,1.000,2352
274411,429092,1.000,2352
274412,429164,1.000,2467
274413,429398,1.000,3946
274414,429122,1.000,2356
274414,429123,1.000,2352
274415,429401,1.000,2352
274415,429402,1.000,2352
274416,429403,1.000,2569
274417,428933,1.000,2359
274417,428934,1.000,2359
274418,428918,1.000,2359
274419,428929,1.000,2359
274419,428930,1.000,2359
274420,429018,1.000,2359
274420,429019,1.000,2359
274421,429029,1.000,2359
274422,428607,1.000,2446
274423,428855,1.000,2359
274423,428856,1.000,2359
274424,428935,1.000,2359
274424,428936,1.000,2359
274425,428610,1.000,2446
274426,428605,1.000,2449
274427,428608,1.000,2446
274428,428633,1.000,2449
274429,428612,1.000,2449
274430,428601,1.000,2449
274431,429190,1.000,2359
274432,428923,1.000,2359
274432,428924,1.000,2359
274433,428683,1.000,308
274434,429165,1.000,2352
274434,429166,1.000,2352
274435,429424,1.000,2352
274435,429425,1.000,2352
274436,429135,1.000,2352
274436,429136,1.000,2352
274437,429411,1.000,2354
274438,429404,1.000,2352
274438,429405,1.000,2352
274439,429250,1.000,2352
274439,429251,1.000,2352
274440,429409,1.000,2352
274440,429410,1.000,2352
274441,429131,1.000,2352
274441,429132,1.000,2352
274442,427116,1.000,2449
274443,428865,1.000,2450
274444,429101,1.000,2359
274445,429102,1.000,2359
274446,429012,1.000,2424
274447,429162,1.000,2359
274448,428953,1.000,2457
274448,428954,1.000,405
274449,429007,1.000,2359
274449,429008,1.000,2359
274450,428553,1.000,2449
274451,428900,1.000,2359
274452,428882,1.000,2449
274453,428928,1.000,2359
274454,429043,1.000,2359
274455,428588,1.000,2449
274456,429033,1.000,2385
274456,429034,1.000,2359
274457,428891,1.000,2356
274458,428583,1.000,2449
274459,429264,1.000,2377
274460,428915,1.000,2368
274461,429174,1.000,2356
274462,428364,1.000,2458
274462,428365,1.000,405
274463,428943,1.000,2359
274464,429148,1.000,2387
274465,428917,1.000,2424
274466,429175,1.000,2356
274467,428983,1.000,2359
274467,428984,1.000,2359
274468,429534,1.000,522
274469,429434,1.000,2385
274470,429566,1.000,3876
274470,429567,1.000,408
274471,429494,1.000,2352
274472,429383,1.000,3738
274473,429498,1.000,2352
274473,429499,1.000,2352
274474,429492,1.000,2352
274474,429493,1.000,2352
274475,429373,1.000,3738
274476,429443,1.000,2352
274477,429438,1.000,2352
274477,429439,1.000,2356
274478,429249,1.000,2352
274479,429345,1.000,2354
274480,429348,1.000,3009
274481,429655,1.000,2441
274481,429656,1.000,134
274482,429555,1.000,2359
274482,429556,1.000,2359
274483,429219,1.000,2359
274483,429220,1.000,2359
274484,428786,1.000,2488
274485,429335,1.000,2359
274485,429336,1.000,2359
274486,428495,1.000,2398
274487,428736,1.000,2368
274487,428737,1.000,748
274488,429276,1.000,2359
274488,429277,1.000,2359
274489,428937,1.000,2488
274489,428938,1.000,2467
274490,428401,1.000,2424
274490,428402,1.000,308
274491,427977,1.000,2428
274492,429026,1.000,2356
274493,429496,1.000,2356
274494,429129,1.000,2359
274494,429130,1.000,2359
274495,429067,1.000,2359
274495,429068,1.000,2359
274496,429363,1.000,2359
274496,429364,1.000,2359
274497,429113,1.000,2390
274498,429020,1.000,2363
274499,428799,1.000,2457
274499,428800,1.000,405
274500,428774,1.000,2457
274500,428775,1.000,787
274501,429275,1.000,308
274502,428674,1.000,308
274503,429268,1.000,2441
274503,429269,3.000,134
274504,428991,1.000,308
274505,428811,1.000,2457
274505,428812,1.000,405
274506,429075,1.000,2359
274506,429076,1.000,2359
274507,428731,1.000,2457
274507,428732,1.000,787
274508,428827,1.000,2457
274508,428828,1.000,787
274509,429048,1.000,2359
274510,429286,1.000,2371
274511,429021,1.000,2359
274511,429022,1.000,2359
274512,428785,1.000,2425
274513,428988,1.000,2359
274513,428989,1.000,2359
274514,429304,1.000,2458
274514,429305,1.000,405
274515,428968,1.000,2458
274515,428969,1.000,405
274516,428741,1.000,2428
274516,428742,1.000,2433
274517,429376,1.000,2360
274518,429287,1.000,3556
274519,429230,1.000,2359
274519,429231,1.000,2359
274520,428725,1.000,2457
274520,428726,1.000,787
274521,429138,1.000,2359
274522,429259,1.000,2363
274523,429133,1.000,2359
274524,429325,1.000,2424
274525,429072,1.000,2359
274526,429077,1.000,2359
274526,429078,1.000,2359
274527,429141,1.000,2356
274527,429142,1.000,2356
274528,428639,1.000,2424
274529,428830,1.000,2359
274529,428831,1.000,2359
274530,429137,1.000,2359
274531,428312,1.000,2446
274532,428897,1.000,2424
274533,428781,1.000,2359
274534,429058,1.000,2359
274534,429059,1.000,2359
274535,428516,1.000,2459
274535,428517,1.000,405
274535,428518,1.000,408
274536,428981,1.000,2356
274537,428998,1.000,2359
274537,428999,1.000,2356
274538,428691,1.000,2458
274538,428692,1.000,405
274539,428744,1.000,2390
274540,428624,1.000,2359
274541,428505,1.000,2446
274542,428680,1.000,2359
274542,428681,1.000,2359
274543,429042,1.000,2359
274544,428455,1.000,2481
274545,428262,1.000,2481
274546,428997,1.000,2378
274547,428675,1.000,2359
274548,429323,1.000,308
274549,429211,1.000,2424
274550,429089,1.000,2428
274551,428739,1.000,2481
274552,428907,1.000,2450
274553,427959,1.000,2426
274553,427960,1.000,2433
274554,428631,1.000,2359
274554,428632,1.000,2359
274555,428819,1.000,2457
274555,428820,1.000,405
274556,428743,1.000,2446
274557,428733,1.000,2446
274558,428898,1.000,2356
274558,428899,1.000,2356
274559,428803,1.000,2449
274560,428523,1.000,2428
274561,429237,1.000,2387
274562,428852,1.000,2449
274563,429282,1.000,531
274564,428661,1.000,2459
274564,428662,1.000,405
274564,428663,1.000,408
274565,428701,1.000,2387
274566,428694,1.000,2457
274566,428695,1.000,405
274567,428756,1.000,2457
274567,428858,1.000,405
274568,428992,1.000,2428
274568,428993,1.000,2430
274569,428832,1.000,2446
274570,428470,1.000,2501
274571,428757,1.000,2449
274572,428916,1.000,2446
274573,429215,1.000,2378
274574,429281,1.000,2359
274575,429254,1.000,2428
274575,429255,1.000,2430
274576,427971,1.000,2428
274576,427972,1.000,2430
274577,429095,1.000,2359
274578,429536,1.000,2442
274578,429537,1.000,3120
274579,428944,1.000,2397
274580,428959,1.000,2356
274581,429110,1.000,2377
274582,428581,1.000,2457
274582,428582,1.000,405
274583,429500,1.000,2378
274584,428940,1.000,2449
274585,429128,1.000,399
274586,428717,1.000,2394
274587,429385,1.000,399
274588,428790,1.000,2449
274589,428868,1.000,2356
274590,429571,1.000,2449
274591,428598,1.000,2441
274591,428599,1.000,134
274592,428718,1.000,2359
274593,428926,1.000,2368
274593,428927,1.000,2437
274594,429559,1.000,2424
274595,428376,1.000,2377
274596,429320,1.000,2359
274597,428861,1.000,2356
274598,428857,1.000,2359
274599,428772,1.000,2457
274599,428773,1.000,787
274600,429463,1.000,2360
274601,428982,1.000,2446
274602,428980,1.000,2356
274603,429157,1.000,2394
274603,429158,1.000,672
274604,429053,1.000,308
274605,429206,1.000,2359
274606,429198,1.000,2359
274606,429199,1.000,2359
274607,429185,1.000,2359
274607,429186,1.000,2359
274608,429030,1.000,2449
274609,428843,1.000,2386
274610,428931,1.000,2449
274611,429721,1.000,2352
274612,429196,1.000,2359
274613,428859,1.000,2359
274613,428860,1.000,2359
274614,428894,1.000,2488
274615,429200,1.000,2356
274616,429202,1.000,2359
274617,429192,1.000,2359
274617,429193,1.000,2359
274618,429126,1.000,2359
274618,429127,1.000,2359
274619,428884,1.000,2449
274620,428922,1.000,2446
274621,429413,1.000,2359
274621,429414,1.000,2359
274622,429171,1.000,2359
274623,429189,1.000,2359
274624,428889,1.000,2446
274625,429173,1.000,2359
274626,428919,1.000,308
274627,428925,1.000,2449
274628,429065,1.000,2363
274629,429194,1.000,2359
274630,429207,1.000,2359
274631,429155,1.000,308
274632,428867,1.000,2356
274633,429031,1.000,2359
274633,429032,1.000,2359
274634,429307,1.000,2356
274634,429308,1.000,2359
274635,428957,1.000,2458
274635,428958,1.000,405
274636,429474,1.000,2359
274637,429680,1.000,2359
274638,429120,1.000,2457
274638,429121,1.000,405
274639,428912,1.000,2457
274639,428913,1.000,405
274640,428920,1.000,2449
274641,428914,1.000,2467
274642,429406,1.000,2457
274642,429407,1.000,405
274643,429156,1.000,2397
274644,429607,1.000,525
274644,429608,1.000,748
274645,429468,1.000,2416
274646,429013,1.000,2428
274646,429014,1.000,2430
274647,429519,1.000,2352
274648,429469,1.000,2352
274648,429470,1.000,2352
274649,429658,1.000,2352
274649,429659,1.000,2352
274650,429684,1.000,2512
274651,429444,1.000,2352
274652,429841,1.000,522
274653,429707,1.000,2359
274653,429708,1.000,2359
274654,429208,1.000,2359
274655,429538,1.000,2424
274656,429814,1.000,2357
274657,427574,1.000,2428
274658,428987,1.000,2450
274659,428591,1.000,2457
274659,428592,1.000,405
274660,429023,1.000,2457
274660,429024,1.000,405
274661,428877,1.000,2449
274662,429233,1.000,2395
274662,429234,1.000,2359
274663,429243,1.000,2359
274663,429244,1.000,2359
274664,429393,1.000,2474
274665,429426,1.000,2359
274666,429055,1.000,2428
274666,429056,1.000,2430
274667,429238,1.000,2359
274667,429239,1.000,2359
274668,429260,1.000,2359
274668,429261,1.000,2359
274669,429332,1.000,2359
274670,428946,1.000,2395
274671,429415,1.000,2424
274672,429227,1.000,2377
274673,429002,1.000,2359
274673,429003,1.000,2359
274674,429697,1.000,2373
274675,429377,1.000,2359
274675,429378,1.000,2359
274676,429279,1.000,2359
274676,429280,1.000,2359
274677,429143,1.000,2460
274677,429144,1.000,405
274677,429145,1.000,408
274678,429570,1.000,2424
274679,429370,1.000,2359
274679,429371,1.000,2359
274680,428810,1.000,2450
274681,428990,1.000,2449
274682,429381,1.000,2359
274682,429382,1.000,2359
274683,429896,23.000,660
274684,429272,1.000,2359
274685,429083,1.000,2371
274686,429897,1.000,3408
274687,429248,1.000,2359
274688,429898,1.000,522
274689,429353,1.000,2359
274690,429375,1.000,2424
274691,429025,1.000,2378
274692,429331,1.000,2359
274693,428975,1.000,2460
274694,429455,1.000,2359
274694,429456,1.000,2359
274695,429346,1.000,2359
274695,429347,1.000,2359
274696,429303,1.000,2356
274697,427397,1.000,2416
274698,428874,1.000,2460
274698,428875,1.000,405
274698,428876,1.000,408
274699,429245,1.000,2359
274699,429246,1.000,2359
274700,428972,1.000,2467
274701,428863,1.000,2480
274701,428864,1.000,2486
274702,429060,1.000,2371
274703,428665,2.000,308
274704,429675,1.000,2359
274705,429139,1.000,2359
274706,429046,1.000,2359
274707,428967,1.000,2356
274708,429718,1.000,2359
274708,429719,1.000,2359
274709,429300,1.000,2359
274710,429367,1.000,2446
274711,429357,1.000,2360
274711,429358,1.000,2360
274712,429419,1.000,2363
274713,429899,1.000,3954
274714,429852,1.000,2467
274715,428510,1.000,2416
274716,428866,1.000,2488
274717,429625,1.000,2359
274717,429626,1.000,2359
274718,429733,1.000,2359
274718,429734,1.000,2359
274719,429527,1.000,2942
274720,428862,1.000,2446
274721,429599,1.000,2449
274722,429546,1.000,2424
274723,429747,1.000,2356
274723,429748,1.000,2356
274724,429454,1.000,2424
274725,429633,1.000,2457
274725,429634,1.000,787
274726,429365,1.000,2363
274727,428670,1.000,399
274728,429134,1.000,2416
274729,429598,1.000,2522
274730,429258,1.000,2424
274731,429321,1.000,2440
274732,429587,1.000,2446
274734,429475,1.000,2360
274735,429900,1.000,2509
274735,429901,1.000,408
274736,429902,1.000,2509
274737,429301,1.000,2359
274737,429302,1.000,2359
274738,429256,1.000,2359
274739,429038,1.000,2428
274739,429039,1.000,2430
274740,429228,1.000,2428
274740,429229,1.000,2430
274741,429312,1.000,2359
274742,429322,1.000,308
274743,429071,1.000,2389
274744,429833,1.000,2509
274745,428977,1.000,2359
274745,428979,1.000,2359
274746,429479,1.000,2449
274746,429480,1.000,2457
274746,429481,1.000,405
274747,429714,1.000,2359
274748,428693,1.000,2467
274749,429163,1.000,2471
274750,429386,1.000,2390
274751,429035,1.000,2359
274751,429036,1.000,2359
274752,429329,1.000,2359
274752,429330,1.000,2359
274753,429526,1.000,2387
274754,429232,1.000,2428
274755,429478,1.000,2861
274756,429203,1.000,2460
274756,429204,1.000,405
274756,429205,1.000,408
274757,429049,1.000,2449
274758,429359,1.000,2387
274759,429292,1.000,2460
274759,429293,1.000,405
274759,429296,1.000,408
274760,429803,1.000,2449
274761,429613,1.000,2352
274762,429735,1.000,2352
274762,429736,1.000,2352
274763,429596,1.000,2352
274764,429568,1.000,2352
274765,429746,1.000,2352
274766,429799,2.000,2352
274766,429800,2.000,2352
274767,429616,1.000,2352
274767,429617,1.000,2352
274768,429731,1.000,2352
274768,429732,1.000,2352
274769,429614,1.000,2352
274769,429615,1.000,2352
274770,429903,1.000,2352
274770,429904,1.000,2352
274771,429819,1.000,2377
274772,429976,1.000,2361
274773,429588,1.000,2359
274773,429589,1.000,2359
274774,429890,1.000,2359
274774,429891,1.000,2359
274775,429432,1.000,2360
274775,429433,1.000,2360
274776,429431,1.000,2359
274777,429412,1.000,2360
274778,429448,1.000,2356
274778,429449,1.000,2356
274779,429442,1.000,2359
274780,429436,1.000,2356
274780,429437,1.000,2356
274781,429435,1.000,2356
274782,430062,2.000,2569
274783,429027,1.000,3617
274784,429660,1.000,2356
274784,429661,1.000,2356
274785,429673,1.000,2446
274786,429688,1.000,2457
274786,429689,1.000,405
274787,429753,1.000,2356
274787,429754,1.000,2356
274788,429881,1.000,2398
274789,429885,1.000,2359
274789,429886,1.000,2359
274790,429309,1.000,2359
274790,429310,2.000,134
274791,429709,1.000,2359
274791,429710,1.000,2359
274792,429671,1.000,2359
274792,429672,1.000,2359
274793,429665,1.000,2356
274793,429666,1.000,2356
274794,429788,1.000,2356
274794,429789,1.000,2356
274795,429503,1.000,2428
274796,429809,1.000,2424
274797,429893,1.000,2385
274798,429342,2.000,308
274799,429399,1.000,2446
274800,429295,1.000,308
274801,429457,1.000,2458
274801,429458,1.000,405
274802,429801,1.000,2359
274802,429802,1.000,2359
274803,429525,1.000,2449
274804,429889,1.000,2395
274805,429821,1.000,2359
274806,429804,1.000,2356
274806,429805,1.000,2356
274807,428870,1.000,2449
274808,429169,1.000,2458
274808,429170,1.000,405
274809,429577,1.000,2426
274810,429461,1.000,2387
274811,429770,1.000,2352
274811,429771,1.000,2352
274812,429972,1.000,2450
274813,429909,1.000,2352
274813,429910,1.000,2352
274814,429907,1.000,2352
274814,429908,1.000,2352
274815,429737,1.000,2352
274815,429738,1.000,2352
274816,429674,1.000,2424
274817,429895,1.000,2356
274818,429343,1.000,2360
274818,429344,1.000,2360
274819,429782,1.000,2359
274819,429783,1.000,2359
274820,429947,2.000,2352
274820,429948,2.000,2352
274821,429956,1.000,2352
274821,429957,1.000,2352
274822,429949,1.000,2352
274822,429950,1.000,2352
274822,429951,1.000,1323
274823,429066,1.000,3700
274824,429643,1.000,2359
274824,429644,1.000,2359
274825,429603,1.000,2359
274825,429604,1.000,2359
274826,429966,1.000,2359
274826,429967,1.000,2359
274827,429354,1.000,2359
274827,429355,1.000,2359
274828,429993,1.000,2359
274828,429994,1.000,2359
274829,429752,1.000,308
274830,429742,1.000,308
274831,429575,1.000,2359
274831,429576,1.000,2359
274832,429521,1.000,2359
274832,429522,1.000,2359
274833,429528,1.000,2359
274833,429529,1.000,2359
274834,429517,1.000,2359
274834,429518,1.000,2359
274835,429867,1.000,2488
274836,429722,1.000,2359
274837,429509,1.000,2359
274838,429645,1.000,2359
274839,429523,1.000,2359
274840,429720,1.000,2356
274841,429879,1.000,2359
274841,429880,1.000,2359
274842,429991,1.000,2359
274842,429992,1.000,2359
274843,429512,1.000,2359
274843,429513,1.000,2359
274844,429551,1.000,2424
274845,429764,1.000,2424
274846,429501,1.000,2424
274847,428791,1.000,2441
274847,428792,1.000,134
274848,429553,1.000,2359
274848,429554,1.000,2356
274849,429698,1.000,2424
274850,429561,1.000,2359
274851,429306,1.000,2359
274852,429511,1.000,2359
274853,429226,1.000,2428
274854,429545,1.000,2365
274855,429564,1.000,2359
274855,429565,1.000,2359
274856,429507,1.000,2359
274856,429508,1.000,2359
274857,430089,1.000,2394
274857,430206,1.000,495
274858,429093,1.000,2446
274859,429563,1.000,2424
274860,429482,1.000,531
274861,429006,1.000,2449
274862,429504,1.000,2359
274863,429057,1.000,2446
274864,429476,1.000,2457
274864,429477,1.000,787
274865,429270,1.000,2481
274866,429288,1.000,2457
274866,429289,1.000,405
274866,430044,1.000,3876
274867,429009,1.000,2457
274867,429010,1.000,405
274868,429356,1.000,2495
274869,429016,1.000,3407
274869,429017,1.000,408
274870,429451,1.000,2428
274870,429452,1.000,2430
274871,429548,1.000,2385
274872,429597,1.000,2387
274873,429610,1.000,2359
274873,429611,1.000,2359
274874,429380,1.000,2449
274875,429624,1.000,2377
274876,429987,1.000,2446
274877,428723,1.000,2428
274877,428724,1.000,2430
274878,429311,1.000,2389
274879,429572,1.000,2377
274880,429944,1.000,2446
274881,429543,1.000,2363
274882,429119,1.000,2449
274883,429651,1.000,2416
274884,429090,1.000,2481
274885,430067,1.000,3705
274885,430068,1.000,491
274886,430040,1.000,2359
274886,430041,1.000,2359
274887,429619,1.000,2358
274887,429620,1.000,2356
274888,429099,1.000,2442
274888,429100,1.000,3120
274889,429150,1.000,2446
274890,429044,1.000,2457
274890,429045,1.000,405
274891,428880,1.000,2617
274891,428881,1.000,405
274892,430171,1.000,2452
274893,429642,1.000,3284
274894,428813,1.000,2441
274894,428814,2.000,134
274895,429681,1.000,2359
274895,429682,1.000,2359
274896,429984,1.000,2460
274896,429985,1.000,405
274896,429986,1.000,408
274897,429417,1.000,3882
274898,429593,1.000,2866
274898,429594,1.000,3120
274898,429595,1.000,408
274899,430208,1.000,2450
274899,430209,1.000,684
274900,430210,1.000,2509
274901,429441,1.000,2449
274902,429011,1.000,2481
274903,429542,1.000,2359
274904,429284,1.000,2616
274905,429767,1.000,2428
274905,429768,1.000,2430
274906,430178,1.000,405
274906,430179,1.000,2460
274906,430180,1.000,408
274907,429149,1.000,2416
274908,429652,1.000,2389
274909,429980,1.000,2352
274909,429981,1.000,2352
274910,430146,1.000,2359
274910,430147,1.000,2359
274911,429982,1.000,2352
274912,429467,1.000,2356
274913,429533,1.000,2359
274914,429627,1.000,2359
274915,429849,1.000,2512
274916,430088,1.000,2352
274917,430005,1.000,2512
274918,430084,1.000,2352
274919,430119,1.000,2352
274919,430120,1.000,2352
274920,430054,1.000,2352
274920,430055,1.000,2352
274921,430091,1.000,2352
274922,430018,1.000,2512
274923,429864,1.000,2352
274924,429662,1.000,2359
274925,429663,1.000,2359
274925,429664,1.000,2359
274926,429667,1.000,2359
274926,429668,1.000,2359
274927,429670,1.000,2359
274928,429676,1.000,2356
274929,429678,1.000,2360
274929,429679,1.000,2360
274930,429685,1.000,2360
274930,429686,1.000,2360
274931,429691,1.000,2359
274931,430043,1.000,2360
274932,429715,1.000,2359
274932,429716,1.000,2359
274933,429786,1.000,2359
274933,429787,1.000,2359
274934,429792,1.000,2359
274934,429793,1.000,2359
274935,429797,1.000,2359
274936,429798,1.000,2363
274937,429812,1.000,2385
274937,429813,1.000,2359
274938,429806,1.000,2359
274939,429807,1.000,2359
274940,429808,1.000,2359
274941,429836,1.000,2359
274942,429997,1.000,2359
274942,429998,1.000,2359
274943,429853,1.000,308
274944,429765,1.000,2385
274945,430213,1.000,2359
274945,430214,1.000,2359
274946,429313,1.000,2449
274947,429769,1.000,2359
274947,429772,1.000,2359
274948,429822,1.000,2387
274949,429952,1.000,2356
274949,429953,1.000,2356
274950,429945,1.000,2356
274951,429946,1.000,2424
274952,429416,1.000,2469
274953,429453,1.000,2446
274954,430141,1.000,2424
274955,429892,1.000,2446
274956,429222,1.000,2428
274957,429471,1.000,2446
274958,430022,1.000,2359
274958,430023,1.000,2359
274959,430063,1.000,2385
274960,429884,1.000,2446
274961,429459,1.000,2449
274962,430267,1.000,2352
274962,430268,1.000,2352
274963,429954,1.000,2352
274963,429955,1.000,2352
274964,430074,1.000,2352
274964,430075,1.000,2352
274965,430211,1.000,2352
274965,430212,1.000,2352
274966,430215,1.000,2352
274967,430201,1.000,2512
274968,430004,1.000,3738
274969,429960,1.000,2352
274970,429999,1.000,3738
274970,430000,1.000,3738
274971,429397,1.000,2449
274972,429242,1.000,2471
274973,430025,1.000,2446
274974,429794,1.000,2356
274974,429795,1.000,2356
274975,429557,1.000,2458
274975,429558,1.000,405
274976,429844,1.000,2359
274977,429854,1.000,2357
274977,429855,1.000,2357
274978,429827,1.000,2385
274978,429828,1.000,2359
274979,429851,1.000,2359
274980,429834,1.000,2359
274980,429835,1.000,2359
274981,430026,1.000,2424
274982,429750,1.000,2359
274982,429751,1.000,2359
274983,429560,1.000,2446
274984,429524,1.000,2449
274985,429850,1.000,2356
274986,429816,1.000,2359
274987,429823,1.000,2385
274988,429776,1.000,2359
274988,429777,1.000,2385
274989,429877,1.000,525
274990,429728,1.000,2359
274991,429485,1.000,2458
274991,429486,1.000,405
274991,429487,1.000,2484
274992,429726,1.000,2356
274992,429727,1.000,2356
274993,429387,1.000,2378
274994,430020,1.000,2359
274995,429826,1.000,2385
274996,430202,1.000,2375
274997,430463,1.000,2359
274997,430464,1.000,2359
274998,429298,1.000,2442
274998,429408,1.000,3120
274999,429755,1.000,2385
275000,429394,1.000,2457
275000,429395,1.000,787
275001,429273,1.000,2394
275001,429274,1.000,2361
275002,429757,1.000,2359
275002,429759,1.000,2359
275003,429773,1.000,2359
275004,429391,1.000,2458
275004,429392,1.000,405
275005,429291,1.000,2481
275006,429464,1.000,2426
275007,430195,1.000,787
275008,429888,1.000,2356
275009,430096,1.000,2359
275009,430097,1.000,2359
275010,430019,1.000,2424
275011,429390,1.000,2469
275012,430172,1.000,2372
275013,429366,1.000,308
275014,429837,1.000,2359
275014,429838,1.000,2359
275015,428699,1.000,2428
275015,428700,1.000,2430
275016,430051,1.000,2446
275017,429267,1.000,2428
275018,430104,1.000,2359
275018,430105,1.000,2359
275019,429262,1.000,2457
275019,429263,1.000,405
275020,430306,1.000,2358
275021,429096,1.000,2441
275021,429097,4.000,134
275022,430221,1.000,2363
275023,430137,1.000,2359
275023,430138,1.000,2359
275024,429216,1.000,2488
275025,429579,1.000,399
275026,429240,1.000,2457
275026,429241,1.000,405
275027,429235,1.000,2482
275028,429294,1.000,2446
275029,429333,1.000,2428
275029,429334,1.000,2430
275030,429252,1.000,2457
275030,429253,1.000,787
275031,429541,1.000,2467
275031,429829,1.000,525
275032,430112,1.000,2467
275033,430135,1.000,2449
275034,429472,1.000,2381
275034,429473,1.000,408
275035,429450,1.000,2449
275036,429221,1.000,2441
275037,429811,1.000,2359
275038,429865,1.000,2378
275039,430196,1.000,787
275040,429815,1.000,2359
275041,429502,1.000,2428
275042,429858,1.000,3693
275042,429859,1.000,408
275042,429860,2.000,522
275043,429324,1.000,2452
275044,428793,1.000,2441
275044,428794,3.000,134
275045,430166,1.000,2384
275046,430304,1.000,2449
275047,429646,1.000,2442
275047,429647,1.000,3120
275047,429648,1.000,2457
275047,429649,1.000,787
275048,429699,1.000,2384
275048,429700,1.000,2359
275049,429650,1.000,2446
275050,429317,1.000,2460
275050,429318,1.000,405
275050,429319,1.000,408
275051,429958,1.000,2359
275052,429583,1.000,308
275053,430222,1.000,2460
275053,430223,1.000,405
275053,430224,1.000,408
275054,430398,1.000,2356
275055,430459,1.000,2359
275055,430460,1.000,2359
275056,430207,1.000,2387
275057,429535,1.000,405
275058,430015,1.000,2394
275059,430386,1.000,2359
275059,430387,1.000,2359
275060,429497,1.000,308
275061,429490,1.000,2494
275061,429491,1.000,2494
275062,429818,1.000,2387
275063,429530,1.000,2397
275063,429531,1.000,408
275064,430045,1.000,2352
275064,430046,1.000,2352
275065,429257,1.000,2490
275066,429887,1.000,2446
275067,429963,1.000,2359
275068,429247,1.000,2446
275069,429830,1.000,2416
275070,430321,1.000,2368
275071,429285,1.000,2446
275072,430305,1.000,2352
275073,430354,1.000,2352
275073,430355,1.000,2352
275074,430286,1.000,2352
275075,430265,1.000,2352
275076,430318,1.000,2352
275077,430285,1.000,2352
275078,430279,1.000,2352
275079,430253,1.000,2352
275080,430381,1.000,2352
275081,430378,1.000,2352
275081,430379,1.000,2352
275082,430473,1.000,1129
275083,430584,52.000,660
275083,430585,1.000,3384
275084,430623,14.000,4026
275085,430016,1.000,2356
275085,430017,1.000,2356
275086,430010,1.000,2359
275086,430011,1.000,2359
275087,429995,1.000,2359
275087,429996,1.000,2359
275088,429983,1.000,2359
275089,429964,1.000,2360
275089,429965,1.000,2360
275090,429961,1.000,2360
275090,429962,1.000,2360
275091,429959,1.000,2360
275092,430123,1.000,2359
275093,430660,3.000,490
275094,430071,1.000,2359
275095,430167,1.000,2359
275095,430168,1.000,2359
275096,430109,1.000,2359
275096,430110,1.000,2359
275097,430139,1.000,2385
275097,430140,1.000,2359
275098,430190,1.000,2359
275098,430191,1.000,2359
275099,429744,1.000,2446
275100,430121,1.000,2359
275100,430122,1.000,2359
275101,430136,1.000,2359
275102,430124,1.000,2359
275102,430125,1.000,2359
275103,430152,1.000,2359
275103,430153,1.000,2359
275104,429785,1.000,308
275105,429883,1.000,308
275106,430142,1.000,2363
275107,430131,1.000,2359
275107,430132,1.000,2359
275108,430144,1.000,2359
275108,430145,1.000,2359
275109,430115,1.000,2359
275110,430237,1.000,308
275111,430129,1.000,2359
275111,430130,1.000,2359
275112,430150,1.000,2359
275112,430151,1.000,2359
275113,429739,1.000,2446
275114,430127,1.000,2359
275114,430128,1.000,2359
275115,430405,1.000,2467
275116,430325,1.000,2424
275117,430345,1.000,2356
275118,430001,1.000,2359
275119,430363,1.000,2395
275120,430038,1.000,2359
275120,430039,1.000,2359
275121,430310,1.000,2424
275122,429781,1.000,2446
275123,430133,1.000,2359
275124,430335,1.000,2424
275125,429790,1.000,2449
275126,430332,1.000,2424
275127,430028,1.000,2359
275127,430029,1.000,2359
275128,429778,1.000,2446
275129,429894,1.000,2446
275130,429724,1.000,2449
275131,430065,1.000,2356
275132,430245,1.000,2359
275132,430246,1.000,2359
275133,429871,1.000,2359
275134,430410,1.000,2363
275135,430027,1.000,2359
275136,430113,1.000,2384
275136,430114,1.000,2359
275137,430199,1.000,2385
275138,430307,1.000,2359
275138,430308,1.000,2359
275139,430241,1.000,2359
275139,430242,1.000,2359
275140,430161,1.000,2368
275141,430348,1.000,2359
275142,430476,1.000,2352
275142,430477,1.000,2352
275143,430474,1.000,2352
275143,430475,1.000,2352
275144,430399,1.000,2352
275144,430400,1.000,2352
275145,430033,1.000,2424
275146,430220,1.000,2359
275147,430375,1.000,2449
275148,430369,1.000,2387
275149,430564,1.000,2359
275150,430692,1.000,2352
275150,430693,1.000,2352
275151,430364,1.000,2802
275151,430365,1.000,405
275152,430290,1.000,2352
275152,430291,1.000,2352
275153,430101,1.000,2390
275153,430102,1.000,915
275154,430359,1.000,2352
275154,430360,1.000,2352
275155,430319,1.000,2352
275156,430236,1.000,2369
275157,430205,1.000,2384
275158,430232,1.000,2359
275158,430233,1.000,2359
275159,430259,1.000,2352
275160,430565,1.000,2512
275161,430251,1.000,2352
275161,430252,1.000,2352
275162,430453,1.000,2459
275162,430454,1.000,405
275163,429977,1.000,2446
275164,429505,1.000,2457
275164,429506,1.000,787
275165,429832,1.000,2439
275166,429605,1.000,2446
275167,429562,1.000,2488
275168,429694,1.000,308
275168,429695,1.000,308
275169,429581,1.000,2457
275169,429582,1.000,787
275170,429550,1.000,2467
275171,430069,1.000,2356
275171,430070,1.000,2356
275172,430192,1.000,2424
275173,429590,1.000,2446
275174,430350,1.000,2441
275174,430351,4.000,134
275175,430568,1.000,2352
275175,430569,1.000,2352
275175,430570,1.000,134
275176,430619,1.000,2424
275177,430480,1.000,4095
275178,430601,1.000,2359
275178,430602,1.000,2359
275179,430009,1.000,2371
275180,429974,1.000,2356
275181,430072,1.000,2359
275181,430073,1.000,2359
275182,430358,1.000,2363
275183,430076,1.000,2359
275183,430077,1.000,2359
275184,430064,1.000,2359
275185,430263,1.000,2356
275185,430264,1.000,2359
275186,430061,1.000,2359
275187,430200,1.000,2359
275188,429379,1.000,2428
275189,429389,1.000,2416
275190,430085,1.000,2356
275191,430036,1.000,2359
275191,430037,1.000,2359
275192,429609,1.000,2616
275193,429621,1.000,2488
275193,429622,2.000,684
275194,429569,1.000,2449
275195,430333,1.000,2449
275195,430334,2.000,2495
275196,430489,1.000,2449
275197,429740,1.000,308
275197,429741,1.000,2467
275198,430266,1.000,2368
275199,430406,1.000,2359
275199,430407,1.000,2359
275200,430056,1.000,2359
275200,430057,1.000,2359
275201,429544,1.000,2490
275202,430606,1.000,2424
275203,429539,1.000,2428
275204,430181,1.000,308
275205,429520,1.000,2446
275206,429314,1.000,2416
275207,430176,1.000,2457
275207,430177,1.000,405
275208,430395,1.000,2359
275208,430396,1.000,2359
275209,429876,1.000,2467
275210,430700,1.000,2386
275210,430701,1.000,2359
275211,429488,1.000,308
275212,430695,1.000,2459
275212,430696,1.000,405
275212,430697,1.000,408
275213,430182,1.000,2425
275214,430450,1.000,399
275215,429580,1.000,2446
275216,430715,1.000,2385
275217,429866,1.000,2467
275218,429973,1.000,308
275219,430441,1.000,399
275220,429547,1.000,2377
275221,429549,1.000,2490
275222,430014,1.000,2359
275223,430747,1.000,2359
275224,429368,1.000,2428
275224,429369,1.000,2430
275225,429653,1.000,2383
275225,429654,1.000,408
275226,430012,1.000,2359
275226,430013,1.000,2359
275227,429516,1.000,2494
275228,430024,1.000,2359
275229,430031,1.000,2359
275229,430032,1.000,2359
275230,429618,1.000,2440
275231,430090,1.000,2359
275232,429483,1.000,2458
275232,429484,1.000,405
275233,429384,1.000,2416
275234,430186,1.000,2393
275235,430049,1.000,2387
275235,430050,2.000,672
275236,430162,1.000,2359
275236,430163,1.000,2359
275237,429591,1.000,3407
275237,429592,1.000,408
275238,429623,1.000,2449
275239,430427,1.000,2352
275239,430428,1.000,2352
275240,430455,1.000,2454
275240,430456,2.000,2495
275241,430183,1.000,2397
275242,430052,1.000,2359
275242,430053,1.000,2359
275243,429445,1.000,2457
275243,429446,1.000,405
275244,430833,2.000,2352
275244,430834,2.000,2352
275245,430298,1.000,2352
275245,430299,1.000,2352
275246,430699,1.000,2512
275247,430831,1.000,2352
275247,430832,1.000,2352
275248,430685,1.000,2512
275249,430607,1.000,2352
275250,430599,1.000,2352
275251,430608,1.000,2352
275251,430609,1.000,2352
275252,430408,1.000,2352
275253,430457,1.000,2352
275253,430458,1.000,2352
275254,430651,1.000,2352
275255,430419,1.000,2352
275255,430420,1.000,2352
275256,430676,1.000,2352
275256,430677,1.000,2352
275257,430789,1.000,2509
275258,429612,2.000,522
275259,430857,1.000,3552
275260,430874,1.000,2375
275261,430289,1.000,2359
275262,430481,1.000,2359
275262,430482,1.000,2359
275263,430231,1.000,2359
275264,430273,1.000,2359
275264,430274,1.000,2359
275265,430320,1.000,2359
275266,430322,1.000,2356
275266,430323,1.000,2356
275267,430296,1.000,2356
275267,430297,1.000,2356
275268,430627,1.000,2359
275269,430577,1.000,2359
275270,429968,1.000,2428
275270,429969,1.000,2430
275271,430154,1.000,2359
275272,430234,1.000,2428
275273,430487,1.000,2356
275273,430488,1.000,2356
275274,430143,1.000,2378
275275,430380,1.000,2359
275276,430002,1.000,2446
275277,430760,1.000,2378
275278,430644,1.000,2359
275278,430645,1.000,2359
275279,430442,1.000,2512
275280,430838,1.000,2512
275280,430839,1.000,2512
275281,430596,1.000,2352
275281,430597,1.000,2352
275282,430247,1.000,2450
275283,430668,1.000,2352
275283,430669,1.000,2352
275284,430228,1.000,2359
275284,430229,1.000,2359
275285,429989,1.000,2428
275285,429990,1.000,2430
275286,430007,1.000,2449
275287,430300,1.000,2359
275288,430631,1.000,2424
275289,430352,1.000,2377
275290,430030,1.000,2428
275291,430226,1.000,2359
275291,430227,1.000,2359
275292,430436,1.000,3194
275293,430197,1.000,308
275294,430840,1.000,3738
275294,430841,1.000,3738
275295,430730,1.000,2397
275295,430731,1.000,748
275296,430292,1.000,2352
275296,430293,1.000,2352
275296,430294,1.000,134
275297,430283,1.000,2352
275297,430284,3.000,134
275298,430657,1.000,2767
275298,430658,2.000,748
275299,430261,1.000,2359
275300,430295,1.000,2352
275301,430492,1.000,2359
275301,430493,1.000,2352
275302,430740,1.000,2359
275303,430370,1.000,399
275303,430371,1.000,2862
275304,430411,1.000,2359
275304,430412,1.000,2359
275305,430403,1.000,2359
275306,430376,1.000,2359
275306,430377,1.000,2359
275307,430243,1.000,2359
275307,430244,1.000,2359
275308,430689,1.000,2356
275308,430690,1.000,2356
275309,430346,1.000,2359
275309,430347,1.000,2359
275310,430367,1.000,2359
275310,430368,1.000,2359
275311,430271,1.000,2359
275311,430272,1.000,2359
275312,429756,1.000,2449
275313,430461,1.000,2359
275313,430626,1.000,2359
275314,430421,1.000,2359
275314,430422,1.000,2359
275315,430278,1.000,2359
275316,430339,1.000,2356
275316,430340,1.000,2359
275317,430736,1.000,2471
275318,430384,1.000,2359
275318,430385,1.000,2359
275319,430390,1.000,2359
275320,430254,1.000,2356
275320,430255,1.000,2356
275321,430269,1.000,2359
275321,430270,1.000,2359
275322,430404,1.000,2359
275323,429824,1.000,2457
275323,429825,1.000,787
275324,430328,1.000,2359
275325,429779,2.000,308
275325,429780,1.000,308
275326,430258,1.000,2359
275327,430425,1.000,2359
275327,430426,1.000,2359
275328,430188,1.000,2359
275329,430612,1.000,2424
275330,429796,1.000,2467
275331,429760,1.000,2449
275332,430423,1.000,2359
275332,430424,1.000,2359
275333,430401,1.000,2356
275333,430402,1.000,2356
275334,429847,1.000,308
275335,429701,1.000,308
275336,429820,1.000,308
275337,430361,1.000,2359
275338,430409,1.000,2359
275339,430617,1.000,2449
275340,430288,1.000,2372
275341,430594,1.000,2424
275342,430394,1.000,2385
275343,429743,1.000,2449
275344,430737,1.000,2424
275345,429870,1.000,2446
275346,430712,1.000,2446
275347,430437,1.000,399
275348,430111,1.000,2428
275349,430309,1.000,2428
275350,430276,1.000,2359
275351,429843,1.000,2428
275352,430659,1.000,2356
275353,430440,1.000,2359
275354,430963,1.000,2356
275355,431066,4.000,522
275356,430262,1.000,2387
275357,429817,1.000,2446
275358,429872,1.000,2416
275359,429878,1.000,2890
275360,430988,1.000,2360
275361,431011,1.000,2359
275361,431012,1.000,2359
275362,430165,1.000,2439
275363,430960,1.000,2428
275364,430708,1.000,2359
275364,430709,1.000,2359
275365,429848,1.000,2449
275366,429761,1.000,2457
275366,429762,1.000,405
275367,430827,1.000,2457
275367,430828,1.000,405
275368,429711,1.000,2457
275368,429712,1.000,405
275369,430249,1.000,2359
275369,430250,1.000,2359
275370,429868,1.000,2454
275370,429869,1.000,405
275371,430638,1.000,399
275372,430465,1.000,2942
275373,429745,1.000,2449
275374,430116,1.000,2460
275374,430117,1.000,405
275374,430118,1.000,408
275375,430964,1.000,2360
275376,430344,1.000,399
275377,430079,1.000,2439
275377,430080,1.000,2439
275378,430859,1.000,2512
275379,430782,1.000,2352
275379,430783,1.000,2352
275380,431068,1.000,2352
275380,431069,1.000,2352
275381,430822,1.000,2352
275381,430823,1.000,2352
275382,430784,1.000,2352
275382,430785,1.000,2352
275383,430716,1.000,2352
275383,430717,1.000,2352
275383,430718,3.000,134
275384,430781,1.000,2352
275385,431070,1.000,2352
275385,431071,1.000,2352
275386,431072,2.000,2569
275387,430397,1.000,2359
275388,429552,1.000,2416
275389,430746,1.000,2449
275390,430356,1.000,2359
275391,430388,1.000,2428
275391,430389,1.000,2430
275392,431073,1.000,308
275393,430741,1.000,2449
275394,431076,4.000,2352
275395,431075,1.000,3408
275396,431074,25.000,660
275397,429349,1.000,2412
275397,429350,1.000,486
275397,429351,1.000,490
275397,429352,1.000,491
275398,430303,1.000,2356
275399,430620,1.000,2359
275399,430621,1.000,2359
275400,430837,1.000,2356
275401,430629,1.000,2359
275401,430630,1.000,2359
275402,430312,1.000,308
275403,430723,1.000,2359
275403,430724,1.000,2359
275404,430613,1.000,2356
275404,430614,1.000,2356
275405,430634,1.000,2359
275406,430603,1.000,2356
275406,430604,1.000,2356
275407,430483,1.000,2359
275407,430484,1.000,2359
275408,430683,1.000,2359
275409,430678,1.000,2359
275409,430679,1.000,2359
275410,430311,1.000,2428
275411,430824,1.000,2359
275411,430825,1.000,2359
275412,430681,1.000,2359
275412,430682,1.000,2359
275413,431172,1.000,308
275414,430639,1.000,2359
275415,430667,1.000,2359
275416,430495,1.000,2359
275416,430496,1.000,2359
275417,430674,1.000,2359
275417,430675,1.000,2359
275418,430438,1.000,2446
275419,430610,1.000,2359
275419,430611,1.000,2359
275420,430686,1.000,2359
275421,427121,1.000,2446
275422,430636,1.000,2359
275422,430637,1.000,2359
275423,427109,1.000,2449
275424,430485,1.000,2359
275424,430486,1.000,2359
275425,430868,1.000,2359
275425,430869,1.000,2359
275426,430648,1.000,2368
275427,430238,1.000,2449
275428,430665,1.000,2385
275429,430673,1.000,2359
275430,430021,1.000,2449
275431,430618,1.000,2428
275432,430331,1.000,615
275433,430624,1.000,2390
275433,430625,2.000,748
275434,430313,1.000,308
275435,430671,1.000,401
275436,430366,1.000,2488
275437,430632,1.000,2359
275437,430633,1.000,2359
275438,430662,1.000,2359
275438,430663,1.000,2359
275439,430688,1.000,2356
275440,430235,1.000,2449
275441,429195,1.000,2449
275442,430593,1.000,2359
275443,430478,1.000,2449
275444,430591,1.000,2449
275445,430694,1.000,2449
275446,430239,1.000,2449
275447,430490,1.000,2359
275448,431007,1.000,2352
275448,431008,1.000,2352
275449,431098,1.000,2352
275450,427122,1.000,2449
275451,430870,1.000,2359
275451,430871,1.000,2359
275452,431081,1.000,2352
275453,430844,1.000,2359
275453,430845,1.000,2359
275454,430843,1.000,2359
275455,431095,1.000,2352
275456,430301,1.000,2450
275457,430847,1.000,2352
275457,430848,1.000,2352
275458,430341,1.000,2449
275459,430447,1.000,2428
275459,430448,1.000,2430
275460,430850,1.000,2352
275460,430851,1.000,2352
275461,431093,1.000,3738
275462,430872,1.000,2356
275462,430873,1.000,2356
275463,431099,1.000,2352
275464,430881,1.000,3738
275465,431107,1.000,2352
275465,431108,1.000,134
275466,431082,1.000,2352
275466,431083,1.000,2352
275467,430992,1.000,2377
275468,431174,1.000,2371
275469,431183,2.000,2352
275469,431184,2.000,2352
275470,431181,2.000,2352
275470,431182,2.000,2352
275471,430641,1.000,2359
275471,430642,1.000,2359
275472,430287,1.000,2446
275473,430698,1.000,2363
275474,430628,1.000,2359
275475,430803,1.000,399
275476,430965,1.000,2359
275477,430575,1.000,2449
275478,431034,1.000,2359
275479,430615,1.000,2359
275479,430616,1.000,2359
275480,429573,1.000,2416
275481,430598,1.000,399
275482,430989,1.000,2368
275483,430155,1.000,308
275484,430769,1.000,2363
275485,430576,1.000,2359
275486,430664,1.000,2424
275487,430103,2.000,308
275488,430943,1.000,2424
275489,431023,1.000,2424
275490,430338,1.000,2449
275491,430866,1.000,2356
275491,430867,1.000,2356
275492,430917,1.000,2552
275493,430087,1.000,308
275494,430373,1.000,2428
275495,430086,1.000,308
275496,430968,1.000,2357
275496,430969,1.000,2357
275497,430374,1.000,2428
275498,430059,1.000,2449
275499,429271,1.000,2428
275499,429495,1.000,2430
275500,430672,1.000,2424
275501,430916,1.000,2552
275502,430758,1.000,2359
275502,430759,1.000,2359
275503,430622,1.000,2363
275504,430980,1.000,308
275505,430958,1.000,2359
275505,430959,1.000,2359
275506,431020,1.000,2424
275507,430497,1.000,308
275508,430592,1.000,2449
275509,430978,1.000,308
275510,430589,1.000,2385
275510,430590,1.000,2359
275511,430595,1.000,2385
275512,430762,1.000,2359
275513,430702,1.000,2359
275514,431129,1.000,2356
275514,431130,1.000,2356
275515,430920,1.000,2359
275516,431134,1.000,2359
275516,431135,1.000,2359
275517,430776,1.000,2359
275518,430078,1.000,308
275519,430921,1.000,2552
275520,431039,1.000,2385
275521,430777,1.000,2457
275521,430778,1.000,405
275522,431168,1.000,2424
275523,430773,1.000,2458
275523,430774,1.000,405
275524,430748,1.000,2359
275524,430749,1.000,2359
275525,430764,1.000,2359
275526,430081,1.000,2488
275527,430830,1.000,399
275527,430932,1.000,490
275527,430933,1.000,486
275528,430883,1.000,2618
275529,430979,1.000,308
275530,430600,1.000,2359
275531,430193,1.000,2446
275532,431040,1.000,2359
275532,431041,1.000,2359
275533,430767,1.000,2359
275533,430768,1.000,2359
275534,429326,1.000,2428
275534,429327,2.000,2431
275534,429328,1.000,2430
275535,430706,1.000,2359
275535,430707,1.000,2359
275536,430566,1.000,2446
275537,430095,1.000,2446
275538,431042,1.000,2463
275538,431043,1.000,405
275539,431146,1.000,2385
275540,430330,1.000,2446
275541,430169,1.000,2457
275541,430170,1.000,405
275542,431140,1.000,531
275542,431141,1.000,2387
275543,430826,1.000,748
275544,431062,1.000,2352
275544,431063,1.000,2352
275545,431156,1.000,2446
275546,431015,1.000,2352
275547,430925,1.000,2424
275547,430926,1.000,2389
275547,430927,1.000,915
275548,431105,1.000,2352
275548,431106,1.000,2352
275549,431138,1.000,2397
275550,431037,1.000,2512
275550,431038,1.000,2512
275551,431160,1.000,2617
275551,431161,1.000,405
275551,431162,1.000,915
275552,431025,1.000,2352
275552,431026,1.000,2359
275553,431085,1.000,2352
275553,431086,1.000,2352
275554,430878,1.000,399
275554,430879,1.000,2862
275555,430802,1.000,2359
275556,430666,1.000,2359
275557,430864,1.000,2439
275558,430649,1.000,2359
275558,430650,1.000,2359
275559,431044,1.000,399
275560,430862,1.000,2387
275561,430605,1.000,525
275562,431004,1.000,2359
275563,431150,1.000,2359
275563,431151,1.000,2359
275564,431173,1.000,2359
275565,430771,1.000,2387
275566,431324,1.000,408
275567,430835,1.000,2356
275567,430836,1.000,2356
275568,431122,1.000,2359
275568,431123,1.000,2359
275569,430653,1.000,2457
275569,430654,1.000,405
275570,431128,1.000,2356
275571,431126,1.000,2359
275571,431127,1.000,2359
275572,431002,1.000,2443
275572,431003,1.000,3120
275573,431087,1.000,2356
275573,431088,1.000,2356
275574,430875,1.000,2356
275574,430876,1.000,2356
275575,431145,1.000,2359
275576,430842,1.000,2359
275577,430858,1.000,308
275578,431115,1.000,399
275579,431313,1.000,2359
275579,431314,1.000,2359
275580,430955,1.000,2377
275581,430984,1.000,2377
275582,431297,1.000,2359
275582,431298,1.000,2359
275583,431131,1.000,2359
275583,431246,1.000,2360
275584,431124,1.000,2359
275584,431125,1.000,2359
275585,430684,1.000,2446
275586,430981,1.000,2359
275587,430647,1.000,2446
275588,431227,1.000,2446
275589,430336,1.000,2488
275590,431220,1.000,2359
275591,431210,1.000,2455
275592,431238,1.000,2359
275593,431118,1.000,2359
275594,431249,2.000,2352
275595,431294,1.000,2352
275595,431295,1.000,2352
275596,431293,1.000,2352
275597,431250,1.000,2352
275598,431247,1.000,2356
275599,431229,1.000,2446
275600,431148,1.000,2424
275601,430680,1.000,2362
275602,430734,1.000,2509
275603,430587,1.000,2449
275604,430661,1.000,2446
275605,430918,1.000,2359
275605,431159,1.000,2360
275606,431396,1.000,408
275607,431155,1.000,2371
275608,431109,1.000,2368
275609,431077,1.000,2359
275609,431078,1.000,2359
275610,431119,1.000,2359
275610,431120,1.000,2359
275611,431412,35.000,660
275612,431428,1.000,408
275613,431434,20.000,660
275614,431449,2.000,4026
275615,431343,1.000,2352
275615,431344,1.000,2352
275616,431136,1.000,2359
275616,431137,1.000,2359
275617,431325,1.000,2359
275617,431327,1.000,2359
275618,431054,1.000,2359
275619,430173,1.000,308
275620,430930,1.000,2359
275620,430931,1.000,2359
275621,431033,1.000,2359
275622,430198,1.000,2467
275623,430779,1.000,2428
275623,430780,1.000,2432
275624,430107,1.000,2522
275624,430108,1.000,408
275625,431362,1.000,2460
275625,431363,1.000,405
275625,431364,1.000,2569
275626,430184,1.000,3693
275626,430185,1.000,408
275627,430316,1.000,2468
275628,431326,1.000,2356
275628,431328,1.000,2356
275629,430738,2.000,308
275630,430946,1.000,2359
275631,430719,1.000,2359
275632,430936,1.000,2359
275633,431067,1.000,2359
275634,430949,1.000,2359
275634,430950,1.000,2359
275635,431030,1.000,2359
275636,430970,1.000,2359
275637,431143,1.000,2359
275637,431144,1.000,2359
275638,431046,1.000,2359
275638,431047,1.000,2359
275639,430432,1.000,308
275640,431031,1.000,2359
275640,431032,1.000,2356
275641,431410,1.000,2509
275642,431498,1.000,522
275643,431322,1.000,2354
275644,431231,1.000,2449
275645,430640,1.000,2449
275646,431367,1.000,2428
275647,431112,1.000,2359
275648,430581,1.000,1392
275649,430973,1.000,2457
275649,430974,1.000,405
275650,431260,1.000,2356
275650,431261,1.000,2356
275651,431271,1.000,2359
275651,431272,1.000,2359
275652,430772,1.000,2416
275653,430189,1.000,2481
275654,430280,1.000,2446
275655,430382,1.000,2457
275655,430383,1.000,787
275656,430479,1.000,2450
275657,429706,1.000,2426
275658,430342,1.000,2458
275658,430343,1.000,405
275659,430372,1.000,2449
275660,431233,1.000,2359
275660,431234,1.000,2359
275661,431351,1.000,2446
275662,430856,1.000,308
275663,431262,1.000,2356
275664,431187,1.000,2359
275664,431188,1.000,2359
275665,430705,1.000,2446
275666,431283,1.000,2352
275667,431189,1.000,2512
275668,430953,1.000,2457
275668,430954,1.000,787
275669,430975,1.000,2359
275669,430976,1.000,2359
275670,431282,1.000,2352
275671,431029,1.000,2359
275672,431278,1.000,598
275672,431279,1.000,4102
275673,430451,1.000,2458
275673,430452,1.000,405
275674,431273,1.000,2425
275675,431163,1.000,2352
275676,430751,1.000,2426
275677,431285,1.000,2352
275678,430148,1.000,2426
275678,430275,1.000,2433
275679,431277,1.000,2356
275680,431280,1.000,2352
275680,431281,1.000,2352
275681,431230,1.000,3738
275682,430174,1.000,2428
275682,430175,1.000,2430
275683,431251,1.000,2352
275684,430449,1.000,2450
275685,430966,1.000,2457
275685,430967,1.000,405
275686,431215,1.000,2359
275687,430445,1.000,2457
275687,430446,1.000,405
275688,430302,1.000,2449
275689,431380,1.000,2458
275689,431381,1.000,405
275690,430567,1.000,2426
275691,431027,1.000,2359
275691,431028,2.000,134
275692,431265,1.000,2390
275693,431207,1.000,2489
275694,430092,1.000,2442
275694,430093,1.000,3120
275695,430770,1.000,399
275696,431154,1.000,2363
275697,430721,1.000,2428
275697,430722,1.000,2430
275698,430787,1.000,2509
275698,430788,1.000,408
275699,431194,1.000,2359
275699,431195,1.000,2359
275700,430098,1.000,2457
275700,430099,1.000,405
275701,431180,1.000,2439
275702,431197,1.000,2371
275703,430413,1.000,2457
275703,430414,1.000,405
275703,430415,1.000,2387
275704,431214,1.000,2359
275705,430994,1.000,2356
275706,430710,1.000,2359
275706,430711,1.000,2359
275707,431516,32.000,660
275708,430993,1.000,2356
275709,431517,1.000,3408
275710,430814,1.000,2428
275710,430815,1.000,2430
275711,431205,1.000,399
275712,430971,1.000,399
275712,430972,1.000,2863
275713,429873,1.000,2924
275714,430948,1.000,2390
275715,431242,1.000,2862
275716,431051,1.000,399
275716,431052,1.000,2862
275717,430753,1.000,2439
275718,431395,1.000,399
275719,430865,1.000,2495
275720,431192,1.000,2352
275720,431193,1.000,2352
275721,431013,1.000,2352
275721,431014,1.000,2352
275722,431345,1.000,308
275723,427128,1.000,2449
275724,431091,1.000,2457
275724,431092,1.000,405
275725,431549,1.000,2446
275726,427127,1.000,2449
275727,431450,1.000,2359
275727,431451,1.000,2359
275728,431336,1.000,2356
275729,427101,1.000,2449
275730,431431,1.000,2424
275731,431302,1.000,2424
275732,431306,1.000,2359
275732,431307,1.000,2359
275733,427140,1.000,2449
275734,431347,1.000,2359
275734,431348,1.000,2359
275735,430982,1.000,2446
275736,428604,1.000,2446
275737,431079,1.000,2356
275737,431080,1.000,2356
275738,430578,1.000,2460
275738,430579,1.000,405
275738,430580,1.000,408
275739,427098,1.000,2446
275740,427134,1.000,2446
275741,431223,1.000,2359
275741,431224,1.000,2359
275742,431301,1.000,2416
275743,430853,1.000,2467
275744,431305,1.000,2424
275745,430986,1.000,2449
275746,429713,1.000,2449
275747,430985,1.000,2449
275748,431376,1.000,915
275748,431548,1.000,2397
275749,430983,1.000,2494
275750,431185,1.000,2356
275750,431186,1.000,2356
275751,431009,1.000,2356
275752,431158,1.000,2356
275753,431157,1.000,2387
275754,431209,1.000,2416
275755,431352,1.000,2359
275756,431353,1.000,2356
275756,431354,1.000,2356
275757,430852,1.000,2494
275758,431323,1.000,2450
275759,430880,1.000,308
275760,431384,1.000,531
275760,431385,1.000,748
275760,431386,1.000,2387
275760,431387,1.000,2569
275761,431373,1.000,2387
275761,431374,1.000,2387
275762,431583,1.000,2359
275762,431584,1.000,2359
275763,431296,1.000,2424
275764,431121,1.000,2359
275765,431371,1.000,2365
275765,431372,1.000,915
275766,431586,1.000,2359
275766,431587,1.000,2359
275767,431589,1.000,2352
275768,431590,2.000,2352
275769,431524,1.000,2352
275769,431525,1.000,2352
275770,431522,1.000,2352
275770,431523,1.000,2352
275771,431414,1.000,2354
275772,431510,1.000,2352
275773,431346,1.000,2352
275774,431724,1.000,3160
275775,431170,1.000,2428
275776,430494,1.000,2426
275777,431178,1.000,2356
275778,431179,1.000,2359
275779,430816,1.000,308
275780,431672,1.000,3576
275781,431531,1.000,2360
275782,430727,1.000,2450
275783,431426,1.000,2424
275784,431488,1.000,2424
275785,430655,1.000,2416
275786,431505,1.000,2424
275787,431537,1.000,2359
275787,431538,1.000,2359
275788,431469,1.000,2359
275789,431221,1.000,2359
275789,431222,1.000,2359
275790,430821,1.000,2446
275791,430775,1.000,2488
275792,431566,1.000,2488
275793,431016,1.000,627
275794,431473,1.000,2356
275794,431474,1.000,2356
275795,430961,1.000,2458
275795,430962,1.000,405
275796,430798,1.000,2458
275796,430799,1.000,405
275797,430646,1.000,2488
275798,431255,1.000,2359
275799,431355,1.000,3811
275800,430793,1.000,2428
275800,430794,1.000,490
275800,430795,1.000,486
275800,430796,1.000,491
275801,431558,1.000,2359
275801,431559,1.000,2359
275802,431208,1.000,2359
275803,431470,1.000,2356
275803,431471,1.000,2356
275804,431248,1.000,2359
275805,431317,1.000,2359
275805,431318,1.000,2359
275806,430956,1.000,2458
275806,430957,1.000,405
275807,431349,1.000,2359
275808,431212,1.000,2387
275808,431213,1.000,2359
275809,431237,1.000,2359
275810,431511,1.000,2424
275811,431497,1.000,2356
275812,430691,1.000,2446
275813,431005,1.000,2428
275813,431006,1.000,2430
275814,430860,1.000,2446
275815,431540,1.000,2460
275815,431541,1.000,405
275815,431542,1.000,408
275816,430805,1.000,2458
275816,430806,1.000,405
275817,430588,1.000,2446
275818,431288,1.000,2359
275818,431289,1.000,2359
275819,430809,1.000,2460
275819,430810,1.000,405
275819,430811,1.000,408
275820,431142,1.000,2389
275821,431190,1.000,2359
275821,431191,1.000,2359
275822,431315,1.000,2359
275823,430812,1.000,2426
275824,431485,1.000,2457
275824,431486,1.000,405
275825,430807,1.000,2458
275825,430808,1.000,405
275826,430583,1.000,2446
275827,431563,1.000,2458
275827,431564,1.000,405
275828,430923,1.000,2462
275828,430924,1.000,405
275829,431218,1.000,2359
275829,431219,1.000,2359
275830,431201,1.000,2359
275831,431202,1.000,2359
275832,431165,1.000,2359
275833,431359,1.000,2459
275833,431360,1.000,405
275833,431361,1.000,408
275834,431206,1.000,399
275835,430416,1.000,2458
275835,430417,1.000,405
275835,430418,2.000,748
275836,430801,1.000,2449
275837,431310,1.000,2363
275838,431239,1.000,2387
275839,431166,1.000,2359
275839,431167,1.000,2359
275840,431263,1.000,2359
275841,431274,1.000,2359
275842,431553,1.000,2360
275843,430713,1.000,2458
275843,430714,1.000,405
275844,431379,1.000,2356
275845,431228,1.000,2359
275846,431269,1.000,2356
275847,430786,1.000,2428
275847,430790,1.000,486
275847,430791,1.000,490
275847,430792,1.000,491
275848,430739,1.000,2426
275849,430797,1.000,2449
275850,431321,1.000,2387
275851,430754,1.000,2449
275852,430800,1.000,2449
275853,431216,1.000,2371
275854,431177,1.000,2387
275855,431225,1.000,2359
275856,431300,1.000,3475
275857,431635,1.000,2449
275858,431580,1.000,2352
275858,431581,1.000,2352
275858,431582,1.000,3009
275859,431465,1.000,2352
275859,431466,1.000,2352
275860,431482,1.000,2352
275860,431483,1.000,2352
275861,431569,1.000,2352
275861,431570,1.000,2352
275862,431571,1.000,2352
275863,431578,1.000,2352
275863,431579,1.000,2352
275864,431768,1.000,1323
275865,431415,2.000,3738
275865,431416,2.000,134
275866,431576,1.000,2352
275866,431577,1.000,2352
275867,431211,1.000,2359
275868,431456,1.000,2359
275868,431457,1.000,2359
275869,431303,1.000,2359
275869,431304,1.000,2359
275870,431493,1.000,2356
275871,431544,1.000,2359
275871,431545,1.000,2359
275872,431646,1.000,2359
275873,431308,1.000,2359
275873,431309,1.000,2359
275874,431320,1.000,308
275875,431133,1.000,2449
275876,431552,1.000,2424
275877,431436,1.000,2359
275878,431641,1.000,2359
275878,431642,1.000,2359
275879,431441,1.000,2359
275879,431442,1.000,2359
275880,431608,1.000,2471
275880,431609,1.000,2467
275881,431397,1.000,2359
275881,431398,1.000,2359
275882,431365,1.000,2359
275883,431399,1.000,2446
275884,431447,1.000,2359
275884,431448,1.000,2359
275885,431411,1.000,2387
275886,431139,1.000,2449
275887,431763,1.000,2512
275888,431597,1.000,2352
275889,431438,1.000,2385
275889,431439,1.000,2359
275890,431200,1.000,2426
275891,431407,1.000,2359
275892,431114,1.000,2446
275893,431779,1.000,2352
275893,431780,1.000,2352
275894,431643,1.000,2352
275895,431528,1.000,2360
275895,431529,1.000,2360
275896,431311,1.000,399
275896,431312,1.000,2862
275897,431329,1.000,2416
275898,431408,1.000,2363
275898,431409,1.000,2359
275899,431595,1.000,2359
275899,431596,1.000,2359
275900,431406,1.000,2359
275901,431368,1.000,2359
275901,431369,1.000,2359
275902,431467,1.000,2359
275903,431512,1.000,2359
275904,431350,1.000,2359
275905,431217,1.000,2449
275906,431778,1.000,2356
275907,431199,1.000,2467
275908,431769,1.000,2352
275909,431795,1.000,2352
275910,431720,1.000,2352
275910,431721,1.000,2352
275911,431857,1.000,2352
275911,431858,1.000,2352
275912,431968,20.000,660
275913,431969,1.000,3408
275914,430928,1.000,2450
275915,431333,1.000,2449
275917,430995,1.000,2490
275918,431117,1.000,2426
275919,431149,1.000,2449
275920,432039,1.000,2352
275921,430977,1.000,308
275922,431049,1.000,2457
275922,431050,1.000,787
275923,431116,1.000,308
275924,431104,1.000,2426
275925,431094,1.000,308
275926,431400,1.000,2359
275926,431401,1.000,2359
275927,430877,1.000,2457
275928,431520,1.000,2394
275929,431487,1.000,2359
275930,431598,1.000,2359
275931,431560,1.000,2359
275931,431561,1.000,2359
275932,431575,1.000,2385
275933,431404,1.000,2359
275933,431405,1.000,2359
275934,431495,1.000,308
275934,431767,1.000,308
275935,431152,1.000,2457
275935,431153,1.000,787
275936,431507,1.000,2359
275937,430945,1.000,405
275938,431339,1.000,308
275939,431500,1.000,2359
275939,431501,1.000,2359
275940,431797,1.000,2467
275941,431055,1.000,2446
275942,431389,1.000,2371
275943,431053,1.000,2446
275944,430571,1.000,2459
275944,430572,1.000,405
275944,430573,1.000,408
275945,430728,1.000,2457
275945,430729,1.000,405
275946,431472,1.000,308
275947,431432,1.000,2359
275947,431433,1.000,2359
275948,431800,1.000,2359
275948,431801,1.000,2359
275949,431668,1.000,2359
275949,431669,1.000,2359
275950,431539,1.000,308
275951,431017,1.000,2458
275951,431018,1.000,405
275951,431019,1.000,748
275952,431056,1.000,2457
275952,431057,1.000,787
275953,430944,1.000,2488
275954,430938,1.000,2458
275954,430939,1.000,405
275955,431848,1.000,2354
275956,430813,1.000,2446
275957,431684,1.000,308
275958,431502,1.000,2385
275959,431022,1.000,2471
275960,430940,1.000,2457
275960,430941,1.000,787
275961,431503,1.000,308
275962,431879,1.000,134
275963,431637,1.000,2360
275963,431638,1.000,2360
275964,430990,1.000,2458
275964,430991,1.000,405
275965,430996,1.000,2452
275966,430951,1.000,2457
275966,430952,1.000,405
275967,431705,1.000,2359
275967,431706,1.000,2359
275968,431759,1.000,2368
275969,430934,1.000,2426
275969,430935,1.000,2433
275970,431718,1.000,399
275971,431664,1.000,2861
275972,431060,1.000,2457
275972,431061,1.000,405
275973,431058,1.000,2457
275973,431059,1.000,405
275974,431437,1.000,399
275975,431651,1.000,2460
275975,431652,1.000,405
275975,431653,1.000,408
275975,431665,1.000,522
275976,431048,1.000,2449
275977,431504,1.000,2416
275978,431622,1.000,3946
275979,431096,1.000,2457
275979,431097,1.000,405
275980,431377,1.000,2450
275981,431804,1.000,2359
275982,431546,1.000,2457
275982,431547,1.000,405
275983,431366,1.000,2359
275984,431617,1.000,2359
275984,431618,1.000,2359
275985,431788,1.000,2359
275985,431789,1.000,2359
275986,431627,1.000,2425
275987,431692,1.000,2359
275987,431693,1.000,2359
275988,431723,1.000,2424
275989,431477,1.000,2359
275990,431565,1.000,2359
275991,431594,2.000,134
275992,431175,1.000,2458
275992,431176,1.000,405
275993,431316,1.000,2428
275994,431802,1.000,2359
275994,431803,1.000,2359
275995,431459,1.000,2359
275995,431460,1.000,2359
275996,431198,1.000,2428
275997,431629,1.000,308
275998,431240,1.000,2446
275999,431508,1.000,2371
276000,431827,1.000,2359
276000,431828,1.000,2359
276001,431726,1.000,2356
276002,431475,1.000,2411
276003,431650,1.000,2359
276004,431021,1.000,2471
276005,430998,1.000,2457
276005,430999,1.000,405
276005,431000,1.000,2469
276006,431463,1.000,399
276007,431861,1.000,531
276008,431830,1.000,2359
276009,431461,1.000,2359
276009,431462,1.000,2359
276010,432060,2.000,486
276011,432061,1.000,486
276012,432062,1.000,490
276013,432063,1.000,490
276014,431782,1.000,2359
276015,431843,1.000,2352
276015,431844,1.000,2352
276016,431808,1.000,2352
276016,431809,1.000,2352
276017,431805,1.000,2352
276017,431806,1.000,2352
276018,431744,1.000,2352
276018,431745,1.000,2352
276019,431772,1.000,2352
276020,431683,1.000,2352
276020,432057,1.000,2352
276021,432064,1.000,2398
276021,432065,1.000,2569
276022,431742,1.000,2352
276022,431743,1.000,2352
276023,431798,1.000,2512
276024,432066,1.000,2359
276025,431393,1.000,2359
276026,431715,1.000,3946
276027,431709,1.000,2359
276027,431710,1.000,2359
276028,431702,1.000,2356
276028,431703,1.000,2356
276029,431655,1.000,2359
276029,431656,1.000,2359
276030,431628,1.000,2359
276031,431662,1.000,2359
276031,431663,1.000,2359
276032,431694,1.000,2359
276033,431543,1.000,2359
276034,431697,1.000,2359
276035,431661,1.000,2356
276036,431588,1.000,2446
276037,431591,1.000,2446
276038,431729,1.000,2359
276038,431730,1.000,2359
276039,431698,1.000,2356
276040,431657,1.000,2359
276040,431658,1.000,2359
276041,431707,1.000,2359
276041,431708,1.000,2359
276042,431601,1.000,2359
276043,431429,1.000,2446
276044,431704,1.000,2359
276045,431736,1.000,2359
276046,431592,1.000,2449
276047,431534,1.000,2446
276048,431924,1.000,2360
276048,431925,1.000,2360
276049,431607,1.000,2363
276050,431647,1.000,2359
276051,428611,1.000,3737
276052,431754,1.000,2356
276052,431755,1.000,2356
276053,431427,1.000,2449
276054,431677,1.000,2385
276054,431678,1.000,2359
276055,431425,1.000,2449
276056,431634,1.000,2356
276057,431690,1.000,2387
276058,431921,1.000,2802
276058,431922,1.000,405
276059,432223,1.000,2980
276060,431967,1.000,2359
276061,431716,1.000,2509
276061,431717,1.000,408
276062,432074,1.000,2618
276063,431356,1.000,308
276064,432026,1.000,2352
276064,432027,1.000,2352
276065,431909,1.000,3009
276065,431910,1.000,2352
276066,431518,1.000,399
276067,431997,1.000,2359
276068,431881,1.000,2359
276069,431983,1.000,3738
276069,431984,1.000,3738
276070,431918,1.000,2352
276070,431919,1.000,2352
276071,431942,1.000,2352
276071,431943,1.000,2352
276072,431654,1.000,2387
276073,432256,1.000,2352
276073,432257,1.000,2352
276074,432258,2.000,2352
276074,432259,2.000,2352
276075,431636,1.000,399
276076,431865,1.000,2352
276076,431866,1.000,2352
276077,431972,1.000,2359
276078,432291,20.000,660
276078,432292,2.000,3363
276079,432304,30.000,660
276080,432305,1.000,3408
276081,432307,10.000,660
276082,432308,10.000,660
276083,432312,10.000,660
276084,432313,1.000,3408
276085,432314,24.000,660
276086,432315,1.000,3408
276087,432318,10.000,660
276088,431762,1.000,308
276089,431620,1.000,2552
276090,431695,1.000,2359
276090,431696,1.000,2359
276091,431443,1.000,2449
276092,431670,1.000,2359
276092,432166,1.000,2360
276093,431875,1.000,2359
276093,431876,1.000,2359
276094,432125,1.000,399
276095,432015,1.000,2356
276095,432016,1.000,2356
276096,431807,1.000,399
276097,431960,1.000,2410
276098,432020,1.000,399
276099,431712,1.000,2389
276100,431681,1.000,2359
276100,431682,1.000,2359
276101,431266,1.000,2377
276102,431954,1.000,2513
276103,431831,1.000,2359
276104,431783,1.000,2359
276104,431784,1.000,2359
276105,431290,1.000,2458
276105,431291,1.000,405
276106,431424,1.000,2446
276107,432416,1.000,2467
276107,432417,2.000,134
276108,431810,1.000,2359
276108,431811,1.000,2359
276109,431341,1.000,2457
276109,431342,1.000,405
276110,430469,1.000,2441
276111,431164,1.000,2481
276112,431226,1.000,2494
276113,431860,1.000,2387
276114,431252,1.000,2457
276114,431253,1.000,405
276115,430820,1.000,2522
276116,431403,1.000,2449
276117,431332,1.000,308
276118,431264,1.000,2594
276119,431390,1.000,308
276120,432191,1.000,2359
276120,432192,1.000,2359
276121,431719,1.000,2359
276122,431975,1.000,2377
276123,431746,1.000,2359
276123,431747,1.000,2359
276124,431725,1.000,2359
276125,431484,1.000,2428
276126,431509,1.000,2428
276127,431915,1.000,2371
276128,431458,1.000,2428
276129,431330,1.000,2446
276130,431734,1.000,2359
276131,431752,1.000,2359
276131,431753,1.000,2359
276132,431739,1.000,2359
276132,431740,1.000,2359
276133,432202,1.000,2439
276134,431562,1.000,2426
276135,431731,1.000,2359
276135,431732,1.000,2359
276136,432030,1.000,2352
276136,432031,1.000,2352
276137,432056,1.000,2467
276138,431963,1.000,2352
276139,431532,1.000,2457
276139,431533,1.000,787
276140,431928,1.000,2352
276140,431929,1.000,2352
276141,432126,1.000,2352
276141,432127,1.000,2352
276142,431823,1.000,2387
276143,431976,1.000,2424
276144,432438,1.000,2352
276144,432439,1.000,2352
276145,432068,1.000,2354
276146,431492,1.000,2446
276147,431863,1.000,2352
276147,431864,1.000,2352
276148,431944,1.000,2352
276149,431840,1.000,2352
276150,431254,1.000,2446
276151,432033,1.000,2352
276152,431834,1.000,2356
276152,431835,1.000,134
276152,431836,1.000,2356
276153,431873,1.000,2352
276153,431874,1.000,2352
276154,431275,1.000,2458
276154,431276,1.000,405
276155,431832,1.000,2352
276156,432009,1.000,2392
276157,432440,1.000,2569
276158,431599,1.000,2359
276158,431600,1.000,2359
276159,432441,1.000,408
276160,432252,1.000,2430
276161,432053,1.000,2457
276161,432054,1.000,405
276162,431846,1.000,2356
276162,431847,1.000,2356
276163,431378,1.000,2446
276164,432299,1.000,2876
276165,431699,1.000,2359
276165,431700,1.000,2359
276166,431602,1.000,399
276167,431267,1.000,2457
276167,431268,1.000,787
276168,431727,1.000,2359
276169,432083,1.000,2359
276170,431711,1.000,2390
276171,431334,1.000,2458
276171,431335,1.000,405
276172,432334,1.000,2398
276173,431610,1.000,399
276173,431611,1.000,490
276173,431612,1.000,486
276174,432106,1.000,2356
276175,432109,1.000,2356
276176,431856,1.000,2365
276177,431619,1.000,401
276178,431284,1.000,2439
276179,430997,1.000,2449
276180,432471,1.000,2359
276181,432303,1.000,2359
276182,432017,1.000,2356
276182,432018,1.000,2356
276183,432395,1.000,2359
276184,431961,1.000,2359
276184,431962,1.000,2359
276185,431733,1.000,308
276186,431773,1.000,399
276187,431950,1.000,2356
276187,431951,1.000,2356
276188,431889,1.000,2449
276189,431593,1.000,2416
276190,432019,1.000,2450
276191,432003,1.000,2397
276192,431776,1.000,2360
276192,431777,1.000,2360
276193,432481,1.000,2457
276193,432482,1.000,787
276194,432174,1.000,308
276195,432463,1.000,2352
276195,432464,1.000,2352
276196,432461,1.000,2352
276196,432462,1.000,2352
276197,432580,1.000,3009
276198,432270,1.000,2371
276199,431648,1.000,2458
276199,431649,1.000,405
276200,431970,1.000,2359
276200,431971,1.000,2359
276201,431991,1.000,2360
276201,431992,1.000,2360
276202,432164,1.000,2360
276202,432165,1.000,2360
276203,432025,1.000,2449
276204,432293,1.000,2359
276204,432294,1.000,2359
276205,431659,1.000,2457
276205,431660,1.000,405
276206,431688,1.000,2451
276207,431613,1.000,2457
276207,431614,1.000,787
276208,432078,1.000,2359
276208,432079,1.000,2359
276209,432185,1.000,2377
276210,431770,1.000,2359
276210,431771,1.000,2359
276211,432234,1.000,2359
276212,431604,1.000,2378
276213,431905,1.000,2356
276213,431906,1.000,2356
276214,432038,1.000,2449
276215,431887,1.000,2359
276216,432361,1.000,2359
276217,432207,1.000,2359
276217,432208,1.000,2359
276218,432028,1.000,2368
276219,431526,1.000,2458
276219,431527,1.000,405
276220,431913,1.000,2449
276221,431666,1.000,2457
276221,431667,1.000,405
276222,431680,1.000,2446
276223,431674,1.000,2378
276224,432081,1.000,2359
276224,432082,1.000,2359
276225,431738,1.000,2446
276226,431644,1.000,2446
276227,431774,1.000,2449
276228,431923,1.000,2494
276229,432175,1.000,3738
276230,432279,1.000,2352
276230,432280,1.000,2352
276231,432408,1.000,2352
276231,432409,1.000,2352
276232,432168,1.000,2352
276232,432169,1.000,2352
276233,432216,1.000,2352
276233,432217,1.000,2352
276233,432218,1.000,134
276234,432230,1.000,2352
276234,432231,1.000,2352
276235,432262,1.000,2352
276236,432150,1.000,2352
276237,432644,1.000,2352
276237,432645,1.000,2352
276238,431965,1.000,2356
276238,431966,1.000,2356
276239,432090,1.000,2425
276240,431945,1.000,2428
276240,431946,1.000,490
276240,431947,1.000,486
276240,431948,1.000,491
276241,431490,1.000,2457
276241,431491,1.000,405
276242,431556,1.000,2446
276243,431452,1.000,2458
276244,432105,1.000,399
276245,432051,1.000,2359
276246,432153,1.000,2356
276247,432206,1.000,2359
276248,432248,1.000,2356
276248,432249,1.000,2356
276249,432224,1.000,2359
276249,432225,1.000,2359
276250,432518,1.000,2356
276251,431391,1.000,2458
276251,431392,1.000,405
276252,432392,1.000,2356
276252,432393,1.000,2356
276253,432555,1.000,2359
276253,432556,1.000,2359
276254,431550,1.000,2441
276254,431551,3.000,134
276255,431985,1.000,2359
276256,432193,1.000,2356
276256,432194,1.000,2356
276257,431900,1.000,2359
276257,431901,1.000,2359
276258,431932,1.000,2359
276259,431877,1.000,2428
276259,431878,1.000,2432
276260,432330,1.000,2449
276261,431842,1.000,399
276262,431787,1.000,2449
276263,431476,1.000,2444
276264,432144,1.000,2356
276264,432145,1.000,2356
276265,432333,1.000,2449
276266,432246,1.000,2359
276266,432247,1.000,2359
276267,431605,1.000,2426
276267,431606,1.000,2433
276268,431713,1.000,2378
276269,432523,1.000,2460
276269,432524,1.000,405
276269,432525,1.000,408
276270,432457,1.000,2378
276271,432211,1.000,2359
276271,432212,1.000,2359
276272,431852,1.000,2359
276272,431853,1.000,2359
276273,431896,1.000,2359
276273,431897,1.000,2359
276274,432347,1.000,2449
276275,431845,1.000,2359
276276,431574,1.000,2446
276277,432278,1.000,2359
276278,432394,1.000,2356
276279,432360,1.000,2467
276280,431903,1.000,2359
276280,431904,1.000,2359
276281,432821,1.000,2458
276281,432822,1.000,405
276282,432324,1.000,2359
276283,431990,1.000,2449
276284,432203,1.000,2356
276285,432373,1.000,2424
276286,432335,1.000,2359
276286,432336,1.000,2359
276287,431998,1.000,2359
276288,432319,1.000,2457
276288,432320,1.000,405
276289,431994,1.000,2359
276290,431796,1.000,2449
276291,432136,1.000,2424
276292,432040,1.000,2449
276293,431867,1.000,2359
276294,432597,1.000,2359
276294,432598,1.000,2359
276295,431911,1.000,2359
276295,431912,1.000,2359
276296,432271,1.000,2428
276297,431750,1.000,308
276298,432089,1.000,2449
276299,431423,1.000,3811
276300,432195,1.000,2449
276301,432407,1.000,2424
276302,432560,1.000,2359
276303,432661,1.000,2359
276304,431422,1.000,2439
276305,432124,1.000,2411
276306,432720,1.000,308
276307,432385,1.000,2377
276308,432541,1.000,2359
276308,432542,1.000,2359
276309,432281,1.000,399
276310,431555,1.000,2446
276311,431701,1.000,2452
276312,431679,1.000,2978
276313,431996,1.000,2359
276314,432274,1.000,2449
276315,432013,1.000,2428
276315,432014,1.000,2430
276316,432476,1.000,2449
276317,431898,1.000,2359
276317,431899,1.000,2359
276318,432160,1.000,3946
276319,432077,1.000,2359
276320,431480,1.000,2458
276320,431481,1.000,405
276321,432717,1.000,2359
276321,432718,1.000,2359
276322,431499,1.000,2446
276323,431419,1.000,2446
276324,432650,1.000,2457
276324,432651,1.000,405
276325,432368,1.000,2359
276326,432117,1.000,2387
276327,432243,1.000,2359
276327,432244,1.000,2359
276328,431337,1.000,2457
276328,431338,1.000,787
276329,432058,1.000,2359
276329,432059,1.000,2359
276330,432379,1.000,308
276331,431839,1.000,308
276332,431826,1.000,2449
276333,431741,1.000,2481
276334,432363,1.000,308
276335,432479,1.000,2467
276336,432086,1.000,2424
276337,431907,1.000,2359
276338,431203,1.000,2458
276338,431204,1.000,405
276339,431930,1.000,2359
276339,431931,1.000,2359
276340,432085,1.000,2359
276341,431914,1.000,399
276342,432842,1.000,2569
276343,432200,1.000,2352
276344,432628,1.000,2359
276344,432629,1.000,2359
276345,432477,1.000,2352
276346,432827,1.000,2512
276346,432828,2.000,2352
276347,432448,1.000,2352
276347,432449,1.000,2352
276348,432348,1.000,2352
276349,432843,1.000,2512
276350,432634,1.000,2512
276351,432844,1.000,2352
276352,432467,1.000,2352
276352,432468,1.000,2352
276353,432652,1.000,2457
276353,432653,1.000,405
276354,432260,1.000,2352
276355,432427,1.000,2352
276355,432428,1.000,2352
276356,432655,1.000,2352
276356,432656,1.000,2352
276357,432331,1.000,2512
276357,432332,1.000,2512
276358,432023,1.000,2449
276359,432533,1.000,2359
276359,432534,1.000,2359
276360,432301,1.000,2356
276360,432302,1.000,2356
276361,431995,1.000,2488
276362,432189,1.000,2387
276362,432190,1.000,2424
276363,432197,1.000,2368
276363,432198,1.000,3245
276363,432199,1.000,2359
276364,432188,1.000,2359
276365,432287,1.000,2359
276366,432295,1.000,2359
276366,432296,1.000,2359
276367,432538,1.000,2359
276368,432359,1.000,2371
276369,432386,1.000,2359
276370,432163,1.000,2428
276371,431902,1.000,2446
276372,432140,1.000,2359
276372,432141,1.000,2359
276373,431794,1.000,2449
276374,432306,1.000,2424
276375,432238,1.000,2359
276375,432239,1.000,2359
276376,432176,1.000,2356
276377,432282,1.000,2359
276378,432775,1.000,2387
276379,432864,1.000,2352
276379,432865,1.000,2352
276380,432877,1.000,2352
276380,432878,1.000,2352
276381,432585,1.000,3738
276381,432586,1.000,3738
276382,432187,1.000,2359
276383,432268,1.000,2359
276384,432285,1.000,2359
276384,432286,1.000,2359
276385,432143,1.000,2359
276386,431959,1.000,2467
276387,432091,1.000,2359
276387,432092,1.000,2359
276388,432288,1.000,2359
276388,432289,1.000,2359
276389,432151,1.000,2359
276389,432152,1.000,2359
276390,432137,1.000,2360
276390,432138,1.000,2360
276391,432275,1.000,408
276391,432276,1.000,405
276391,432277,1.000,2460
276392,432264,1.000,2457
276392,432265,1.000,405
276393,432267,1.000,2359
276394,432614,1.000,2356
276394,432615,1.000,2356
276395,432213,1.000,2360
276396,432899,1.000,2359
276397,432250,1.000,2428
276397,432251,1.000,2430
276398,432158,1.000,2356
276398,432159,1.000,2356
276399,432323,1.000,2411
276400,432641,1.000,2359
276400,432642,1.000,2359
276401,432764,1.000,2352
276401,432765,1.000,2356
276402,432209,1.000,2359
276402,432210,1.000,2359
276403,432520,1.000,2352
276404,432768,1.000,3738
276405,432872,1.000,2352
276405,432873,1.000,2352
276406,432563,1.000,2352
276406,432564,1.000,2352
276407,432536,1.000,2424
276408,432546,1.000,2352
276408,432547,1.000,2352
276409,432849,1.000,2352
276409,432850,1.000,2352
276410,433024,1.000,3876
276411,432142,1.000,2359
276412,432669,1.000,2512
276413,433022,1.000,2352
276414,433028,2.000,2352
276415,432087,1.000,2359
276415,432088,1.000,2359
276416,432309,1.000,2395
276416,432310,1.000,646
276416,432311,1.000,3379
276417,432561,1.000,2356
276418,432411,1.000,2356
276419,431973,1.000,2377
276420,431689,1.000,308
276421,432263,1.000,2359
276422,432374,1.000,2359
276422,432375,1.000,2359
276423,431453,1.000,2457
276423,431454,1.000,405
276424,432447,1.000,2424
276425,432581,1.000,2386
276426,431687,1.000,2378
276427,431819,1.000,308
276428,431926,1.000,2359
276428,431927,1.000,2359
276429,432551,1.000,2457
276429,432552,1.000,405
276430,431833,1.000,2480
276431,431645,2.000,308
276432,432515,1.000,2416
276433,431817,1.000,308
276434,432583,1.000,2457
276434,432584,1.000,405
276435,432810,1.000,2359
276435,432811,1.000,2359
276436,431775,1.000,308
276437,432543,1.000,399
276438,432241,1.000,2359
276438,432242,1.000,2359
276439,432383,1.000,2359
276439,432384,1.000,2359
276440,432232,1.000,2359
276440,432233,1.000,2359
276441,432161,1.000,308
276442,432344,1.000,2359
276442,432345,1.000,2359
276443,432273,1.000,2450
276444,432454,1.000,2357
276445,432097,1.000,2359
276445,432098,1.000,2359
276446,431868,1.000,2428
276447,432548,1.000,2359
276447,432549,1.000,2359
276448,432577,1.000,2449
276449,432403,1.000,2377
276450,432682,1.000,2446
276451,431756,1.000,2467
276452,431957,1.000,2428
276453,432072,1.000,2359
276453,432073,1.000,2359
276454,431621,1.000,2486
276455,431623,1.000,2460
276455,432133,1.000,405
276455,432134,1.000,408
276456,432893,1.000,2460
276456,432895,1.000,405
276456,432896,1.000,408
276457,432529,1.000,2424
276458,432558,1.000,2359
276458,432559,1.000,2359
276459,432069,1.000,2368
276460,432943,1.000,2449
276461,432478,1.000,2471
276462,432936,1.000,2446
276463,432048,1.000,2359
276463,432049,1.000,2359
276464,433161,1.000,2509
276465,433160,1.000,2509
276465,433163,1.000,495
276466,432404,1.000,2359
276467,432401,1.000,2449
276468,432414,1.000,2357
276468,432415,1.000,2357
276469,433159,1.000,2509
276470,431147,1.000,2378
276471,433162,1.000,2509
276472,432514,1.000,2521
276473,431825,1.000,2398
276474,432470,1.000,2424
276475,432173,1.000,2450
276476,431319,1.000,2446
276477,432316,1.000,2428
276477,432317,2.000,2430
276478,432376,1.000,2449
276479,432848,1.000,308
276480,431630,1.000,2461
276480,431631,1.000,405
276480,431632,1.000,2457
276480,431633,1.000,787
276481,431849,1.000,2359
276482,432774,1.000,2389
276483,432093,1.000,2458
276483,432094,1.000,405
276484,432854,1.000,2449
276485,432380,1.000,2449
276486,431675,1.000,2446
276486,431676,1.000,2424
276487,432450,1.000,2359
276487,432451,1.000,2359
276488,431722,1.000,2450
276489,432991,1.000,2352
276489,432992,1.000,2352
276490,432341,1.000,2368
276491,432355,1.000,2428
276491,432356,1.000,490
276491,432357,1.000,486
276491,432358,1.000,491
276492,433167,1.000,2352
276492,433168,1.000,2352
276493,432526,1.000,2457
276493,432527,1.000,405
276493,432528,1.000,2387
276494,433169,2.000,3738
276494,433170,2.000,134
276495,432010,1.000,2457
276495,432011,1.000,405
276495,432012,1.000,2942
276496,432999,1.000,2352
276496,433000,1.000,2352
276497,432352,1.000,2387
276498,432743,1.000,2352
276498,432744,1.000,2352
276499,432677,1.000,399
276500,432745,1.000,2352
276500,432746,1.000,2352
276501,432665,1.000,2359
276502,432739,1.000,2352
276502,432740,1.000,2352
276503,432861,1.000,2352
276503,432862,1.000,2352
276504,432436,1.000,2359
276504,432437,1.000,2359
276505,432748,1.000,2352
276505,432749,1.000,2352
276506,432951,1.000,2494
276507,432960,1.000,2352
276507,432961,1.000,2352
276508,432116,1.000,2359
276509,432103,1.000,2368
276510,433164,1.000,2352
276510,433165,1.000,2352
276510,433166,4.000,2951
276511,431933,1.000,2387
276512,432888,1.000,2352
276513,432043,1.000,2359
276514,432736,1.000,2352
276514,432737,1.000,2352
276515,431420,1.000,2488
276516,432204,1.000,399
276517,432727,1.000,2352
276517,432728,1.000,2352
276518,432381,1.000,2359
276518,432382,1.000,2359
276519,431937,1.000,2449
276520,432627,1.000,2416
276521,432346,1.000,2359
276522,432853,1.000,2359
276523,432102,1.000,2387
276524,432390,1.000,2389
276525,431894,1.000,2359
276526,432455,1.000,2449
276527,433185,1.000,522
276528,431920,1.000,308
276529,433108,1.000,2512
276530,432377,1.000,2457
276530,432378,1.000,405
276531,432970,1.000,2352
276532,432983,1.000,308
276533,432566,1.000,2424
276534,433061,1.000,2356
276534,433062,1.000,2356
276535,432721,1.000,2356
276535,432722,1.000,2356
276536,432726,1.000,2359
276537,433009,1.000,2449
276538,432632,1.000,2356
276538,432633,1.000,2356
276539,432237,1.000,2446
276540,432575,1.000,2359
276540,432576,1.000,2359
276541,432715,1.000,2359
276541,432716,1.000,2359
276542,432245,1.000,2446
276543,432729,1.000,2359
276543,432730,1.000,2359
276544,432637,1.000,2356
276544,432638,1.000,2356
276545,432544,1.000,2359
276545,432545,1.000,2359
276546,432648,1.000,2359
276546,432649,1.000,2359
276547,432725,1.000,2359
276548,433197,1.000,2446
276549,432733,1.000,2359
276549,432734,1.000,2359
276550,433179,1.000,2352
276551,429723,1.000,2428
276552,432162,1.000,2446
276553,432610,1.000,2359
276553,432611,1.000,2359
276554,432601,1.000,2359
276554,432602,1.000,2359
276555,432531,1.000,2359
276555,432532,1.000,2359
276556,432613,1.000,2424
276557,432763,1.000,2374
276558,432603,1.000,2359
276558,432604,1.000,2359
276559,432607,1.000,2359
276559,432608,1.000,2359
276560,432616,1.000,2384
276561,432969,1.000,2359
276562,432570,1.000,2356
276562,432571,1.000,2356
276563,432300,1.000,2446
276564,433193,1.000,2385
276565,433192,1.000,2359
276566,432591,1.000,2424
276567,433006,2.000,2352
276567,433007,2.000,2352
276568,433173,1.000,2352
276569,432984,1.000,2352
276569,432985,1.000,2352
276570,433175,2.000,2352
276571,433176,1.000,2352
276572,433044,1.000,2352
276572,433045,1.000,2352
276573,432971,1.000,2352
276574,433174,2.000,2352
276575,432550,1.000,2359
276576,432539,1.000,2359
276576,432540,1.000,2359
276577,432605,1.000,2359
276577,432606,1.000,2359
276578,433027,1.000,2395
276579,432459,1.000,2359
276579,432460,1.000,2359
276580,432618,1.000,2359
276581,432950,1.000,2359
276582,432261,1.000,2450
276583,432612,1.000,2359
276584,432180,1.000,2552
276585,433056,1.000,2360
276585,433057,1.000,2360
276586,432742,1.000,2395
276587,432154,1.000,490
276587,432155,1.000,486
276587,432156,1.000,491
276588,433314,1.000,2352
276588,433315,1.000,2352
276589,432635,1.000,2359
276590,432425,1.000,2359
276590,432426,1.000,2359
276591,432135,1.000,2371
276592,432517,1.000,308
276593,432429,1.000,2359
276593,432430,1.000,2359
276594,432636,1.000,2428
276595,432829,1.000,2457
276595,432830,1.000,405
276596,432419,1.000,2359
276596,432420,1.000,2359
276597,431790,1.000,2457
276597,431791,1.000,405
276598,432537,1.000,308
276599,432480,1.000,2371
276600,432423,1.000,2359
276600,432424,1.000,2359
276601,432365,1.000,2459
276601,432366,1.000,405
276601,432367,1.000,408
276602,432934,1.000,2395
276603,432841,1.000,2359
276604,432902,1.000,2363
276605,431872,1.000,308
276606,433221,1.000,2359
276607,432002,1.000,308
276608,432770,1.000,2359
276608,432771,1.000,2359
276609,432777,1.000,2359
276609,432778,1.000,2359
276610,432818,1.000,2359
276610,432819,1.000,2359
276611,432837,1.000,2457
276611,432838,1.000,405
276611,432839,1.000,2387
276612,432968,1.000,2397
276613,432676,1.000,2356
276614,432675,1.000,2386
276615,432329,1.000,2378
276616,432643,1.000,2359
276617,431824,1.000,2450
276618,432664,1.000,2359
276619,431892,1.000,308
276620,432955,1.000,2356
276620,432956,1.000,2356
276621,432787,1.000,2359
276621,432788,1.000,2359
276622,433431,1.000,399
276623,433084,1.000,2378
276624,432473,1.000,555
276625,432157,1.000,2359
276626,432798,1.000,2365
276627,432657,1.000,2428
276628,432177,1.000,2356
276628,432178,1.000,2356
276629,432919,1.000,2359
276629,432920,1.000,2359
276630,432662,1.000,2359
276630,432663,1.000,2359
276631,432452,1.000,2359
276632,432418,1.000,2359
276633,432797,1.000,2424
276634,432431,1.000,2359
276634,432432,1.000,2359
276635,432772,1.000,2359
276636,432421,1.000,2359
276636,432422,1.000,2359
276637,432836,1.000,2359
276638,432412,1.000,2359
276639,432622,1.000,2359
276639,432623,1.000,2359
276640,432396,1.000,2359
276640,432397,1.000,2359
276641,432553,1.000,2359
276641,432554,1.000,2359
276642,432453,1.000,2359
276643,431890,1.000,308
276644,431895,1.000,308
276645,432825,1.000,2424
276646,432891,1.000,2424
276647,432773,1.000,2359
276648,433091,1.000,2359
276649,433182,1.000,2521
276650,432170,1.000,2463
276650,432171,1.000,405
276651,432122,1.000,2428
276652,432915,1.000,2458
276652,432916,1.000,405
276653,433394,1.000,2446
276654,431464,1.000,2481
276655,431691,1.000,2446
276656,432442,1.000,2356
276656,432443,1.000,2356
276657,432205,1.000,308
276658,432046,1.000,2458
276658,432047,1.000,405
276659,431893,1.000,2467
276660,433260,1.000,2387
276661,431751,1.000,308
276662,431270,1.000,2446
276663,431891,1.000,2425
276664,431880,1.000,2397
276665,431862,1.000,2368
276666,433110,1.000,2424
276667,432859,1.000,2356
276668,432592,1.000,2416
276669,432214,1.000,308
276670,433335,1.000,2512
276671,433080,1.000,2395
276672,433049,1.000,2424
276673,432972,1.000,2352
276673,432973,1.000,2352
276674,432095,1.000,2446
276675,433273,1.000,2352
276676,433372,1.000,2359
276676,433373,1.000,2359
276677,432369,1.000,2460
276677,432370,1.000,405
276677,432371,1.000,408
276678,432776,1.000,2352
276679,432184,1.000,308
276680,433026,1.000,2352
276681,432863,1.000,2512
276682,432914,1.000,2352
276683,432625,1.000,2359
276683,432626,1.000,2359
276684,433329,1.000,2352
276685,433353,1.000,2861
276686,433001,1.000,2352
276687,432913,1.000,399
276688,433077,1.000,2352
276689,432469,1.000,3738
276690,432766,1.000,2352
276690,432767,1.000,2352
276691,433291,1.000,2352
276692,432923,1.000,2352
276692,432924,1.000,2352
276693,433023,1.000,2352
276694,433313,1.000,2352
276695,433331,1.000,2352
276695,433332,1.000,2352
276696,433306,1.000,2352
276696,433307,1.000,2352
276697,432917,1.000,2352
276697,432918,1.000,2352
276698,433330,1.000,2352
276699,432884,1.000,2352
276699,432885,1.000,2352
276700,433140,1.000,2392
276701,432044,1.000,2428
276701,432045,1.000,2430
276702,432780,1.000,2942
276703,431440,1.000,2449
276704,432857,1.000,2352
276704,433432,1.000,2352
276705,432004,1.000,2457
276705,432005,1.000,405
276706,432855,1.000,2356
276707,431821,1.000,2446
276708,433395,1.000,2359
276708,433396,1.000,2359
276709,432719,1.000,2356
276710,432840,1.000,2424
276711,432679,1.000,2359
276712,432600,1.000,2356
276713,432472,1.000,2365
276714,432364,1.000,2359
276715,432388,1.000,2466
276715,432389,1.000,2466
276716,432029,1.000,2446
276717,432557,1.000,2446
276718,432977,1.000,2356
276718,432978,1.000,2356
276719,432035,1.000,2446
276720,433187,1.000,2460
276720,433188,1.000,405
276720,433189,1.000,408
276721,433065,1.000,2360
276721,433066,1.000,2360
276722,432945,1.000,2359
276722,432946,1.000,2359
276723,432952,1.000,2359
276723,432953,1.000,2359
276724,432989,1.000,2359
276724,432990,1.000,2359
276725,432957,1.000,2359
276725,432958,1.000,2359
276726,432981,1.000,2359
276726,432982,1.000,2359
276727,433042,1.000,2398
276728,433424,1.000,2387
276729,433369,1.000,2494
276730,432932,1.000,3617
276731,432582,1.000,308
276732,433183,1.000,2416
276733,432681,1.000,2446
276734,433285,1.000,525
276734,433286,1.000,2359
276735,433008,1.000,2356
276736,432235,1.000,2446
276737,433400,1.000,2459
276737,433401,1.000,405
276737,433402,1.000,408
276738,432751,1.000,2359
276738,432752,1.000,2359
276739,432935,1.000,2387
276740,433180,1.000,2352
276740,433181,1.000,2352
276741,433502,1.000,2352
276742,433275,1.000,2424
276743,433301,1.000,2352
276743,433302,1.000,2352
276744,433486,1.000,2466
276745,433517,1.000,2359
276746,433475,1.000,2352
276747,432949,1.000,399
276748,432907,1.000,2428
276748,432908,1.000,2430
276749,433268,1.000,2359
276749,433269,1.000,2359
276750,433472,1.000,2352
276750,433473,1.000,2352
276751,433433,1.000,2359
276751,433434,1.000,2359
276752,433482,1.000,2385
276752,433483,1.000,2359
276753,433186,1.000,2359
276754,432886,1.000,2449
276755,433376,1.000,2352
276756,433190,1.000,2359
276756,433191,1.000,2359
276757,433083,1.000,2359
276758,433430,1.000,2424
276759,433287,1.000,2359
276760,433653,16.000,660
276761,433657,12.000,660
276762,433658,1.000,3408
276763,433421,1.000,2352
276764,433666,1.000,3408
276765,433688,20.000,660
276766,433689,1.000,3408
276767,433691,30.000,660
276768,432196,1.000,2446
276769,432104,1.000,2490
276770,433184,1.000,2424
276771,433692,1.000,3408
276772,432036,1.000,2471
276773,432349,1.000,2462
276773,432350,1.000,405
276774,433101,1.000,2449
276775,431949,1.000,1392
276776,432226,1.000,2457
276776,432227,1.000,405
276776,432228,1.000,2457
276776,432229,1.000,787
276777,433696,20.000,660
276778,432123,1.000,2446
276779,431981,1.000,2471
276779,431982,1.000,2467
276780,433697,25.000,660
276781,432670,1.000,2449
276782,432110,1.000,2457
276782,432111,1.000,405
276783,432791,1.000,2359
276783,432792,1.000,2359
276784,432219,1.000,2457
276784,432220,1.000,405
276784,432221,1.000,2457
276784,432222,1.000,787
276785,432630,1.000,2457
276785,432631,1.000,405
276786,432680,1.000,2460
276787,431908,1.000,2446
276788,432562,1.000,2446
276789,432782,1.000,2359
276789,432783,1.000,2359
276790,432201,1.000,2446
276791,431854,1.000,2703
276791,431855,1.000,2467
276792,431974,1.000,2467
276793,432387,1.000,2446
276794,432755,1.000,308
276795,431964,1.000,308
276796,433514,1.000,2449
276797,432816,1.000,2356
276797,432817,1.000,2356
276798,432994,1.000,2359
276798,432995,1.000,2359
276798,432996,1.000,134
276799,432786,1.000,2449
276800,432799,1.000,2359
276801,431979,1.000,2481
276801,431980,1.000,2984
276802,432112,1.000,2457
276802,432113,1.000,405
276802,432114,1.000,2457
276802,432115,1.000,787
276803,432041,1.000,2446
276804,432683,1.000,2359
276805,432753,1.000,2359
276805,432754,1.000,2359
276806,433738,3.000,660
276807,433737,3.000,660
276808,432215,1.000,2446
276809,432903,1.000,2385
276809,432904,1.000,2359
276810,432578,1.000,2467
276811,432835,1.000,2359
276812,433116,1.000,2359
276812,433117,1.000,2359
276813,432759,1.000,2359
276813,432760,1.000,2359
276814,431999,1.000,3407
276814,432000,1.000,408
276815,432413,1.000,2449
276816,432410,1.000,2481
276817,432731,1.000,308
276818,432805,1.000,2449
276819,432118,1.000,2428
276819,432119,1.000,2430
276819,432120,1.000,2431
276820,432052,1.000,2552
276821,433036,1.000,2426
276822,432372,1.000,2446
276823,432596,2.000,308
276824,432297,1.000,2461
276824,432298,1.000,405
276825,433048,1.000,399
276826,432107,1.000,2441
276826,432108,2.000,134
276827,432834,1.000,2449
276828,433589,1.000,2457
276828,433590,1.000,405
276829,433094,1.000,2449
276830,432881,1.000,2387
276831,432565,1.000,2481
276832,433261,1.000,308
276833,433224,1.000,2352
276833,433225,1.000,134
276834,431113,1.000,2354
276835,432793,1.000,2359
276836,433100,1.000,2512
276837,433515,1.000,2512
276838,433625,1.000,3009
276839,432804,1.000,2359
276840,433675,1.000,3738
276841,432944,1.000,2467
276842,433645,1.000,2352
276843,433095,1.000,2359
276843,433096,1.000,2359
276844,433379,1.000,2352
276845,433374,1.000,2385
276845,433375,1.000,2356
276846,433407,1.000,3009
276847,433041,1.000,2426
276848,432253,1.000,2460
276848,432254,1.000,405
276848,432255,1.000,408
276849,433508,1.000,2457
276849,433509,1.000,405
276850,433528,1.000,2378
276851,433389,1.000,308
276852,432879,1.000,2457
276852,432880,1.000,405
276853,433497,1.000,308
276854,433602,1.000,2352
276855,433359,1.000,2356
276855,433360,1.000,2356
276856,433416,1.000,2384
276857,433288,1.000,2356
276858,432756,1.000,2466
276858,432757,1.000,2466
276858,432758,1.000,2395
276859,433105,1.000,2359
276859,433106,1.000,2359
276860,432747,1.000,2356
276861,432933,1.000,2359
276862,433075,1.000,2359
276863,432338,1.000,2460
276863,432339,1.000,405
276863,432340,1.000,408
276864,433216,1.000,2424
276865,432667,1.000,2449
276866,432887,1.000,2365
276867,433308,1.000,2359
276867,433309,1.000,2359
276868,432750,1.000,2359
276869,433412,1.000,2481
276870,432139,1.000,2440
276871,431838,1.000,308
276872,432100,1.000,2488
276872,432101,1.000,2984
276873,433586,1.000,2387
276873,433587,1.000,2387
276874,433058,1.000,2385
276875,433311,1.000,748
276876,433409,1.000,2488
276877,432876,1.000,2457
276878,432535,1.000,2386
276879,432400,1.000,2467
276880,433595,1.000,2359
276881,433512,1.000,670
276882,433655,1.000,2359
276882,433656,1.000,2359
276883,433591,1.000,308
276884,432979,1.000,2359
276884,432980,1.000,2359
276885,432806,1.000,2359
276886,432574,1.000,2488
276887,433506,1.000,2449
276888,433674,1.000,2509
276889,433340,1.000,2441
276889,433341,4.000,134
276889,433342,1.000,915
276890,433132,1.000,308
276891,432809,1.000,2475
276892,433495,1.000,2360
276892,433496,1.000,2360
276893,431820,1.000,2416
276894,433685,1.000,2356
276895,433339,1.000,2423
276896,433013,1.000,2359
276896,433014,1.000,2359
276897,433334,1.000,2392
276898,432006,1.000,2457
276898,432007,1.000,405
276899,433616,1.000,2356
276900,433758,1.000,408
276901,433855,10.000,660
276902,433877,10.000,660
276903,433484,1.000,2352
276904,433571,1.000,2352
276904,433572,1.000,2352
276905,433541,1.000,2352
276906,433609,1.000,2352
276906,433610,1.000,2356
276907,433603,1.000,2352
276907,433604,1.000,2352
276908,433385,1.000,2356
276908,433386,1.000,2356
276909,433535,1.000,2352
276909,433536,1.000,2352
276910,433545,2.000,2512
276911,433596,1.000,2352
276912,433776,1.000,2352
276912,433777,1.000,2352
276913,433569,1.000,2352
276913,433570,1.000,2352
276914,433600,1.000,2352
276914,433601,1.000,2359
276915,433429,1.000,3009
276916,433686,1.000,2512
276917,432954,1.000,2446
276918,433194,1.000,2359
276919,433289,1.000,2356
276919,433290,1.000,2356
276920,433200,1.000,2356
276921,433582,1.000,2360
276921,433583,1.000,2360
276922,433560,1.000,2454
276923,433214,1.000,2359
276923,433215,1.000,2359
276924,433119,1.000,2363
276925,433201,1.000,2359
276925,433202,1.000,2359
276926,433366,1.000,2356
276926,433367,1.000,2356
276927,433802,1.000,2359
276928,432964,1.000,2359
276928,432965,1.000,2359
276929,433489,1.000,2460
276929,433490,1.000,405
276929,433491,1.000,408
276930,433209,1.000,2359
276931,433046,1.000,2446
276932,432240,1.000,2416
276933,433425,1.000,2387
276933,433426,1.000,915
276934,433806,1.000,2356
276935,432939,1.000,2446
276936,433933,1.000,2359
276936,433934,1.000,2359
276937,433296,1.000,2359
276938,433012,1.000,2446
276939,432997,1.000,308
276940,433499,1.000,2359
276940,433500,1.000,2359
276941,432761,1.000,399
276941,432762,1.000,405
276942,433294,1.000,2467
276943,433059,1.000,2467
276944,433262,1.000,2390
276945,433293,1.000,2359
276946,433004,1.000,2352
276947,433953,2.000,660
276948,433346,1.000,4109
276949,433634,1.000,2356
276950,433203,1.000,2359
276951,433699,1.000,2359
276952,433667,1.000,2359
276953,433638,1.000,2356
276954,432800,1.000,2449
276955,433148,1.000,2368
276956,433813,1.000,2512
276957,433681,1.000,2352
276958,433947,1.000,2352
276958,433948,1.000,2352
276959,433767,1.000,2352
276959,433768,1.000,2359
276960,433749,1.000,2352
276960,433750,1.000,2352
276961,433706,1.000,2352
276961,433707,1.000,2352
276962,433684,1.000,2512
276963,433746,1.000,2352
276963,433747,1.000,2352
276964,433636,1.000,2352
276964,433637,1.000,2352
276965,433765,1.000,2352
276966,433626,1.000,2352
276966,433627,1.000,2356
276967,433810,1.000,2352
276967,433811,1.000,2352
276967,433812,2.000,134
276968,433668,1.000,2352
276968,433669,1.000,134
276969,434066,1.000,2569
276970,432921,1.000,2359
276970,432922,1.000,2359
276971,433151,1.000,2359
276971,433152,1.000,2359
276972,433204,1.000,2359
276972,433205,1.000,2359
276973,431786,1.000,2416
276974,432975,1.000,2359
276974,432976,1.000,2359
276975,433629,1.000,2359
276975,433630,1.000,2359
276976,433081,1.000,2359
276977,432826,1.000,2365
276978,433063,1.000,2359
276979,432723,1.000,2441
276979,433064,4.000,134
276980,433370,1.000,2395
276980,433371,1.000,2356
276981,433149,1.000,2368
276982,433070,1.000,2387
276983,432167,1.000,399
276984,433397,1.000,2359
276984,433398,1.000,2359
276985,433145,1.000,2441
276986,433113,1.000,2385
276987,431615,1.000,2458
276987,431616,1.000,405
276988,432433,1.000,2458
276988,432434,1.000,405
276988,432435,1.000,748
276989,432874,1.000,2457
276989,432875,1.000,787
276990,433040,1.000,2377
276991,431993,1.000,3922
276992,432769,1.000,2385
276993,433102,1.000,2359
276993,433103,1.000,2359
276994,432609,1.000,2457
276994,432617,1.000,405
276995,432071,1.000,3922
276996,432671,1.000,2428
276997,433694,1.000,2359
276998,432894,1.000,2387
276999,432833,1.000,308
277000,433085,1.000,2359
277000,433086,1.000,2359
277001,432851,1.000,2488
277001,432852,1.000,2467
277002,433088,1.000,2385
277002,433089,1.000,2359
277003,432673,1.000,2446
277004,433676,1.000,2424
277005,433613,1.000,2446
277006,433551,1.000,2446
277007,433073,1.000,2359
277008,432966,1.000,3617
277008,432967,1.000,684
277009,433010,1.000,2359
277009,433011,1.000,2359
277010,432572,1.000,2471
277010,432573,2.000,748
277011,433021,1.000,2359
277012,433573,1.000,2471
277013,433790,1.000,2488
277014,433120,1.000,3277
277015,433141,1.000,2441
277015,433142,4.000,134
277016,433427,1.000,399
277017,432465,1.000,2457
277017,432466,1.000,405
277018,433574,1.000,2359
277019,433333,1.000,2424
277020,432889,1.000,3946
277021,433257,1.000,2359
277022,433263,1.000,399
277023,433092,1.000,2359
277024,433047,1.000,2359
277025,433876,2.000,2439
277026,434077,33.000,660
277026,434078,1.000,3384
277026,434079,1.000,3370
277027,433391,1.000,2439
277028,433069,1.000,2385
277029,433403,1.000,2428
277029,433404,1.000,2430
277030,433791,1.000,2352
277030,433792,1.000,2352
277031,433941,1.000,399
277032,432795,1.000,2426
277033,433950,1.000,2359
277033,433951,1.000,2359
277034,433935,1.000,2359
277034,433936,1.000,2359
277035,433819,1.000,2375
277036,433327,1.000,2450
277037,433804,1.000,2356
277037,433805,1.000,2356
277038,432937,1.000,2359
277038,432938,1.000,2359
277039,432998,1.000,2359
277040,433620,1.000,2458
277040,433621,1.000,405
277040,433622,1.000,748
277041,433337,1.000,2359
277042,433355,1.000,2358
277042,433356,1.000,2356
277043,433150,1.000,2359
277044,432812,1.000,2428
277044,432813,1.000,490
277044,432814,1.000,486
277044,432815,1.000,491
277045,432398,1.000,2457
277045,432399,1.000,405
277046,433090,1.000,2359
277047,433670,1.000,2352
277047,433671,1.000,2352
277048,433377,1.000,2359
277048,433378,1.000,2359
277049,432959,1.000,2390
277050,433039,1.000,2425
277051,433279,1.000,2359
277051,433280,1.000,2359
277052,433682,1.000,2356
277053,433661,1.000,2359
277053,433662,1.000,2359
277054,432897,1.000,2446
277055,433118,1.000,2596
277056,433705,1.000,2424
277057,433107,1.000,2596
277058,432898,1.000,2446
277059,432569,1.000,2481
277060,432890,1.000,308
277061,433025,1.000,2488
277062,432847,1.000,308
277063,433072,1.000,2416
277064,433410,1.000,2387
277065,433195,1.000,2359
277065,433196,1.000,2359
277066,433078,1.000,2452
277067,433548,1.000,2359
277068,433390,1.000,2439
277069,430326,1.000,2352
277070,434075,1.000,2352
277070,434076,1.000,2352
277071,433274,1.000,2449
277072,433919,1.000,2359
277072,433920,1.000,2359
277073,433122,1.000,2428
277073,433123,1.000,490
277073,433124,1.000,486
277073,433125,1.000,491
277074,434173,1.000,1130
277075,434108,1.000,2352
277076,433834,1.000,2352
277076,434104,1.000,134
277077,434088,1.000,2352
277078,434082,1.000,3738
277078,434083,1.000,3738
277079,434085,1.000,2352
277080,433836,1.000,2352
277080,433837,1.000,2352
277081,433856,1.000,2352
277081,433857,1.000,2352
277082,433199,1.000,399
277083,433510,1.000,2359
277083,433511,1.000,2359
277084,433037,1.000,2740
277085,433839,1.000,2359
277086,433539,1.000,2356
277087,433550,1.000,2359
277088,433480,1.000,2359
277088,433481,1.000,2359
277089,433605,1.000,2360
277089,433940,1.000,2359
277090,433850,1.000,2356
277090,433851,1.000,2356
277091,433530,1.000,2359
277091,433531,1.000,2359
277092,433577,1.000,2424
277093,433282,1.000,2446
277093,433283,1.000,2424
277094,433641,1.000,2359
277094,433642,1.000,2359
277095,433663,1.000,2360
277096,433470,1.000,2462
277097,433549,1.000,2359
277098,433516,1.000,399
277099,433338,1.000,2449
277100,433832,1.000,2359
277100,433833,1.000,2359
277101,433592,1.000,2368
277102,433521,1.000,2359
277102,433522,1.000,134
277103,433643,1.000,2359
277103,433644,1.000,2359
277104,433527,1.000,2424
277105,433533,1.000,2359
277106,433648,1.000,2360
277106,433649,1.000,2360
277107,433552,1.000,2424
277108,433529,1.000,2359
277109,433580,1.000,2449
277110,433534,1.000,2359
277111,433223,1.000,2449
277112,433543,1.000,2359
277113,433467,1.000,2359
277114,433178,1.000,2446
277115,433824,1.000,2360
277116,433469,1.000,2446
277117,433639,1.000,2360
277118,433687,1.000,2446
277119,433540,1.000,2359
277120,434022,1.000,2424
277121,433628,1.000,2359
277122,433998,1.000,2446
277123,433599,1.000,2446
277124,433584,1.000,2356
277124,433585,1.000,2356
277125,433264,1.000,308
277126,433050,1.000,2457
277126,433051,1.000,405
277126,433052,1.000,490
277126,433053,1.000,486
277126,433054,1.000,491
277127,433544,1.000,2359
277128,433537,1.000,2359
277128,433538,1.000,2359
277129,433492,1.000,2360
277129,433493,1.000,2360
277130,433532,1.000,2411
277131,434227,1.000,522
277132,433422,1.000,2425
277132,433423,1.000,2385
277133,434310,31.000,660
277134,434089,1.000,2359
277135,434314,1.000,3408
277136,432808,1.000,2594
277137,432845,1.000,2457
277137,432846,1.000,405
277138,433731,1.000,2356
277138,433732,1.000,2356
277139,433701,1.000,2356
277139,433702,1.000,2356
277140,432405,1.000,399
277140,432406,1.000,2395
277141,432290,1.000,2416
277142,433727,1.000,2359
277142,433728,1.000,2359
277143,432962,1.000,2457
277143,432963,1.000,405
277144,432639,1.000,2460
277144,432640,1.000,405
277145,433778,1.000,2359
277146,433779,1.000,2359
277146,433780,1.000,2359
277147,433672,1.000,2359
277147,433673,1.000,2359
277148,433723,1.000,2359
277149,432823,1.000,2457
277149,432824,1.000,405
277150,433206,1.000,2359
277151,433305,1.000,2359
277152,433704,1.000,2359
277153,433362,1.000,2359
277153,433363,1.000,2359
277154,433297,1.000,2359
277154,433298,1.000,2359
277155,433380,1.000,2359
277156,434004,1.000,2512
277157,434240,1.000,2352
277158,434208,1.000,2512
277158,434209,1.000,2512
277159,434229,1.000,2352
277159,434230,1.000,2352
277160,433925,2.000,2352
277160,433926,2.000,2352
277160,433927,1.000,2512
277160,433928,1.000,2512
277161,434003,1.000,2352
277162,433796,1.000,2356
277163,434153,1.000,2356
277164,434178,1.000,2352
277165,434056,1.000,2359
277165,434057,1.000,2359
277166,433354,1.000,2424
277167,433838,1.000,2424
277168,433781,1.000,2359
277169,432325,1.000,2426
277170,433782,1.000,2359
277170,433783,1.000,2359
277171,433364,1.000,2359
277171,433365,1.000,2359
277172,433646,1.000,2356
277172,433647,1.000,2356
277173,432866,1.000,2457
277173,432867,1.000,405
277174,433743,1.000,2359
277175,433130,1.000,2457
277175,433131,1.000,405
277176,433797,1.000,2356
277177,434353,1.000,490
277177,434354,1.000,486
277178,432807,1.000,2428
277179,433725,1.000,2359
277179,433726,1.000,2356
277180,431760,1.000,2457
277180,431761,1.000,405
277181,433607,1.000,2395
277181,433608,1.000,2359
277182,433954,1.000,2482
277183,433266,1.000,399
277183,433267,1.000,2862
277184,433718,1.000,2359
277184,433719,1.000,2359
277185,434020,1.000,2352
277186,434140,1.000,2352
277186,434141,1.000,2352
277187,434015,1.000,2352
277187,434016,1.000,2352
277188,434201,1.000,2352
277188,434202,1.000,2352
277189,434245,1.000,2352
277190,434212,1.000,2352
277190,434213,1.000,2352
277191,432927,1.000,2428
277192,434355,25.000,660
277193,434356,1.000,3408
277194,434357,10.000,660
277195,434358,8.000,660
277196,434359,10.000,660
277197,434360,10.000,660
277198,434361,10.000,660
277199,433219,1.000,2359
277199,433220,1.000,2359
277200,434362,12.000,660
277201,433721,1.000,2359
277201,433722,1.000,2359
277202,433814,1.000,2359
277202,433815,1.000,2359
277203,434363,29.000,660
277204,434364,2.000,522
277205,433891,1.000,2387
277206,432928,1.000,2457
277206,432929,1.000,405
277207,434365,25.000,660
277208,433477,1.000,2428
277208,433478,1.000,2430
277208,433479,1.000,748
277209,433952,1.000,2458
277210,434366,32.000,660
277211,432925,1.000,2457
277211,432926,1.000,405
277212,434367,17.000,660
277213,432567,1.000,2428
277213,432568,2.000,2430
277214,434225,1.000,2359
277214,434226,1.000,2359
277215,433387,1.000,2457
277215,433388,1.000,405
277216,433357,2.000,308
277217,433905,1.000,2359
277218,432986,1.000,2471
277219,433034,1.000,2424
277219,433035,1.000,2387
277220,432868,1.000,2457
277220,432869,1.000,405
277221,432589,1.000,308
277222,433336,1.000,2428
277223,433895,1.000,2428
277223,433896,1.000,2430
277224,434036,1.000,2457
277224,434037,1.000,787
277225,433038,1.000,2488
277226,432283,1.000,2428
277226,432284,1.000,2433
277227,432326,1.000,2509
277228,434329,2.000,308
277229,432882,1.000,2458
277229,432883,1.000,405
277230,433055,1.000,308
277231,433382,1.000,2449
277232,434134,1.000,3194
277233,433923,1.000,2359
277233,433924,1.000,2359
277234,432860,1.000,2450
277235,433525,1.000,2392
277236,433843,1.000,2424
277237,433711,1.000,2359
277238,433393,1.000,2449
277239,433754,1.000,2359
277239,433755,1.000,2359
277240,433873,1.000,2446
277241,433018,1.000,2459
277241,433019,1.000,405
277242,432870,1.000,2457
277242,432871,1.000,405
277243,433351,1.000,2461
277243,433352,1.000,405
277244,433087,1.000,308
277245,434034,1.000,2457
277245,434035,1.000,787
277246,433060,1.000,308
277247,433487,1.000,2416
277247,433488,1.000,1130
277248,432910,1.000,2457
277248,432911,1.000,405
277249,433505,1.000,2359
277250,433981,1.000,2359
277251,433099,1.000,2426
277252,433885,1.000,2424
277253,434039,1.000,2359
277253,434040,1.000,2359
277254,433146,1.000,2458
277254,433147,1.000,405
277255,433074,1.000,2389
277256,433212,1.000,531
277257,433713,1.000,2389
277257,433714,1.000,2862
277258,432801,1.000,2389
277259,434042,1.000,2359
277260,433735,1.000,2356
277261,433679,1.000,2359
277262,433898,1.000,2428
277262,433899,1.000,2430
277263,433383,1.000,2461
277263,433384,1.000,405
277264,433771,1.000,2446
277265,433518,1.000,2359
277266,433816,1.000,2360
277267,433143,1.000,787
277267,433144,1.000,2457
277268,433759,1.000,2377
277269,434033,1.000,405
277270,433733,1.000,399
277270,433734,1.000,2862
277271,433578,1.000,2424
277272,434038,1.000,399
277273,433821,1.000,2449
277274,433680,1.000,2359
277275,433908,1.000,2359
277275,433909,1.000,2359
277276,433910,1.000,2390
277277,433968,1.000,2359
277278,434198,1.000,2385
277279,434326,1.000,2363
277280,434180,1.000,2359
277280,434181,1.000,2359
277281,434231,1.000,3077
277282,434422,1.000,2359
277283,434167,2.000,2511
277284,434376,1.000,2352
277284,434377,1.000,2352
277285,434388,1.000,2352
277286,434162,1.000,2512
277287,433958,1.000,2359
277287,433959,1.000,2359
277288,434062,1.000,2359
277288,434063,1.000,2359
277289,433594,1.000,2703
277290,434029,1.000,2359
277290,434030,1.000,2359
277291,433121,1.000,308
277292,433827,1.000,2359
277292,433828,1.000,2359
277293,434143,1.000,2424
277294,433864,1.000,2359
277295,434383,1.000,2371
277296,433874,1.000,2360
277296,433875,1.000,2360
277297,433964,1.000,2363
277297,433965,1.000,2359
277298,433866,1.000,2359
277298,433867,1.000,2359
277299,433846,1.000,2467
277300,433617,1.000,2446
277301,433972,1.000,2359
277301,433973,1.000,2359
277302,433498,1.000,308
277303,433913,1.000,2383
277304,433842,1.000,2359
277305,433878,1.000,2359
277305,433879,1.000,2359
277306,433865,1.000,2371
277307,434370,1.000,308
277308,433872,1.000,2359
277309,433476,1.000,308
277310,434086,1.000,2356
277311,434025,1.000,2359
277311,434026,1.000,2359
277312,434386,1.000,308
277313,433841,1.000,2359
277314,433503,1.000,308
277315,433788,1.000,2356
277315,433789,1.000,2356
277316,434481,1.000,2352
277316,434482,1.000,2352
277317,433880,1.000,2359
277317,433881,1.000,2359
277318,434174,1.000,2359
277318,434175,1.000,2359
277319,433507,1.000,2449
277320,433966,1.000,2359
277320,433967,1.000,2359
277321,433869,1.000,2359
277322,433977,1.000,2359
277322,433978,1.000,2359
277323,433942,1.000,2469
277324,434137,1.000,2359
277325,434101,1.000,2359
277326,434018,1.000,2359
277326,434019,1.000,2359
277327,433847,1.000,2387
277328,433888,1.000,2387
277328,433889,1.000,2569
277329,434188,1.000,2359
277329,434189,1.000,2359
277330,433793,1.000,2359
277330,433794,1.000,2359
277331,433520,1.000,2446
277332,434165,1.000,2377
277333,434435,1.000,2457
277334,434431,1.000,2359
277335,434420,1.000,2490
277336,434105,1.000,2446
277337,434199,1.000,2387
277338,433817,1.000,2385
277338,433818,1.000,2356
277339,433659,1.000,2359
277339,433660,1.000,2359
277340,433999,1.000,2397
277341,434017,1.000,2397
277342,433561,1.000,2428
277342,433562,1.000,2430
277343,433542,1.000,2359
277344,433523,1.000,2359
277344,433524,1.000,2359
277345,433740,1.000,399
277345,433741,1.000,2863
277346,434510,1.000,2387
277347,433798,1.000,2356
277348,432779,2.000,2360
277349,434567,28.000,660
277350,434568,6.000,660
277351,432905,1.000,2802
277351,432906,1.000,787
277352,433466,1.000,2428
277353,433198,1.000,2446
277354,434081,1.000,2356
277355,433976,1.000,2424
277356,434070,1.000,2356
277356,434071,1.000,2356
277357,433690,1.000,2426
277358,434437,1.000,399
277359,434148,1.000,2359
277359,434149,1.000,2359
277360,433751,1.000,2392
277361,433695,1.000,2426
277362,433611,1.000,2428
277363,433405,1.000,2382
277363,433406,1.000,408
277364,433093,1.000,2489
277365,434027,1.000,2356
277365,434028,1.000,2356
277366,433918,1.000,2395
277367,433717,1.000,2359
277368,433756,1.000,2360
277368,433757,1.000,2360
277369,432599,1.000,2416
277370,432931,1.000,2416
277371,434054,1.000,2356
277372,433970,1.000,2359
277372,433971,1.000,2359
277373,433158,1.000,2441
277374,433358,1.000,2450
277375,433111,1.000,2446
277376,433208,1.000,2467
277377,433786,1.000,2356
277377,433787,1.000,2356
277378,433614,1.000,2359
277379,434264,1.000,2352
277379,434265,1.000,2352
277380,434332,1.000,2352
277380,434333,1.000,2352
277381,434347,1.000,2352
277382,434278,1.000,2354
277383,434335,1.000,2352
277384,434351,1.000,2352
277384,434352,1.000,2352
277385,434508,1.000,2352
277386,433076,1.000,2488
277387,433258,1.000,2471
277387,433259,1.000,308
277388,433097,1.000,2378
277389,433079,1.000,2488
277390,433347,1.000,2467
277390,433348,6.000,684
277391,433115,1.000,2460
277392,434320,1.000,2446
277393,433361,1.000,2467
277394,433127,1.000,2460
277394,433128,1.000,405
277394,433129,1.000,408
277395,434545,1.000,2509
277395,434546,1.000,4102
277396,433902,1.000,2439
277397,433615,1.000,2377
277398,433271,1.000,2458
277398,433272,1.000,405
277399,434010,1.000,2356
277399,434011,1.000,2356
277400,433784,1.000,2356
277400,433785,1.000,2356
277401,433114,1.000,2449
277402,433501,1.000,2377
277403,433597,1.000,2359
277403,433598,1.000,2359
277404,434629,13.000,660
277404,434630,2.000,3363
277404,434631,1.000,3384
277405,432947,1.000,2428
277406,433328,1.000,2446
277407,434438,1.000,308
277408,434249,1.000,2359
277408,434250,1.000,2359
277409,434023,1.000,2359
277409,434024,1.000,2359
277410,434257,1.000,2356
277410,434258,1.000,2356
277410,434259,1.000,134
277411,433030,1.000,2446
277412,434509,1.000,2352
277413,434009,1.000,2359
277414,433557,1.000,2457
277414,433558,1.000,405
277415,434012,1.000,2359
277416,434331,1.000,2359
277417,434295,1.000,2395
277418,434114,1.000,2359
277419,434643,13.000,660
277419,434644,2.000,3363
277419,434645,1.000,3384
277420,434433,1.000,2356
277420,434434,1.000,2356
277421,434646,10.000,660
277422,433153,1.000,2446
277423,433270,1.000,2434
277424,433825,1.000,2359
277424,433826,1.000,2359
277425,433739,1.000,2359
277426,433744,1.000,2449
277427,434426,1.000,2446
277428,434246,1.000,2359
277428,434247,1.000,2359
277429,434425,1.000,2446
277430,433943,1.000,2360
277430,433944,1.000,2360
277431,434570,1.000,2356
277431,434571,1.000,2356
277432,434214,1.000,2352
277432,434215,1.000,2352
277433,433848,1.000,2359
277433,433849,1.000,2359
277434,433003,1.000,2416
277435,434516,1.000,2356
277436,434572,1.000,2356
277437,433343,1.000,490
277437,433344,1.000,486
277437,433345,1.000,491
277438,433887,1.000,2387
277439,433612,1.000,2426
277440,433901,1.000,2471
277441,433884,1.000,2359
277442,433504,1.000,2450
277443,433207,1.000,2446
277444,433154,1.000,2446
277445,433736,1.000,308
277446,434484,1.000,3946
277447,433417,1.000,2428
277447,433418,2.000,2430
277448,433931,1.000,2387
277449,434423,1.000,2363
277450,434512,1.000,2356
277451,433712,1.000,2509
277452,434210,1.000,2385
277452,434211,1.000,2359
277453,433748,1.000,2390
277454,433989,1.000,2394
277455,433349,1.000,2442
277455,433350,1.000,3120
277456,433762,1.000,2461
277456,433763,1.000,405
277457,434473,1.000,2359
277457,434474,1.000,2359
277458,433413,1.000,2455
277459,434072,1.000,2439
277460,433752,1.000,2461
277460,433753,1.000,405
277461,433414,1.000,405
277462,434000,1.000,2359
277462,434001,1.000,2359
277463,434369,1.000,2378
277464,434648,1.000,490
277465,433729,1.000,2359
277466,434647,1.000,2359
277467,433588,1.000,2426
277468,433957,1.000,2424
277469,434235,1.000,399
277470,434155,1.000,2356
277470,434158,1.000,2359
277471,434316,1.000,2449
277472,433408,1.000,2449
277473,434248,1.000,2359
277474,433171,1.000,2442
277474,433172,1.000,405
277475,434582,1.000,2354
277476,433693,1.000,2426
277477,434111,1.000,2359
277477,434112,1.000,2359
277478,434095,1.000,2449
277479,434109,1.000,2359
277480,434674,1.000,2457
277480,434675,1.000,405
277481,434673,1.000,2450
277482,434387,1.000,2424
277483,434156,1.000,2359
277483,434157,1.000,2359
277484,434102,1.000,2359
277484,434103,1.000,2359
277485,434123,1.000,2359
277485,434124,1.000,2359
277486,433844,1.000,2446
277487,433871,1.000,2467
277488,434110,1.000,2359
277489,434414,1.000,2356
277490,432674,1.000,2449
277491,433868,1.000,2446
277492,432037,1.000,2446
277493,434159,1.000,2359
277493,434160,1.000,2359
277494,432034,1.000,2449
277495,434552,1.000,2359
277495,434553,1.000,2359
277496,434541,1.000,2359
277496,434542,1.000,2359
277497,432672,1.000,2446
277498,432032,1.000,2446
277499,434453,1.000,2424
277500,434268,1.000,2424
277501,434130,1.000,2424
277502,434224,1.000,2446
277503,434270,1.000,2424
277504,434146,1.000,2359
277504,434147,1.000,2359
277505,434190,1.000,2387
277505,434191,1.000,2387
277506,434151,1.000,2359
277507,433969,1.000,2449
277508,433997,1.000,308
277509,434127,1.000,2424
277510,434084,1.000,2449
277511,434136,1.000,2371
277512,434266,1.000,2359
277512,434267,1.000,2359
277513,433980,1.000,2450
277514,434277,1.000,2449
277515,434117,1.000,2359
277516,434092,1.000,2356
277516,434093,1.000,2356
277517,434115,1.000,2359
277518,434032,1.000,2428
277519,434128,1.000,2359
277519,434129,1.000,2359
277520,434096,1.000,2359
277521,432024,1.000,2449
277522,433937,1.000,2446
277523,432022,1.000,2446
277524,434107,1.000,2359
277525,432021,1.000,2449
277526,434097,1.000,2359
277526,434098,1.000,2359
277527,434669,1.000,2457
277527,434670,1.000,405
277528,433853,1.000,2457
277528,433854,1.000,405
277529,433986,1.000,2618
277530,433990,1.000,2462
277531,434324,1.000,2449
277532,434523,1.000,2359
277533,434121,1.000,2359
277534,434139,1.000,2424
277535,434739,1.000,2387
277535,434740,1.000,2942
277536,433840,1.000,2446
277537,434651,1.000,2359
277537,434652,1.000,2359
277538,434125,1.000,2425
277538,434126,1.000,2385
277539,433683,1.000,2481
277540,434192,1.000,2359
277540,434193,1.000,2359
277541,434448,1.000,2385
277541,434449,1.000,2359
277542,434722,1.000,2352
277542,434723,1.000,2352
277543,434649,1.000,2352
277543,434650,1.000,2352
277544,433852,1.000,2446
277545,433652,1.000,3160
277545,434587,1.000,3370
277546,434656,1.000,2352
277546,434657,1.000,2352
277547,434462,1.000,2352
277547,434463,1.000,2352
277548,434499,1.000,2352
277548,434500,1.000,2352
277549,434663,1.000,2512
277550,434507,1.000,2516
277551,434785,28.000,660
277552,434786,1.000,3408
277553,434787,22.000,660
277554,434788,1.000,3408
277555,434789,4.000,2352
277556,434790,4.000,2352
277557,434805,1.000,2951
277558,434592,1.000,2446
277559,434595,1.000,2356
277559,434596,1.000,2356
277560,434705,1.000,2385
277561,434504,1.000,308
277562,433031,1.000,2462
277562,433032,1.000,405
277562,433033,1.000,408
277563,434205,1.000,2359
277563,434206,1.000,2359
277564,434223,1.000,2356
277565,433883,1.000,2359
277566,434281,1.000,2424
277567,434304,1.000,399
277568,434309,1.000,2359
277569,433015,1.000,2460
277569,433016,1.000,405
277569,433017,1.000,408
277570,434100,1.000,2359
277571,434489,1.000,2424
277572,434005,1.000,2387
277573,432912,1.000,2458
277574,434578,1.000,2363
277574,434579,1.000,2359
277575,434312,1.000,2357
277575,434313,1.000,2357
277576,434337,1.000,2359
277577,433906,1.000,2359
277578,434218,1.000,2371
277579,434563,1.000,2385
277579,434564,1.000,2356
277580,433921,1.000,399
277581,434046,1.000,2428
277581,434047,1.000,490
277581,434048,1.000,486
277581,434049,1.000,491
277582,434667,1.000,2359
277582,434668,1.000,2359
277583,433715,1.000,2428
277583,433716,1.000,2430
277584,434622,1.000,2457
277584,434623,1.000,405
277585,434614,1.000,2352
277586,434634,1.000,2352
277586,434635,1.000,2352
277587,434575,1.000,2512
277588,434800,1.000,3946
277589,434690,1.000,2428
277590,434443,1.000,2387
277591,433917,1.000,2481
277592,434538,1.000,2363
277592,434539,1.000,2359
277593,434031,1.000,308
277594,434013,1.000,2359
277595,434321,1.000,2359
277595,434322,1.000,2359
277596,433916,1.000,525
277597,434041,1.000,2359
277598,433281,1.000,2458
277599,434296,1.000,2359
277599,434297,1.000,2359
277600,433801,1.000,2387
277601,434228,1.000,2449
277602,434368,1.000,2356
277603,434503,1.000,2446
277604,434067,1.000,2359
277605,433742,1.000,2439
277606,434144,1.000,2463
277606,434145,1.000,405
277606,434893,1.000,4102
277607,434467,1.000,2441
277607,434468,3.000,134
277608,434219,1.000,2359
277609,434220,1.000,2596
277610,433955,1.000,2394
277611,434294,1.000,2359
277612,433820,1.000,308
277613,433956,1.000,2449
277614,434279,1.000,2359
277614,434280,1.000,2359
277615,434478,1.000,2389
277616,434207,1.000,2446
277617,434217,1.000,308
277618,434745,1.000,2387
277619,434535,1.000,2450
277620,434094,1.000,3576
277621,433961,1.000,748
277622,434344,1.000,2356
277623,434533,1.000,2359
277624,434479,1.000,2441
277624,434480,3.000,134
277625,434464,1.000,2509
277626,433830,1.000,2359
277626,433831,1.000,2359
277627,434427,1.000,2356
277628,434430,1.000,2881
277629,434476,1.000,2446
277630,434350,1.000,2449
277631,434618,1.000,2359
277631,434619,1.000,2359
277632,434746,1.000,2354
277633,434179,1.000,2449
277634,434485,1.000,2467
277635,433284,1.000,2552
277636,434483,1.000,2416
277637,434797,1.000,2424
277638,434317,1.000,2359
277639,434659,1.000,2352
277640,433654,1.000,2494
277641,433859,1.000,748
277642,434581,1.000,2509
277643,434234,1.000,2359
277644,434470,1.000,2460
277644,434471,1.000,405
277644,434472,1.000,408
277645,434182,1.000,2458
277645,434183,1.000,405
277646,434196,1.000,2457
277646,434197,1.000,405
277647,434703,1.000,2387
277648,434795,1.000,2352
277648,434796,1.000,2352
277649,433979,1.000,308
277650,434244,1.000,2471
277651,434531,1.000,308
277652,433975,1.000,399
277653,433575,1.000,2457
277653,433576,1.000,405
277654,433982,1.000,3455
277655,434574,1.000,2552
277656,434752,1.000,2359
277657,433803,1.000,2359
277658,434457,1.000,2460
277658,434458,1.000,405
277658,434459,1.000,408
277659,434712,1.000,2359
277659,434713,1.000,2359
277660,434203,1.000,2359
277660,434204,1.000,2359
277661,434243,1.000,2387
277662,434706,1.000,2360
277662,434707,1.000,2360
277663,434672,1.000,2449
277664,433760,1.000,2457
277664,433761,1.000,405
277665,434913,1.000,2352
277666,434624,1.000,2352
277666,434625,1.000,2352
277667,431829,1.000,2509
277668,434836,1.000,2512
277669,434394,1.000,2359
277670,434408,1.000,2359
277671,434661,1.000,2359
277671,434662,1.000,2359
277672,434371,1.000,2359
277672,434372,1.000,2359
277673,434916,1.000,2359
277673,434917,1.000,2359
277674,434411,1.000,2359
277674,434412,1.000,2359
277675,434445,1.000,2377
277676,434798,1.000,2360
277677,434176,1.000,2457
277677,434177,1.000,405
277678,434378,1.000,2359
277678,434379,1.000,2359
277679,434251,1.000,308
277680,434391,1.000,2359
277680,434392,1.000,2359
277681,434373,1.000,2481
277682,434375,1.000,308
277683,434562,1.000,2467
277684,434914,1.000,2359
277684,434915,1.000,2359
277685,434654,1.000,2356
277686,434879,1.000,2359
277687,434774,1.000,2371
277688,434384,1.000,2359
277689,434487,1.000,2356
277690,434950,1.000,2352
277691,434934,1.000,2352
277692,434940,1.000,2352
277693,434969,1.000,2352
277693,434970,1.000,2352
277694,434389,1.000,2359
277694,434390,1.000,2359
277695,434413,1.000,2359
277696,434416,1.000,2356
277696,434417,1.000,2356
277697,434681,1.000,2359
277698,434406,1.000,2359
277698,434407,1.000,2359
277699,434475,1.000,2390
277700,434133,1.000,308
277701,434521,1.000,2359
277701,434522,1.000,2359
277702,434791,1.000,2359
277703,434262,1.000,2428
277704,434405,1.000,2942
277705,434421,1.000,2449
277706,434185,1.000,2782
277707,434150,1.000,308
277708,434221,1.000,2441
277709,434113,1.000,2467
277710,434186,1.000,2424
277710,434187,1.000,2446
277711,434374,1.000,2428
277712,434120,1.000,2446
277713,434119,1.000,2446
277714,434116,1.000,2446
277715,434955,1.000,2424
277716,434166,1.000,308
277717,434454,1.000,2387
277717,434455,1.000,2387
277718,434161,1.000,2428
277719,435060,1.000,2397
277720,434704,1.000,2512
277721,434993,1.000,2356
277721,434994,1.000,2356
277722,434429,1.000,2359
277723,434380,1.000,2356
277724,434385,1.000,2387
277725,434087,1.000,308
277726,434409,1.000,2356
277727,434806,1.000,2387
277728,434488,1.000,2365
277729,434756,1.000,784
277729,434757,1.000,408
277729,434758,1.000,4102
277730,435066,2.000,2352
277730,435067,2.000,2352
277731,435088,1.000,408
277732,434461,1.000,2397
277733,434288,1.000,2428
277734,434233,1.000,2359
277735,434222,1.000,2596
277736,434627,1.000,2359
277736,434628,1.000,2359
277737,434065,1.000,2359
277738,434338,1.000,531
277739,434327,1.000,2359
277739,434328,1.000,2359
277740,434275,1.000,2359
277740,434276,1.000,2359
277741,434620,1.000,2385
277742,434895,1.000,2359
277742,434896,1.000,2359
277743,433886,1.000,2428
277744,434302,1.000,2428
277744,434303,1.000,2430
277745,433795,1.000,2439
277746,434971,1.000,2356
277747,434616,1.000,2359
277747,434617,1.000,2359
277748,434742,1.000,2359
277748,434743,1.000,134
277748,434744,1.000,2359
277749,434825,1.000,2359
277750,434216,1.000,2449
277751,434492,1.000,2997
277752,434519,1.000,2359
277752,434520,1.000,2359
277753,434867,1.000,2359
277754,434274,1.000,2390
277755,434621,1.000,2359
277756,434566,1.000,2424
277757,434415,1.000,2377
277758,434284,1.000,2359
277758,434285,1.000,2359
277759,434050,1.000,2488
277760,434666,1.000,2449
277761,434603,1.000,2359
277761,434604,1.000,2359
277762,434599,1.000,2359
277762,434600,1.000,2359
277763,434260,1.000,2359
277764,434506,1.000,308
277765,434606,1.000,2356
277765,434607,1.000,2356
277766,434287,1.000,2359
277767,435163,1.000,308
277768,435171,1.000,3552
277769,434763,1.000,2395
277770,433633,1.000,308
277771,434456,1.000,2359
277772,434580,1.000,2359
277773,434737,1.000,2457
277773,434738,1.000,405
277774,434074,1.000,2488
277775,434802,1.000,2356
277775,434803,1.000,2360
277776,434397,1.000,2460
277776,434399,1.000,405
277776,434400,1.000,408
277777,434446,1.000,2359
277777,434447,1.000,2359
277778,434801,1.000,2359
277779,434432,1.000,2452
277780,434534,1.000,2371
277781,434557,1.000,2385
277781,434558,1.000,2359
277782,434784,1.000,2509
277783,434708,1.000,308
277784,434846,1.000,2424
277785,434517,1.000,2360
277785,434518,1.000,2360
277786,434992,1.000,308
277787,434068,1.000,2416
277788,433632,1.000,308
277789,434601,1.000,2356
277789,434602,1.000,2356
277790,434865,1.000,2352
277790,434866,1.000,2352
277791,435001,1.000,2352
277791,435002,1.000,2352
277792,434824,1.000,2352
277793,434999,1.000,2352
277793,435000,1.000,2352
277794,435063,1.000,2352
277795,435081,1.000,2352
277796,435025,1.000,2352
277796,435026,1.000,2352
277797,435084,1.000,2352
277797,435085,1.000,2352
277798,434813,1.000,2352
277799,434920,1.000,2512
277800,434842,1.000,2352
277801,434826,1.000,2352
277801,434827,1.000,2356
277802,434843,1.000,2352
277802,434844,1.000,2352
277803,434170,1.000,2490
277804,433911,1.000,2490
277805,433907,1.000,2490
277806,433665,1.000,308
277807,434513,1.000,2359
277807,434514,1.000,2359
277808,434465,1.000,2390
277809,433730,1.000,308
277810,435005,1.000,2356
277810,435006,1.000,2356
277811,433829,1.000,399
277812,434608,1.000,2428
277812,434609,1.000,2430
277813,434908,1.000,2446
277814,434348,1.000,2428
277814,434349,2.000,2430
277815,434753,1.000,2387
277816,434640,1.000,2359
277817,434633,1.000,2390
277818,434807,1.000,2359
277819,434902,1.000,2398
277820,433769,1.000,2441
277820,433770,4.000,134
277821,434493,1.000,2424
277822,434611,1.000,308
277823,434496,1.000,2457
277823,434497,1.000,405
277824,433892,1.000,2428
277824,433893,2.000,2430
277825,434428,1.000,399
277826,435082,1.000,2352
277826,435083,1.000,2352
277827,434554,1.000,2510
277827,434555,1.000,2510
277827,434556,1.000,2373
277828,434200,1.000,2416
277829,435013,1.000,2460
277829,435014,1.000,405
277829,435015,1.000,408
277830,435175,1.000,2382
277830,435176,1.000,408
277831,435173,1.000,2385
277831,435174,1.000,2359
277832,435003,1.000,2352
277832,435004,1.000,2352
277833,435193,1.000,2352
277833,435194,1.000,2352
277834,434998,1.000,2512
277835,434943,1.000,2512
277868,435191,1.000,2352
277868,435192,1.000,2352
277869,435188,1.000,2356
277869,435189,1.000,2356
277870,434952,1.000,2467
277871,432678,1.000,2378
277872,434716,1.000,2359
277872,434717,1.000,2359
277873,434477,1.000,2446
277874,434715,1.000,2424
277875,434697,1.000,2359
277875,434698,1.000,2359
277876,434682,1.000,2359
277876,434683,1.000,2359
277877,434684,1.000,2359
277878,434699,1.000,2424
277879,434688,1.000,2359
277880,434781,1.000,2509
277880,435353,1.000,408
277881,434701,1.000,2359
277881,434702,1.000,2359
277882,434748,1.000,2359
277882,434749,1.000,2359
277883,434700,1.000,2359
277884,434664,1.000,2359
277885,434381,1.000,2449
277886,434719,1.000,2356
277886,434720,1.000,2356
277887,434891,1.000,2457
277887,434892,1.000,405
277888,434689,1.000,2469
277889,434300,1.000,399
277889,434301,1.000,2467
277890,434804,1.000,2398
277891,434665,1.000,2359
277892,434679,1.000,2359
277893,434658,1.000,2356
277894,434960,1.000,2359
277894,434961,1.000,2359
277895,434793,1.000,2359
277895,434794,1.000,2359
277896,435364,1.000,2569
277897,434091,1.000,308
277897,434106,1.000,2425
277898,434990,1.000,2356
277898,434991,1.000,2356
277899,435113,1.000,2449
277900,435041,1.000,2457
277900,435042,1.000,405
277901,434987,1.000,2424
277902,434962,1.000,2359
277903,434972,1.000,2359
277903,434973,1.000,2359
277904,434721,1.000,2449
277905,434655,1.000,2359
277906,434963,1.000,2359
277906,434964,1.000,2359
277907,434718,1.000,2359
277908,434710,1.000,2467
277909,435244,1.000,2385
277910,435414,1.000,4110
277911,434573,1.000,2495
277912,435348,1.000,2466
277913,433703,1.000,2481
277914,433698,1.000,308
277915,434289,1.000,2378
277916,434547,1.000,2446
277917,434008,1.000,2446
277918,433983,1.000,2446
277919,433724,1.000,2446
277920,433772,1.000,2457
277920,433773,1.000,405
277921,434515,1.000,2446
277922,433800,1.000,2446
277923,434044,1.000,2457
277923,434045,1.000,405
277924,433863,1.000,787
277925,434232,1.000,2488
277926,434336,1.000,308
277927,434080,1.000,2449
277928,434768,1.000,2471
277929,434594,1.000,2446
277930,433962,1.000,2457
277930,433963,1.000,787
277931,433799,1.000,2469
277932,434293,1.000,2446
277933,434051,1.000,2459
277933,434052,1.000,405
277933,434053,1.000,408
277934,433890,1.000,2378
277935,434632,1.000,2446
277936,433987,1.000,2446
277937,434494,1.000,2457
277937,434495,1.000,405
277938,434910,1.000,2359
277938,434911,1.000,2359
277939,433996,1.000,2446
277940,433775,1.000,2446
277941,434685,1.000,2467
277942,434877,1.000,2385
277942,434878,1.000,2359
277943,434724,1.000,2457
277943,434725,1.000,405
277944,433774,1.000,2467
277945,434639,1.000,2446
277946,434576,1.000,2449
277947,434436,1.000,2452
277948,434263,1.000,308
277949,434615,1.000,2449
277950,434528,1.000,308
277951,434588,1.000,2458
277951,434590,1.000,405
277951,434591,1.000,2387
277952,435035,1.000,2446
277953,435232,1.000,2513
277954,434636,1.000,2457
277954,434637,1.000,405
277955,435300,1.000,2352
277955,435301,1.000,2352
277956,434924,1.000,2359
277956,434925,1.000,2359
277957,435288,1.000,2352
277957,435289,1.000,2352
277958,435296,1.000,2352
277959,435092,1.000,2446
277960,435390,1.000,2352
277960,435391,1.000,2352
277961,435100,1.000,2365
277962,435304,1.000,2352
277962,435305,1.000,2352
277963,435104,1.000,2352
277963,435105,1.000,2352
277964,435411,1.000,2352
277965,434524,1.000,2457
277965,434525,1.000,405
277965,434526,1.000,2569
277966,434286,1.000,308
277967,435155,2.000,308
277968,434323,2.000,308
277969,435132,1.000,2359
277969,435133,1.000,2359
277970,434584,2.000,308
277971,434532,1.000,776
277972,433631,1.000,2618
277973,435247,1.000,2356
277974,434830,1.000,2359
277974,434831,1.000,2359
277975,434779,1.000,376
277976,434851,1.000,2359
277976,434852,1.000,2359
277977,434343,1.000,2452
277978,435154,1.000,2491
277979,434298,1.000,2471
277979,434299,1.000,2467
277980,434548,1.000,2457
277980,434549,1.000,787
277981,434252,1.000,2460
277981,434253,1.000,405
277981,434254,1.000,408
277982,434890,1.000,399
277983,434996,1.000,2488
277983,434997,1.000,2467
277984,435108,1.000,2460
277984,435109,1.000,405
277984,435110,1.000,408
277985,435034,1.000,2390
277986,434318,1.000,308
277987,434122,1.000,2490
277988,435031,1.000,2359
277989,434043,2.000,308
277990,435050,1.000,2488
277991,433914,1.000,3407
277991,433915,1.000,408
277992,434060,1.000,2457
277992,434061,1.000,405
277993,433700,1.000,308
277994,434828,1.000,2359
277994,434829,1.000,2359
277995,434490,1.000,2395
277995,434491,1.000,2356
277996,433766,1.000,308
277997,434775,1.000,2359
277997,434776,1.000,2359
277998,434319,1.000,308
277999,434641,1.000,2457
277999,434642,1.000,787
278000,434498,1.000,399
278001,434731,1.000,2460
278001,434732,1.000,405
278001,434733,1.000,408
278002,434860,1.000,2359
278002,434861,1.000,2359
278003,434626,1.000,2356
278004,435061,1.000,2363
278005,435095,1.000,2368
278006,435540,1.000,2494
278007,433912,1.000,308
278008,434059,1.000,308
278009,435249,1.000,2363
278010,434783,1.000,2359
278011,435129,1.000,2356
278011,435130,1.000,2356
278012,433519,1.000,2446
278013,434561,1.000,2359
278014,435090,1.000,2446
278015,434346,1.000,2455
278016,435375,1.000,2352
278016,435376,1.000,2352
278017,435093,1.000,2352
278017,435094,1.000,2352
278018,435126,1.000,2352
278019,435519,1.000,2352
278019,435520,1.000,2352
278020,435415,1.000,3738
278020,435416,1.000,3738
278021,435524,1.000,2478
278022,435137,1.000,2392
278022,435138,1.000,748
278023,434163,1.000,2378
278024,435398,1.000,2400
278025,434894,1.000,2423
278026,435051,1.000,2446
278027,434168,1.000,2457
278027,434169,1.000,405
278028,435141,1.000,2356
278028,435142,1.000,2356
278029,434905,1.000,2446
278030,435076,1.000,2446
278031,434686,1.000,2446
278032,435065,1.000,308
278033,434868,1.000,2385
278033,434887,1.000,2359
278034,435052,1.000,2359
278034,435053,1.000,2359
278035,434536,1.000,2457
278035,434537,1.000,787
278036,434769,1.000,2490
278037,435201,1.000,2387
278038,435044,1.000,2359
278039,434767,1.000,2356
278040,434529,1.000,2457
278040,434530,1.000,787
278041,434291,1.000,2446
278041,434292,1.000,2424
278042,435145,1.000,2359
278042,435146,1.000,2359
278043,435548,24.000,660
278043,435549,1.000,3363
278044,434771,1.000,2490
278045,434593,1.000,2552
278046,435251,1.000,2371
278047,435550,10.000,660
278048,434816,1.000,2359
278048,434817,1.000,2359
278049,435167,1.000,2446
278050,434305,1.000,2428
278050,434306,1.000,2430
278050,434307,1.000,748
278051,435204,1.000,2387
278051,435205,1.000,2942
278052,435551,16.000,660
278053,435143,1.000,2359
278053,435144,1.000,2359
278054,435552,1.000,3408
278055,435048,1.000,2359
278055,435049,1.000,2359
278056,433709,1.000,2462
278056,433710,1.000,405
278057,435043,1.000,2359
278058,435033,1.000,2359
278059,434811,1.000,2356
278060,434883,1.000,2368
278061,435387,1.000,2356
278062,435123,1.000,2359
278063,435240,1.000,2359
278063,435241,1.000,2359
278064,435040,1.000,2359
278065,435510,1.000,2359
278065,435511,1.000,2359
278066,434569,1.000,2471
278067,434967,1.000,2425
278068,434814,1.000,2449
278069,434271,1.000,2457
278069,434272,1.000,405
278070,435032,1.000,2471
278071,434884,1.000,2424
278072,434501,1.000,399
278072,434502,1.000,2863
278073,435101,1.000,2356
278074,434897,1.000,2458
278074,434898,1.000,405
278074,434899,1.000,490
278074,434900,1.000,486
278074,434901,1.000,491
278075,435098,1.000,2425
278075,435099,1.000,2385
278076,434135,1.000,2495
278077,434977,1.000,2359
278078,434711,1.000,2449
278079,435007,1.000,2365
278080,434948,1.000,2457
278080,434949,1.000,405
278081,434926,1.000,2457
278081,434927,1.000,405
278082,434988,1.000,2359
278082,434989,1.000,2359
278083,435073,1.000,2457
278083,435074,1.000,405
278084,434918,1.000,2359
278085,434978,1.000,2359
278086,434938,1.000,2359
278086,434939,1.000,2359
278087,434976,1.000,2359
278088,434981,1.000,2359
278088,434982,1.000,2359
278089,434871,1.000,2459
278089,434872,1.000,405
278089,434873,1.000,408
278090,434951,1.000,2359
278091,435242,1.000,2385
278091,435243,1.000,2359
278092,435572,1.000,308
278093,434953,1.000,2359
278093,434954,1.000,2359
278094,434941,1.000,2359
278094,434942,1.000,2359
278095,434929,1.000,2359
278096,434983,1.000,2356
278096,434984,1.000,2356
278097,434959,1.000,2359
278098,434696,1.000,2446
278099,434550,1.000,2458
278099,434551,1.000,405
278100,435568,1.000,2352
278100,435569,1.000,2352
278101,434869,1.000,2459
278101,434870,1.000,405
278102,435413,1.000,2424
278103,434676,1.000,2457
278103,434677,1.000,405
278103,435064,1.000,2378
278104,434888,1.000,2359
278104,434889,1.000,2359
278105,435089,1.000,2395
278106,434935,1.000,2359
278106,434936,1.000,2359
278107,434980,1.000,2449
278108,435370,1.000,2424
278109,435219,1.000,2359
278109,435220,1.000,2359
278110,435075,1.000,399
278111,435566,1.000,2359
278111,435567,1.000,2359
278112,435700,1.000,1129
278113,434693,1.000,308
278114,435678,1.000,3738
278114,435679,1.000,3738
278115,434958,1.000,2359
278116,435275,1.000,2424
278117,434680,1.000,2428
278118,435273,1.000,2352
278119,433932,1.000,2428
278120,435224,1.000,2352
278120,435225,1.000,2352
278121,434919,1.000,2426
278122,435217,1.000,2352
278122,435218,1.000,2352
278123,435245,1.000,3475
278123,435246,1.000,2569
278124,435291,1.000,2352
278124,435292,1.000,2352
278125,435531,1.000,2352
278125,435532,1.000,2352
278126,434751,1.000,2428
278127,435262,1.000,2352
278128,435573,1.000,2390
278129,435564,1.000,2512
278130,435302,1.000,2352
278130,435303,1.000,2352
278131,435354,1.000,2352
278131,435355,1.000,2352
278132,435096,1.000,2392
278132,435097,1.000,2942
278133,435527,1.000,2390
278134,435382,1.000,308
278135,435427,1.000,2352
278135,435428,1.000,2352
278136,435559,1.000,2352
278137,435682,1.000,2352
278137,435683,1.000,2352
278138,435377,1.000,3738
278139,435737,2.000,2352
278139,435738,2.000,2352
278140,435748,1.000,1129
278163,435151,1.000,2359
278163,435152,1.000,2359
278164,434839,1.000,2356
278164,434840,1.000,2356
278165,435106,1.000,2457
278165,435107,1.000,787
278166,435045,1.000,2356
278166,435046,1.000,2356
278167,435036,1.000,2356
278167,435037,1.000,2356
278168,435368,1.000,2359
278168,435369,1.000,2359
278169,435120,1.000,2383
278170,435016,1.000,2416
278171,435494,1.000,2359
278171,435495,1.000,2359
278172,434856,1.000,2359
278172,434858,1.000,2359
278173,435136,1.000,2385
278174,435168,1.000,2457
278174,435169,1.000,405
278175,434780,1.000,2356
278176,434759,1.000,3146
278176,434760,3.000,748
278176,434761,1.000,408
278177,435147,1.000,2457
278177,435148,1.000,405
278178,435149,1.000,2449
278178,435150,2.000,2495
278179,435054,1.000,2359
278180,434903,1.000,399
278181,435078,1.000,2359
278181,435079,1.000,2359
278182,434764,1.000,2452
278183,434612,1.000,2359
278184,435114,1.000,2449
278185,435483,1.000,2359
278186,434832,1.000,2457
278186,434833,1.000,405
278187,434965,1.000,2385
278188,434906,1.000,2356
278188,434907,1.000,2356
278189,434862,1.000,2356
278189,434863,1.000,2356
278190,435179,1.000,2461
278190,435180,1.000,405
278190,435181,1.000,2469
278191,435008,1.000,2449
278192,434932,1.000,2390
278193,435118,1.000,787
278194,434345,1.000,2428
278195,435080,1.000,2424
278196,435039,1.000,2359
278197,434782,1.000,2371
278198,435029,1.000,2359
278198,435030,1.000,2359
278199,435058,1.000,2359
278199,435059,1.000,2359
278200,435069,1.000,2457
278200,435070,1.000,405
278201,435403,1.000,399
278202,434810,1.000,2449
278203,434995,1.000,2449
278204,435385,1.000,2424
278205,434928,1.000,2377
278206,435134,1.000,2383
278206,435135,1.000,408
278207,435570,1.000,2359
278207,435571,1.000,2359
278208,434850,1.000,308
278209,435578,1.000,308
278210,435530,1.000,308
278211,434882,1.000,308
278212,435712,1.000,2509
278213,435534,1.000,399
278214,435408,1.000,2356
278215,434854,1.000,2359
278216,435829,1.000,2424
278217,434886,1.000,2359
278218,434909,1.000,2449
278219,434747,1.000,2552
278219,434750,1.000,2469
278220,435038,1.000,2460
278221,435102,1.000,2457
278221,435103,1.000,405
278222,435111,1.000,2360
278222,435112,1.000,2360
278223,435209,1.000,2446
278224,435860,1.000,2359
278225,434834,1.000,308
278226,435480,1.000,2359
278227,434808,1.000,308
278228,435018,1.000,2441
278228,435019,3.000,134
278229,434341,1.000,2394
278229,434342,1.000,308
278230,435047,1.000,2368
278231,435471,1.000,2457
278231,435472,1.000,405
278231,435473,1.000,748
278232,435713,1.000,2573
278233,434821,1.000,2997
278234,435710,1.000,2424
278235,434923,1.000,2467
278236,435617,1.000,2512
278237,435435,1.000,2352
278237,435436,1.000,2352
278238,435425,1.000,2352
278238,435426,1.000,2352
278239,435687,1.000,2352
278239,435688,1.000,2352
278240,435711,1.000,2352
278241,435371,1.000,2352
278241,435372,1.000,2352
278242,435620,1.000,2352
278242,435621,1.000,2352
278243,435708,1.000,2352
278243,435709,1.000,2352
278244,435489,1.000,2352
278245,435583,1.000,2352
278245,435584,1.000,2352
278246,435253,1.000,2428
278247,434543,1.000,2428
278247,434544,1.000,2430
278248,435668,1.000,2509
278248,435859,1.000,408
278249,434339,1.000,748
278250,434944,1.000,2428
278250,434945,1.000,490
278250,434946,1.000,486
278250,434947,1.000,491
278251,434818,1.000,2359
278252,434880,1.000,2383
278252,434881,1.000,408
278253,435691,1.000,2359
278253,435692,1.000,2359
278254,434845,1.000,2428
278254,434847,1.000,490
278254,434848,1.000,486
278254,434849,1.000,491
278255,434855,1.000,2359
278256,435760,1.000,2509
278257,435131,1.000,2371
278258,434754,1.000,2455
278259,435671,1.000,2509
278260,434912,1.000,2400
278261,435830,1.000,2432
278262,434762,1.000,3954
278263,435902,1.000,522
278264,435906,1.000,2569
278265,435210,1.000,2387
278266,434766,1.000,2359
278267,435357,1.000,2356
278267,435358,1.000,2356
278268,435764,1.000,2512
278269,435774,1.000,2352
278270,435704,1.000,3009
278271,435756,1.000,2512
278272,435731,1.000,2352
278272,435732,1.000,2352
278273,435680,1.000,2352
278274,435865,1.000,2352
278275,435599,1.000,2352
278275,435600,1.000,2352
278276,435359,1.000,2359
278277,435393,1.000,2359
278277,435394,1.000,2359
278278,435733,1.000,2359
278278,435734,1.000,2359
278279,435553,1.000,2449
278280,435202,1.000,2360
278280,435820,1.000,2360
278281,435211,1.000,2360
278281,435212,1.000,2360
278282,435410,1.000,2446
278283,435266,1.000,2446
278284,435187,1.000,2359
278286,435395,1.000,2446
278287,435221,1.000,2356
278287,435222,1.000,2356
278288,435276,1.000,308
278289,435268,1.000,2359
278289,435269,1.000,2359
278290,435725,1.000,2359
278291,435399,1.000,2446
278292,435481,1.000,2359
278292,435482,1.000,2359
278293,435229,1.000,2356
278294,435675,1.000,2359
278294,435676,1.000,2359
278295,435236,1.000,2446
278296,435698,1.000,2359
278297,435405,1.000,2446
278298,435198,1.000,2356
278299,435490,1.000,2449
278300,435497,1.000,2488
278301,435223,1.000,2424
278302,435397,1.000,2446
278303,435833,1.000,2359
278303,435834,1.000,134
278304,434966,1.000,2428
278305,435190,1.000,2359
278306,435285,1.000,2359
278306,435286,1.000,2359
278307,435239,1.000,2359
278308,435271,1.000,2359
278309,435213,1.000,2359
278309,435214,1.000,2359
278310,435234,1.000,2359
278310,435235,1.000,2359
278311,435182,1.000,2356
278311,435183,1.000,2356
278312,435264,1.000,2359
278312,435265,1.000,2359
278313,435230,1.000,2359
278313,435231,1.000,2359
278314,435297,1.000,2356
278314,435298,1.000,2356
278315,435215,1.000,2359
278315,435216,1.000,2359
278316,435593,1.000,308
278317,435299,1.000,2356
278318,435492,1.000,2356
278318,435493,1.000,2356
278319,435309,1.000,2356
278319,435310,1.000,2356
278320,435196,1.000,2359
278320,435197,1.000,2359
278321,435263,1.000,2446
278322,435352,1.000,2360
278323,435811,1.000,2360
278324,435207,1.000,2356
278324,435208,1.000,2356
278325,435616,1.000,2467
278326,435476,1.000,2446
278327,435514,1.000,2365
278328,435287,1.000,2488
278329,435706,1.000,2359
278329,435707,1.000,2359
278330,435272,1.000,2446
278331,434956,1.000,2428
278331,434957,1.000,2430
278332,434714,1.000,2359
278333,435797,1.000,2387
278334,435226,1.000,2359
278335,435596,1.000,2368
278336,435412,1.000,2446
278337,435257,1.000,2424
278338,435891,1.000,2359
278338,435892,1.000,2359
278339,435907,1.000,2359
278339,435908,1.000,2359
278340,435554,1.000,2377
278341,435533,1.000,2449
278342,435270,1.000,2359
278343,435409,1.000,2385
278344,435848,1.000,2457
278344,435849,1.000,405
278345,435363,1.000,308
278346,435417,1.000,2458
278346,435418,1.000,405
278347,435233,1.000,2449
278348,435406,1.000,2359
278348,435407,1.000,2359
278349,435592,1.000,2383
278350,435525,1.000,2385
278350,435526,1.000,2359
278352,435913,1.000,2359
278353,435434,1.000,308
278354,435379,1.000,2368
278354,435380,1.000,2569
278355,435597,1.000,2461
278355,435598,1.000,405
278355,435601,1.000,408
278356,436051,1.000,2363
278356,436052,1.000,2359
278357,435841,1.000,2390
278358,435400,1.000,2359
278359,435535,1.000,2467
278360,435693,1.000,2356
278361,435604,1.000,2395
278361,435605,1.000,2359
278362,435588,1.000,399
278363,435487,1.000,2359
278363,435488,1.000,2359
278364,435477,1.000,2371
278365,434837,1.000,2461
278365,434838,1.000,405
278366,435256,1.000,2356
278367,434974,1.000,2458
278367,434975,1.000,405
278368,435651,1.000,2359
278368,435652,1.000,2359
278369,435585,1.000,2371
278370,435311,1.000,2360
278370,435312,1.000,2360
278371,435124,1.000,399
278372,435496,1.000,2424
278373,435259,1.000,2356
278373,435260,1.000,2356
278374,435012,1.000,2416
278375,435430,1.000,2359
278375,435431,1.000,2359
278376,435158,1.000,2356
278377,435432,1.000,2359
278378,434777,1.000,2428
278379,435508,1.000,2359
278379,435509,1.000,2359
278380,435437,1.000,2449
278381,435517,1.000,2359
278382,435560,1.000,2359
278382,435561,1.000,2359
278383,435306,1.000,2359
278384,435267,1.000,2356
278385,435028,1.000,2395
278386,435587,1.000,815
278387,434565,1.000,2428
278388,434875,1.000,2383
278388,434876,1.000,408
278389,435356,1.000,2359
278390,435504,1.000,2356
278391,435062,1.000,2363
278392,435248,1.000,2502
278393,435653,1.000,2359
278393,435654,1.000,2359
278394,435159,1.000,2389
278395,435655,2.000,308
278395,435656,1.000,308
278396,435020,1.000,2359
278396,435021,1.000,134
278396,435022,1.000,2356
278397,435258,1.000,2359
278398,435845,1.000,2424
278399,435474,1.000,2359
278400,434605,1.000,2428
278401,435810,1.000,2449
278402,435139,1.000,399
278402,435140,1.000,2863
278403,434597,1.000,2428
278403,434598,1.000,2430
278404,435547,1.000,2449
278405,435767,1.000,399
278406,435506,1.000,2359
278407,435419,1.000,2371
278408,435742,1.000,2387
278409,434835,1.000,2428
278410,435660,1.000,2359
278410,435661,1.000,2359
278411,435916,2.000,2352
278411,435917,2.000,2352
278412,435988,1.000,2352
278412,435989,1.000,2352
278413,435798,1.000,2352
278413,435799,1.000,2352
278414,435536,1.000,2457
278414,435537,1.000,405
278415,435842,1.000,2356
278416,435777,1.000,2352
278417,435153,1.000,2446
278418,435378,1.000,399
278419,435500,1.000,2446
278420,435423,1.000,2428
278420,435424,1.000,2430
278421,434236,1.000,2428
278421,434237,1.000,486
278421,434238,1.000,490
278421,434239,1.000,491
278422,435645,1.000,2359
278422,435646,1.000,2359
278423,435785,1.000,2359
278423,435786,1.000,2359
278424,435421,1.000,2359
278425,435800,1.000,2457
278425,435801,1.000,405
278426,435628,1.000,2359
278427,436093,1.000,522
278428,435164,1.000,2395
278429,436094,1.000,522
278430,436095,1.000,522
278431,435470,1.000,2359
278432,435502,1.000,399
278433,435086,1.000,399
278433,435087,1.000,2862
278434,435846,1.000,2359
278434,435847,1.000,2359
278436,435623,1.000,2359
278437,435349,1.000,2359
278438,435790,1.000,2359
278438,435791,1.000,2359
278439,435881,1.000,2359
278440,435401,1.000,2359
278440,435402,1.000,2359
278441,435422,1.000,399
278442,435429,1.000,2467
278443,435433,1.000,2359
278444,434930,1.000,2428
278444,434931,1.000,2430
278445,435522,1.000,2383
278445,435523,1.000,408
278446,435023,1.000,2383
278446,435024,1.000,408
278447,436068,1.000,2360
278448,436096,23.000,660
278449,436097,1.000,3408
278450,436098,10.000,660
278451,436099,1.000,3408
278452,435701,1.000,2359
278453,435577,1.000,2495
278454,436012,1.000,2352
278454,436013,1.000,2352
278455,435685,1.000,2359
278455,435686,1.000,2359
278456,435555,1.000,2359
278457,435556,1.000,2359
278457,435557,1.000,2359
278458,435589,1.000,2359
278458,435590,1.000,2359
278459,435606,1.000,2359
278459,435607,1.000,2359
278460,435611,1.000,2360
278461,435609,1.000,2359
278461,435610,1.000,2359
278462,435626,1.000,2359
278462,435627,1.000,2359
278463,435636,1.000,2359
278463,435637,1.000,2359
278464,435638,1.000,2359
278465,435639,1.000,2359
278465,435640,1.000,2359
278466,435648,1.000,2359
278468,436107,1.000,2471
278468,436108,1.000,2467
278469,435720,1.000,2359
278470,435633,1.000,2358
278471,435745,1.000,2356
278471,435746,1.000,2356
278472,435565,1.000,308
278473,435749,1.000,308
278474,435743,1.000,2359
278474,435744,1.000,2359
278475,434393,1.000,2446
278476,435723,1.000,2359
278476,435724,1.000,2359
278477,435558,1.000,2395
278478,435603,1.000,2395
278479,435900,1.000,2352
278480,436230,1.000,2359
278480,436231,1.000,2359
278481,436128,1.000,2352
278481,436129,1.000,2352
278482,435966,1.000,2352
278483,435924,1.000,2352
278483,435925,1.000,2352
278484,436048,1.000,2352
278484,436049,1.000,2352
278485,435928,1.000,2512
278486,435581,1.000,2428
278487,435681,1.000,2446
278488,435716,1.000,2359
278488,435717,1.000,2359
278489,435835,1.000,2371
278490,435699,1.000,2424
278491,434770,1.000,2502
278492,436001,1.000,2398
278493,435575,1.000,2359
278493,435576,1.000,2356
278494,435736,1.000,308
278495,435714,1.000,2359
278495,435715,1.000,2359
278496,435729,1.000,2385
278497,435903,1.000,2458
278497,435904,1.000,405
278498,435911,1.000,2359
278499,435861,1.000,2358
278499,435862,1.000,2356
278500,435838,1.000,2389
278501,436074,1.000,2368
278502,435663,1.000,2387
278503,435586,1.000,2428
278504,435726,1.000,2352
278504,435727,3.000,134
278505,435935,1.000,2428
278506,436115,1.000,2352
278506,436116,1.000,2352
278507,435674,1.000,2516
278508,436118,1.000,2352
278508,436119,1.000,2352
278509,436113,1.000,2352
278509,436114,1.000,2352
278510,436100,1.000,2352
278510,436101,1.000,2352
278511,436122,1.000,2352
278511,436123,1.000,2352
278512,436237,1.000,2352
278513,435695,1.000,2356
278514,435984,1.000,2387
278515,435794,1.000,2359
278515,435795,1.000,2359
278516,435313,1.000,308
278517,435631,1.000,2356
278517,435632,1.000,2356
278518,435643,2.000,308
278519,435805,1.000,2359
278520,435696,1.000,2428
278520,435697,1.000,2430
278521,435694,1.000,2426
278522,435778,1.000,2359
278522,435779,1.000,2359
278523,435718,1.000,2359
278524,435770,1.000,2458
278524,435771,1.000,405
278525,436053,1.000,2385
278526,436148,1.000,2352
278527,436058,1.000,2511
278528,436056,1.000,2359
278528,436057,1.000,2359
278529,435721,1.000,2356
278529,435722,1.000,2356
278530,435758,1.000,2359
278531,435283,1.000,2861
278532,435392,1.000,2387
278533,435491,1.000,2359
278534,435757,1.000,399
278535,435958,1.000,2424
278536,435595,1.000,2378
278537,435905,1.000,2359
278538,436050,1.000,2352
278539,435290,1.000,2359
278540,435521,2.000,308
278541,435237,1.000,2371
278542,435647,1.000,308
278543,435199,1.000,2378
278544,435254,1.000,2438
278545,435775,1.000,2359
278545,435776,1.000,2359
278546,435929,1.000,2471
278547,435515,1.000,2362
278548,435851,1.000,2457
278548,435852,1.000,405
278549,435968,1.000,2359
278549,435969,1.000,2359
278550,435788,1.000,2359
278550,435789,1.000,2359
278551,435673,1.000,2449
278552,435250,1.000,1066
278553,435921,1.000,2359
278554,435752,1.000,2457
278554,435753,1.000,405
278555,436162,1.000,308
278556,435806,1.000,2457
278556,435807,1.000,405
278557,435503,1.000,2359
278558,436362,1.000,486
278559,435658,1.000,2446
278560,435855,1.000,2457
278560,435856,1.000,405
278561,436361,1.000,490
278562,435615,1.000,2424
278563,435763,1.000,2424
278564,436139,1.000,2458
278564,436140,1.000,405
278565,435383,1.000,2359
278565,435384,1.000,2359
278566,436037,1.000,2352
278566,436038,1.000,2352
278567,436212,1.000,2510
278567,436213,1.000,2510
278568,435374,1.000,2363
278569,435544,1.000,2446
278570,435963,1.000,2458
278570,435964,1.000,112
278571,435670,1.000,2446
278572,435884,1.000,2458
278572,435885,1.000,405
278573,435274,1.000,2467
278574,435920,1.000,2356
278575,435844,1.000,2359
278576,435361,1.000,2463
278576,435362,1.000,405
278577,435664,1.000,2385
278577,435665,1.000,2359
278578,435238,1.000,2428
278579,435953,1.000,2452
278580,435386,1.000,2446
278581,435740,1.000,2392
278581,435741,1.000,748
278582,436070,1.000,2377
278583,435360,1.000,2398
278584,435817,1.000,399
278584,435818,1.000,486
278584,435819,1.000,490
278585,435877,1.000,2387
278586,436217,1.000,2356
278586,436218,1.000,2356
278587,435684,1.000,2368
278588,435347,1.000,2449
278589,435783,1.000,399
278590,436061,1.000,2397
278591,435910,1.000,2377
278592,436270,1.000,2390
278593,435538,1.000,2457
278593,435539,1.000,405
278594,435420,1.000,2481
278595,435294,1.000,2457
278595,435295,1.000,405
278596,434985,1.000,2458
278596,434986,1.000,405
278597,435501,1.000,2446
278598,436028,1.000,2450
278599,436083,1.000,2426
278599,436084,1.000,2433
278600,435545,1.000,2458
278600,435546,1.000,405
278601,436045,1.000,2359
278602,435796,1.000,2359
278603,435373,1.000,2440
278604,436365,1.000,2509
278604,436366,2.000,3650
278605,435543,1.000,2378
278606,436367,1.000,4117
278607,435912,1.000,399
278608,435367,1.000,2450
278609,435952,1.000,2359
278610,435950,1.000,2359
278611,435981,1.000,2359
278611,435982,1.000,2359
278612,436368,1.000,2354
278613,435404,1.000,2359
278614,435943,1.000,2449
278615,436065,1.000,2359
278615,436066,1.000,2359
278616,435591,1.000,2450
278617,435261,1.000,2446
278618,435484,1.000,2446
278619,436305,1.000,2356
278619,436306,1.000,2356
278620,436369,1.000,522
278621,435608,1.000,2368
278622,435055,1.000,2460
278622,435056,1.000,405
278622,435057,1.000,408
278623,435766,1.000,2416
278624,435768,1.000,2356
278624,435769,1.000,2356
278625,436311,1.000,2359
278625,436312,1.000,2359
278626,435350,1.000,308
278627,435281,1.000,2360
278628,435365,1.000,2458
278628,435366,1.000,405
278629,436383,1.000,522
278630,436387,30.000,660
278631,435922,1.000,2488
278632,435887,1.000,308
278632,435888,1.000,2467
278633,435870,1.000,2359
278633,435871,1.000,2359
278634,435868,1.000,2359
278634,435869,1.000,2359
278635,436075,1.000,2368
278636,436072,1.000,2359
278636,436073,1.000,2359
278637,436036,1.000,3160
278638,435986,1.000,2387
278638,435987,1.000,2424
278639,435886,1.000,2356
278640,435866,1.000,2359
278640,435867,1.000,2359
278641,436089,1.000,308
278642,435934,1.000,2467
278643,435918,1.000,2359
278643,435919,1.000,2359
278644,435914,1.000,2359
278645,435899,1.000,2446
278646,435898,1.000,2359
278647,435896,1.000,2359
278647,435897,1.000,2359
278648,435894,1.000,2359
278648,435895,1.000,2359
278649,435889,1.000,2359
278649,435890,1.000,2359
278650,435991,1.000,308
278651,435974,1.000,2377
278652,436016,1.000,2363
278653,435930,1.000,2359
278653,435931,1.000,2359
278654,436131,1.000,2356
278654,436132,1.000,2356
278655,436135,1.000,2359
278655,436136,1.000,2359
278656,436103,1.000,2359
278657,436106,1.000,2356
278658,436222,1.000,2359
278658,436223,1.000,2359
278659,436324,1.000,2359
278659,436325,1.000,2359
278660,436370,1.000,2352
278660,436371,1.000,1323
278661,436265,1.000,2352
278661,436266,1.000,2352
278662,436255,1.000,2352
278663,436198,1.000,2352
278663,436199,1.000,134
278664,436150,1.000,2352
278665,436141,1.000,2352
278665,436142,1.000,2352
278666,436372,1.000,2352
278666,436373,1.000,2352
278667,435634,1.000,2359
278667,435635,1.000,2359
278668,436190,1.000,308
278669,436120,1.000,2446
278670,436232,1.000,308
278671,436124,1.000,2359
278671,436125,1.000,2359
278672,435582,1.000,308
278673,436167,1.000,2356
278673,436168,1.000,2356
278674,435672,1.000,2426
278674,436275,1.000,2433
278675,433640,1.000,2359
278676,435938,1.000,2359
278677,436238,1.000,2487
278678,436397,1.000,2352
278678,436398,1.000,2352
278679,436235,1.000,2512
278680,436393,1.000,2352
278680,436394,1.000,2352
278681,436391,1.000,2352
278681,436392,1.000,2352
278682,436384,1.000,2352
278683,436252,1.000,2397
278684,436197,1.000,2424
278685,436203,1.000,2359
278685,436204,1.000,2359
278686,435882,1.000,2942
278686,435883,1.000,2387
278687,436441,1.000,2424
278688,435831,1.000,2356
278688,435832,1.000,2356
278689,435824,1.000,2356
278689,435825,1.000,2356
278690,436214,1.000,399
278691,435761,1.000,2428
278691,435762,1.000,2430
278692,436326,1.000,2390
278692,436327,1.000,2387
278693,435863,1.000,2359
278693,435864,1.000,2359
278694,436216,1.000,399
278695,435975,1.000,2450
278696,435826,1.000,2426
278697,435814,1.000,2449
278698,436285,1.000,2488
278698,436286,1.000,2703
278699,436330,1.000,2359
278700,436321,1.000,2359
278701,435649,1.000,2457
278701,435650,1.000,405
278702,436024,1.000,2490
278703,435965,1.000,2359
278704,436336,1.000,2371
278705,436334,1.000,399
278706,436331,1.000,2389
278707,435853,1.000,2428
278707,435854,1.000,2430
278708,435765,1.000,2426
278709,435641,1.000,2428
278709,435642,1.000,2430
278710,436259,1.000,2389
278711,435629,1.000,2428
278711,435630,1.000,2430
278712,436248,1.000,308
278713,435314,1.000,2428
278714,435227,1.000,2428
278714,435228,1.000,2432
278715,436226,1.000,2387
278716,435077,1.000,2426
278717,436225,1.000,2467
278718,434772,1.000,2428
278718,434773,1.000,2430
278719,436161,1.000,308
278720,436158,1.000,2424
278721,436420,1.000,2474
278722,436417,1.000,2387
278723,435702,1.000,2490
278724,435657,1.000,2446
278725,436350,1.000,2457
278725,436351,1.000,405
278726,435997,1.000,2446
278727,435622,1.000,2446
278728,436424,1.000,2449
278729,436341,1.000,2460
278729,436342,1.000,405
278729,436343,1.000,408
278730,436233,1.000,2356
278730,436234,1.000,2356
278731,436219,1.000,2356
278731,436220,1.000,2356
278732,436059,1.000,2359
278732,436060,1.000,2359
278733,436432,1.000,2424
278734,436363,1.000,2352
278734,436364,1.000,2352
278735,436359,1.000,2352
278735,436360,1.000,2352
278736,436301,1.000,2352
278737,436277,1.000,2352
278737,436278,1.000,2352
278738,436244,1.000,2352
278738,436245,1.000,2352
278739,435822,1.000,3811
278740,435792,1.000,2457
278740,435793,1.000,787
278741,435878,1.000,2467
278742,435782,1.000,2446
278743,435804,1.000,2449
278744,436323,1.000,308
278745,436046,1.000,308
278746,435947,1.000,2459
278746,435948,1.000,405
278746,435949,1.000,408
278747,436322,2.000,308
278748,435893,1.000,2446
278749,435827,1.000,2439
278749,435828,1.000,308
278750,436329,1.000,308
278751,435880,1.000,308
278752,435939,1.000,399
278753,435970,1.000,308
278754,435945,1.000,2356
278755,436349,1.000,3475
278756,436229,1.000,2451
278757,436025,1.000,2424
278758,436014,1.000,2359
278758,436015,1.000,2359
278759,435614,1.000,308
278760,435802,1.000,2359
278761,436026,1.000,2359
278761,436027,1.000,2359
278762,435754,1.000,2457
278762,435755,1.000,787
278763,435995,1.000,2359
278763,435996,1.000,2359
278764,435874,1.000,2449
278765,435999,1.000,2424
278766,435901,1.000,2449
278767,435730,1.000,2356
278768,435850,1.000,308
278769,436009,1.000,2446
278770,436069,1.000,3556
278771,435772,1.000,3811
278771,435773,1.000,915
278772,436109,1.000,2356
278772,436110,1.000,2356
278773,435784,1.000,2449
278774,436032,1.000,2359
278774,436033,1.000,2359
278775,435812,1.000,2460
278776,435857,1.000,2356
278776,435858,1.000,2356
278777,435808,1.000,2359
278777,435809,1.000,2359
278778,435960,1.000,2359
278778,435961,1.000,2359
278779,436528,1.000,2352
278780,435735,1.000,2371
278781,435967,1.000,2359
278782,435803,1.000,308
278783,435821,1.000,2371
278784,436011,1.000,2356
278785,435843,1.000,308
278786,435728,1.000,2359
278787,436010,1.000,2356
278788,436243,1.000,2424
278789,436134,1.000,2387
278790,435594,1.000,2387
278791,435957,1.000,2359
278792,436002,1.000,2385
278793,436080,1.000,2385
278793,436081,1.000,2359
278794,436643,22.000,660
278795,436644,1.000,3408
278796,436645,18.000,660
278797,436646,14.000,660
278798,436647,10.000,660
278799,436648,10.000,660
278800,436649,10.000,660
278801,436650,5.000,660
278802,436651,26.000,660
278803,436652,26.000,660
278804,436653,40.000,660
278805,436085,1.000,399
278806,436071,1.000,2377
278807,435879,1.000,2446
278808,435909,1.000,308
278809,436578,1.000,2458
278809,436579,1.000,405
278810,436039,1.000,2359
278811,435959,1.000,2359
278812,436063,1.000,2359
278812,436064,1.000,2359
278813,435940,1.000,2359
278813,435941,1.000,2359
278813,435942,2.000,134
278814,436146,1.000,308
278815,435816,1.000,2359
278816,435813,1.000,405
278817,436298,1.000,2352
278818,436041,1.000,2359
278818,436042,1.000,2359
278819,436545,1.000,2352
278820,436436,1.000,2352
278820,436437,1.000,2352
278821,436377,1.000,2359
278821,436378,1.000,2359
278822,436511,1.000,2352
278823,436284,1.000,2352
278824,435983,1.000,525
278825,436507,1.000,2352
278825,436508,1.000,2352
278826,436430,1.000,2352
278826,436431,1.000,2352
278827,436501,1.000,2352
278828,436267,1.000,2513
278829,436494,1.000,2352
278830,434194,1.000,2354
278831,435973,1.000,2416
278832,435985,1.000,2359
278833,436031,1.000,2359
278834,435993,1.000,2390
278835,436208,1.000,2359
278836,436483,1.000,2387
278837,436258,1.000,2387
278838,435926,1.000,2359
278838,435927,1.000,2359
278839,435972,1.000,2387
278840,436067,1.000,2387
278841,436043,1.000,2359
278841,436044,1.000,2359
278842,436299,1.000,2356
278842,436300,1.000,2356
278843,436192,1.000,2359
278843,436193,1.000,2359
278844,436176,1.000,2596
278845,436111,1.000,2359
278845,436112,1.000,2359
278847,436102,1.000,2359
278848,436137,1.000,2359
278849,436144,1.000,2356
278849,436145,1.000,2356
278850,436159,1.000,2356
278850,436160,1.000,2356
278851,436164,1.000,2359
278851,436165,1.000,2359
278852,436169,1.000,2359
278852,436170,1.000,2359
278853,436172,1.000,2368
278854,436174,1.000,2359
278854,436175,1.000,2359
278855,435624,1.000,2359
278855,435625,1.000,2359
278856,436104,1.000,2359
278856,436105,1.000,2359
278857,436151,1.000,2359
278858,436177,1.000,2359
278858,436178,1.000,2359
278859,436186,1.000,2359
278859,436187,1.000,2359
278860,436200,1.000,2359
278860,436201,1.000,2359
278861,436205,1.000,2359
278861,436206,1.000,2359
278862,436209,1.000,2359
278862,436210,1.000,2359
278863,436459,1.000,2457
278863,436460,1.000,405
278864,436410,1.000,2356
278865,436422,1.000,2359
278865,436423,1.000,2359
278866,436756,1.000,2512
278867,436506,1.000,3556
278868,436171,1.000,2424
278869,436211,1.000,2488
278870,436450,1.000,2359
278871,436143,1.000,2428
278871,436304,1.000,2430
278872,436471,1.000,3194
278873,436280,1.000,2359
278874,436379,1.000,2356
278874,436380,1.000,2356
278875,436194,1.000,2387
278876,436249,1.000,2449
278877,436166,1.000,2384
278878,436464,1.000,2424
278879,436242,1.000,2984
278880,436418,1.000,2512
278881,436660,1.000,2352
278881,436661,1.000,2352
278882,436411,1.000,2352
278882,436412,1.000,2352
278883,436659,1.000,2352
278884,436610,1.000,2354
278885,436406,1.000,2352
278885,436407,1.000,2352
278886,436413,1.000,2352
278886,436414,1.000,2352
278887,436654,1.000,2352
278887,436655,1.000,2352
278888,436415,1.000,2352
278888,436416,1.000,2352
278889,436516,1.000,2352
278889,436517,1.000,2352
278890,436117,1.000,2416
278891,436595,1.000,2359
278892,436121,1.000,2467
278893,436236,1.000,2378
278894,436611,1.000,399
278894,436612,1.000,2862
278894,436613,1.000,2387
278895,436799,100.000,660
278896,436604,1.000,2449
278897,436590,1.000,2390
278898,436600,1.000,2359
278898,436601,1.000,2359
278899,436419,1.000,2512
278900,436408,1.000,2359
278900,436409,1.000,2359
278901,436291,1.000,2359
278901,436292,1.000,2359
278902,436381,1.000,2359
278903,436564,1.000,2359
278903,436565,1.000,2359
278904,436296,1.000,2360
278904,436297,1.000,2360
278905,436401,1.000,2359
278906,436566,1.000,2359
278906,436567,1.000,2359
278907,436310,1.000,2359
278908,436320,1.000,2359
278909,436335,1.000,2359
278910,436188,1.000,2359
278910,436189,1.000,2359
278911,436492,1.000,2387
278912,436271,1.000,399
278913,436272,1.000,2359
278913,436273,1.000,2359
278914,436622,1.000,2359
278915,436535,1.000,2356
278915,436536,1.000,2356
278916,435705,1.000,2475
278917,436294,1.000,2359
278917,436295,1.000,2359
278918,436481,1.000,2377
278919,435979,1.000,486
278920,436357,1.000,2359
278920,436358,1.000,2359
278921,436185,2.000,748
278922,436514,1.000,2555
278923,436339,1.000,2359
278923,436340,1.000,2359
278924,436525,1.000,2387
278924,436526,1.000,2387
278925,436527,1.000,2491
278926,436519,1.000,2359
278926,436520,1.000,2359
278927,436539,1.000,2368
278927,436540,1.000,3148
278928,436543,1.000,2862
278929,436602,1.000,2378
278930,436593,1.000,2424
278930,436594,1.000,2361
278931,436607,1.000,2416
278932,436605,1.000,2359
278932,436606,1.000,2359
278933,436523,1.000,2457
278933,436524,1.000,405
278934,436484,1.000,2450
278934,436485,1.000,2467
278935,436224,1.000,2450
278936,436475,1.000,2460
278936,436486,1.000,405
278936,436487,1.000,408
278937,436354,1.000,2458
278937,436355,1.000,405
278938,436253,1.000,2457
278938,436254,1.000,405
278939,436157,1.000,2416
278940,436260,1.000,2457
278940,436261,1.000,405
278941,436262,1.000,2459
278941,436263,1.000,405
278941,436264,1.000,408
278942,436352,1.000,2385
278942,436353,1.000,2359
278943,436583,1.000,2430
278944,436467,1.000,2363
278944,436468,1.000,2359
278945,436154,1.000,2359
278945,436155,1.000,2359
278946,436282,1.000,2356
278946,436283,1.000,2356
278947,436433,1.000,2394
278948,435388,1.000,2481
278948,435389,1.000,2484
278949,436728,1.000,2424
278950,436490,1.000,2359
278950,436491,1.000,2359
278951,436631,1.000,2449
278952,436029,1.000,2428
278952,436030,1.000,2430
278953,436328,1.000,2387
278954,436472,1.000,2460
278954,436473,1.000,405
278954,436474,1.000,408
278955,436022,1.000,2449
278956,436086,1.000,2458
278956,436087,1.000,405
278957,436256,1.000,2387
278958,436443,1.000,2387
278959,436268,1.000,2387
278960,436149,1.000,2359
278961,436402,1.000,2365
278962,436332,1.000,2359
278962,436333,1.000,2359
278963,436302,1.000,2359
278964,436290,1.000,2356
278965,436287,1.000,2359
278966,436152,1.000,2359
278966,436153,1.000,2359
278967,436269,1.000,2359
278968,436274,1.000,2359
278969,436694,1.000,2352
278969,436695,1.000,2352
278970,436697,1.000,2352
278970,436698,1.000,2352
278971,436703,1.000,2400
278972,436706,1.000,2352
278973,436714,1.000,2352
278973,436715,1.000,2352
278974,436716,1.000,2352
278975,436720,1.000,2352
278975,436721,1.000,2352
278976,436723,1.000,2352
278976,436724,1.000,2352
278977,436729,1.000,2352
278977,436730,1.000,2352
278978,436812,1.000,2352
278978,436813,1.000,2352
278979,436772,1.000,2352
278980,436764,1.000,2352
278980,436765,1.000,2352
278981,436738,1.000,2352
278981,436739,1.000,2352
278982,436555,2.000,2352
278982,436556,2.000,2352
278983,436557,1.000,2352
278983,436558,1.000,2352
278984,436581,1.000,2352
278985,436811,1.000,2512
278986,436708,1.000,2385
278986,436709,1.000,2359
278987,436446,1.000,2460
278987,436447,1.000,405
278987,436448,1.000,408
278988,436090,1.000,399
278988,436163,1.000,2862
278989,436575,1.000,2425
278990,436751,1.000,2457
278990,436752,1.000,405
278991,436006,1.000,2460
278991,436007,1.000,405
278991,436008,1.000,408
278992,436521,1.000,308
278993,436725,1.000,2368
278993,436726,1.000,748
278994,436538,1.000,308
278995,436425,1.000,308
278996,436307,1.000,2377
278997,436426,1.000,308
278998,436546,1.000,2424
278999,436317,1.000,399
278999,436318,1.000,2862
279000,436843,10.000,660
279001,436844,1.000,3408
279002,436620,1.000,2352
279003,436845,22.000,660
279004,436293,1.000,2392
279005,436665,1.000,815
279006,435381,1.000,2424
279007,436774,1.000,2359
279007,436775,1.000,2359
279008,436439,1.000,2359
279008,436440,1.000,2359
279009,436444,1.000,2359
279009,436445,1.000,2359
279010,436465,1.000,2359
279010,436466,1.000,2359
279011,436469,1.000,2359
279011,436470,1.000,2359
279012,436547,1.000,2359
279012,436548,1.000,2359
279013,436495,1.000,2428
279014,436482,1.000,2502
279015,436421,1.000,2359
279016,436530,1.000,2359
279016,436531,1.000,2359
279017,436375,1.000,2360
279017,436376,1.000,2360
279018,436385,2.000,2360
279018,436386,2.000,2360
279019,436400,1.000,2359
279020,436454,1.000,2359
279021,436457,1.000,2359
279021,436458,1.000,2359
279022,436479,1.000,2385
279022,436480,1.000,2359
279023,436512,1.000,2356
279024,436886,1.000,3738
279024,436887,1.000,3738
279025,436873,1.000,2352
279026,436853,1.000,2352
279027,436374,1.000,2446
279028,436597,1.000,2359
279029,436518,1.000,2385
279030,436478,1.000,2446
279031,436476,1.000,399
279031,436477,1.000,2862
279032,436462,1.000,2446
279033,436758,1.000,2425
279034,436683,1.000,2356
279034,436684,1.000,2356
279035,436678,1.000,2356
279035,436679,1.000,2356
279036,436505,1.000,399
279037,436810,1.000,4102
279038,436596,1.000,2390
279039,435644,1.000,2446
279040,434396,1.000,2449
279041,436956,1.000,2359
279041,436957,1.000,2359
279042,434395,1.000,2449
279043,436863,1.000,2352
279043,436864,1.000,2352
279045,437036,1.000,2352
279045,437037,1.000,2352
279046,437043,1.000,2352
279047,437048,1.000,2569
279048,437051,3.000,2569
279049,436705,1.000,2469
279050,436696,1.000,2363
279051,436700,1.000,2457
279051,436701,1.000,405
279052,436744,1.000,2424
279053,436746,1.000,2359
279053,436747,1.000,2359
279054,436734,1.000,2459
279054,436735,1.000,405
279054,436736,1.000,408
279054,436737,1.000,522
279055,436820,1.000,2359
279055,436821,1.000,2359
279056,436717,1.000,2387
279056,436718,1.000,2387
279057,436710,1.000,2356
279057,436711,1.000,2356
279058,436582,1.000,2390
279059,436797,1.000,2457
279059,436798,1.000,405
279060,436771,1.000,2389
279061,436766,1.000,2389
279062,436047,1.000,2450
279063,436793,1.000,2359
279063,436808,1.000,2359
279064,436754,1.000,2458
279064,436755,1.000,405
279065,436689,1.000,2428
279065,436690,1.000,2430
279066,436908,1.000,2458
279066,436909,1.000,405
279067,436532,1.000,2359
279068,436347,1.000,2457
279068,436348,1.000,405
279069,436800,1.000,2457
279069,436801,1.000,405
279070,436803,1.000,787
279071,436805,1.000,787
279072,436806,1.000,2457
279072,436807,1.000,405
279073,435994,1.000,2446
279074,436712,1.000,2371
279075,436617,1.000,2395
279075,436618,1.000,2352
279076,436493,1.000,2359
279077,436497,1.000,2359
279078,436614,1.000,2428
279079,436513,1.000,2359
279080,436534,1.000,2363
279081,436541,1.000,2359
279082,436316,1.000,2428
279083,436560,1.000,2359
279083,436561,1.000,2359
279084,436017,1.000,2428
279084,436018,1.000,2430
279084,436019,1.000,490
279084,436020,1.000,486
279084,436021,1.000,491
279085,436562,1.000,2359
279085,436563,1.000,2359
279086,436588,1.000,2389
279087,436572,1.000,2360
279087,436573,1.000,2360
279088,436635,1.000,2356
279088,436636,1.000,2356
279089,436634,1.000,2359
279090,436589,1.000,2359
279091,436079,1.000,2446
279092,436077,1.000,2446
279093,436257,1.000,2446
279094,436034,1.000,2428
279094,436035,1.000,2430
279095,436619,1.000,2387
279096,435932,1.000,2428
279096,435933,2.000,2430
279097,436623,1.000,2428
279097,436624,1.000,2430
279097,436625,1.000,490
279097,436626,1.000,486
279097,436627,1.000,491
279098,436434,1.000,2387
279098,436435,1.000,2387
279099,436983,1.000,308
279099,436984,1.000,308
279100,436552,1.000,2359
279101,436179,1.000,2424
279102,436442,1.000,2428
279103,436553,1.000,2359
279103,436554,1.000,2359
279104,434660,1.000,2425
279105,436502,1.000,2460
279105,436503,1.000,405
279105,436504,1.000,408
279106,437055,1.000,2359
279107,437110,1.000,399
279107,437111,1.000,915
279108,436769,1.000,2516
279108,436770,1.000,2516
279109,436315,1.000,2449
279110,437049,1.000,2359
279110,437050,1.000,2359
279111,437053,1.000,2359
279112,436337,1.000,2457
279112,436338,1.000,405
279113,436227,1.000,2521
279114,436699,1.000,2424
279115,436313,1.000,2428
279116,436584,1.000,2449
279117,436023,1.000,2446
279118,436822,1.000,2378
279119,436156,1.000,2449
279120,436498,1.000,2460
279120,436499,1.000,405
279120,436500,1.000,408
279121,435936,1.000,2461
279121,435937,1.000,405
279122,436449,1.000,2446
279123,436005,1.000,2452
279124,437052,1.000,2359
279125,436202,1.000,2446
279126,436642,1.000,2377
279127,437113,1.000,2352
279127,437114,1.000,2352
279128,436054,1.000,2457
279128,436055,1.000,405
279129,436568,1.000,2416
279130,436221,1.000,2446
279131,437115,1.000,308
279132,436591,1.000,2359
279133,436062,1.000,2449
279134,436576,1.000,2392
279135,436985,1.000,2389
279135,436986,1.000,2862
279136,436456,1.000,2596
279137,436838,1.000,2596
279137,436839,1.000,2862
279138,437001,1.000,2352
279138,437002,1.000,2352
279139,437030,1.000,3738
279140,437074,1.000,2352
279141,437003,1.000,2352
279141,437004,1.000,2352
279142,437073,1.000,2352
279143,436938,1.000,2352
279144,436759,1.000,2467
279145,437116,2.000,2352
279145,437117,2.000,2352
279146,436929,1.000,2352
279147,437046,1.000,2359
279147,437047,1.000,2359
279148,436404,1.000,2457
279148,436405,1.000,405
279149,436745,1.000,2449
279150,436673,1.000,2359
279150,436674,1.000,2359
279151,436680,1.000,2359
279151,436681,1.000,2359
279152,436686,1.000,2942
279153,436687,1.000,2359
279153,436688,1.000,2359
279154,436692,1.000,2359
279155,436656,1.000,2359
279156,436657,1.000,2360
279156,436658,1.000,2360
279157,436666,1.000,2359
279158,436671,1.000,2360
279159,436760,1.000,308
279160,436664,1.000,2416
279161,436669,1.000,2356
279161,436670,1.000,2356
279162,436854,1.000,2424
279163,436824,1.000,2383
279163,436825,1.000,408
279164,436847,1.000,2356
279164,436848,1.000,2356
279164,436849,1.000,134
279165,437077,1.000,2352
279165,437078,1.000,2352
279166,436924,1.000,1098
279167,436922,1.000,2359
279167,436923,1.000,2359
279168,437128,1.000,2368
279169,437135,1.000,2352
279170,437137,1.000,2352
279171,437123,1.000,2352
279171,437124,1.000,2352
279172,436748,1.000,2359
279172,436749,1.000,2359
279173,433974,1.000,2449
279174,437011,1.000,2457
279174,437012,1.000,405
279174,437013,1.000,2457
279174,437014,1.000,787
279175,436917,1.000,2359
279175,436918,1.000,2359
279176,437129,1.000,2467
279177,436891,1.000,2359
279177,436892,1.000,2359
279178,436895,1.000,2359
279178,436896,1.000,2359
279179,437284,6.000,2352
279180,437175,1.000,2352
279181,435875,1.000,2509
279182,435873,1.000,2509
279183,435666,1.000,2509
279184,437399,2.000,2951
279185,436964,1.000,2356
279186,437230,1.000,2382
279186,437231,1.000,408
279187,436974,1.000,2356
279188,437044,1.000,2359
279188,437045,1.000,2359
279189,436356,1.000,2494
279190,436574,1.000,2446
279191,437140,1.000,2359
279191,437141,1.000,2359
279192,436941,1.000,2356
279192,436942,1.000,2356
279193,436733,1.000,2359
279194,436239,1.000,2458
279194,436240,1.000,405
279195,436816,1.000,2359
279195,436817,1.000,2359
279196,436727,1.000,2411
279197,436250,1.000,2426
279197,436251,2.000,2433
279198,436780,1.000,2359
279199,436682,1.000,2395
279199,436685,1.000,2356
279200,436598,1.000,2457
279200,436599,1.000,405
279201,436937,1.000,2424
279202,436722,1.000,2359
279203,436818,1.000,2359
279204,436453,1.000,2428
279205,436522,1.000,2480
279206,436777,1.000,2356
279206,436778,1.000,2356
279207,436773,1.000,2359
279208,436963,1.000,2359
279209,436763,1.000,2359
279210,437295,1.000,2356
279210,437296,1.000,2356
279211,436544,1.000,2471
279212,437286,1.000,2446
279213,436314,1.000,2446
279214,436615,1.000,2457
279214,436616,1.000,405
279215,436569,1.000,2447
279216,436637,1.000,3811
279217,436719,1.000,2425
279218,436762,1.000,2356
279219,437138,1.000,2424
279220,436281,1.000,399
279221,437022,1.000,2359
279222,436823,1.000,2386
279223,436246,1.000,2426
279223,436247,1.000,2433
279224,436608,1.000,2428
279224,436609,1.000,2430
279225,436741,1.000,2460
279225,436742,1.000,405
279225,436743,1.000,408
279226,436792,1.000,308
279227,436832,1.000,2475
279228,437054,1.000,2368
279229,436958,1.000,2377
279230,436877,1.000,2416
279231,436451,1.000,2446
279232,437108,1.000,2802
279233,437205,1.000,2460
279233,437206,1.000,405
279233,437207,1.000,408
279234,436533,1.000,2446
279235,436438,1.000,2471
279236,437200,1.000,2460
279236,437201,1.000,405
279236,437202,1.000,408
279237,436676,1.000,2359
279237,436677,1.000,2359
279238,436783,1.000,2359
279238,436784,1.000,2359
279239,436790,1.000,2359
279239,436791,1.000,2359
279240,437227,1.000,2516
279241,437330,1.000,2352
279242,437276,1.000,2352
279243,437219,1.000,2352
279243,437220,1.000,2352
279244,437278,1.000,2352
279245,437267,1.000,2352
279246,437272,1.000,2352
279247,437274,1.000,2352
279247,437275,1.000,2352
279248,437314,1.000,2352
279248,437315,1.000,2352
279249,437064,1.000,2352
279249,437065,1.000,2352
279250,437092,1.000,2352
279250,437093,1.000,2352
279251,437281,2.000,2352
279251,437282,2.000,2352
279252,437301,1.000,2352
279252,437302,1.000,2352
279253,437112,1.000,2375
279254,437103,1.000,2352
279254,437104,1.000,2352
279255,436782,1.000,2387
279256,436779,1.000,2371
279257,436529,1.000,2488
279258,437222,1.000,308
279259,437270,1.000,2359
279259,437271,1.000,2359
279260,436787,1.000,2428
279260,436788,1.000,2430
279260,436789,1.000,491
279261,436586,1.000,2446
279261,436587,1.000,2387
279262,436972,1.000,2359
279262,436973,1.000,2359
279263,436621,1.000,2767
279264,437006,1.000,2394
279265,436988,1.000,399
279265,436989,1.000,2862
279266,436603,1.000,2452
279267,436943,1.000,2359
279267,436944,1.000,2359
279268,436990,1.000,399
279268,436991,1.000,2862
279269,437016,1.000,399
279270,436761,1.000,308
279271,437091,1.000,2387
279272,437087,1.000,2387
279273,436207,1.000,405
279274,436549,1.000,2458
279274,436550,1.000,405
279275,437347,1.000,2457
279275,437348,1.000,405
279276,436641,1.000,1090
279277,437081,1.000,2360
279278,436750,1.000,2389
279279,436732,1.000,3475
279280,436842,1.000,2392
279281,437025,1.000,2424
279282,437072,1.000,2359
279283,437410,2.000,660
279284,437071,1.000,2466
279285,436884,1.000,2359
279285,436885,1.000,2359
279286,437195,1.000,2359
279286,437196,1.000,2359
279287,436865,1.000,2359
279288,436875,1.000,2359
279288,436876,1.000,2359
279289,437203,1.000,2356
279289,437204,1.000,2356
279290,437198,1.000,2359
279290,437199,1.000,2359
279291,437086,1.000,2449
279292,436880,1.000,2359
279292,436881,1.000,2359
279293,437217,1.000,2359
279293,437218,1.000,2359
279294,437235,1.000,2359
279294,437236,1.000,2359
279295,436861,1.000,2359
279295,436862,1.000,2359
279296,436907,1.000,2446
279297,436897,1.000,2356
279297,436898,1.000,2356
279298,437068,1.000,308
279299,436894,1.000,2363
279300,436903,1.000,2449
279301,437187,1.000,2359
279301,437188,1.000,2359
279302,436927,1.000,2359
279302,436928,1.000,2359
279303,436932,1.000,2359
279304,436919,1.000,2359
279304,436920,1.000,2359
279305,436901,1.000,2457
279305,436902,1.000,405
279306,436855,1.000,2359
279306,436856,1.000,2359
279307,437213,1.000,2359
279308,437090,1.000,2449
279309,436899,1.000,2356
279310,436912,1.000,2359
279310,436913,1.000,2359
279311,436921,1.000,2359
279312,436939,1.000,2446
279313,436914,1.000,2359
279314,437384,1.000,2363
279315,437118,1.000,2363
279315,437119,1.000,2356
279316,436946,1.000,2387
279317,437246,1.000,2424
279318,437414,1.000,2368
279319,437253,1.000,2424
279320,437413,1.000,2359
279321,436846,1.000,2356
279322,437120,1.000,2359
279323,436905,1.000,2359
279323,436906,1.000,2359
279324,437142,1.000,2385
279325,437411,1.000,2359
279325,437412,1.000,2359
279326,436867,1.000,2359
279326,436868,1.000,2359
279327,437337,1.000,308
279328,437311,1.000,2359
279328,437312,1.000,2359
279329,436925,1.000,2467
279330,437088,1.000,2359
279330,437089,1.000,2359
279331,436935,1.000,2359
279331,436936,1.000,2359
279332,437216,1.000,399
279333,437021,1.000,2382
279334,436857,1.000,2360
279334,436858,1.000,2360
279335,437323,1.000,2352
279335,437324,1.000,2352
279336,437424,1.000,2511
279337,437415,1.000,2352
279337,437416,1.000,2352
279338,437094,1.000,2446
279339,437190,1.000,2352
279339,437191,1.000,2352
279340,437436,1.000,2352
279340,437437,1.000,2352
279341,437470,1.000,2352
279341,437478,1.000,2352
279342,437423,1.000,2352
279343,437429,1.000,2352
279344,437266,1.000,2512
279345,437419,1.000,2352
279345,437420,1.000,2352
279346,437434,1.000,2352
279346,437435,1.000,2352
279347,436915,1.000,2358
279347,436916,1.000,2356
279348,437215,1.000,2377
279349,437552,1.000,2352
279350,437555,4.000,2352
279350,437556,4.000,2352
279351,437057,1.000,2428
279351,437058,1.000,490
279351,437059,1.000,486
279351,437060,1.000,491
279352,437024,1.000,2467
279353,437067,1.000,308
279354,437102,1.000,2395
279355,437615,1.000,2352
279356,436933,1.000,2596
279357,437189,1.000,2359
279358,437038,1.000,2446
279359,436961,1.000,2359
279359,436962,1.000,2359
279360,436976,1.000,2359
279360,436982,1.000,2385
279361,437362,1.000,2359
279362,436967,1.000,2359
279363,437263,1.000,2356
279364,437019,1.000,2363
279364,437020,1.000,2359
279365,436830,1.000,2457
279365,436831,1.000,405
279366,437366,1.000,2359
279367,437262,1.000,2356
279368,437056,1.000,2446
279369,437404,1.000,2359
279369,437405,1.000,2359
279370,437361,1.000,2359
279371,436998,1.000,2368
279372,437027,1.000,2424
279373,437031,1.000,2359
279373,437032,1.000,2359
279374,436872,1.000,2596
279375,437342,1.000,2352
279375,437343,1.000,2352
279376,437522,1.000,2352
279376,437523,1.000,2352
279377,437380,1.000,2352
279378,437498,1.000,2352
279378,437499,1.000,2352
279379,437332,1.000,2352
279380,437360,1.000,2352
279381,437527,1.000,2352
279381,437528,1.000,2352
279382,437507,1.000,2512
279383,437677,1.000,2352
279383,437678,1.000,2352
279384,436826,1.000,2457
279384,436827,1.000,405
279385,437007,1.000,2387
279386,437317,1.000,2359
279386,437318,1.000,2359
279387,437005,1.000,2387
279388,437265,1.000,2356
279389,437338,1.000,2385
279390,437285,1.000,2385
279391,437033,1.000,2359
279391,437034,1.000,2359
279392,437212,1.000,2424
279393,436704,1.000,308
279394,437305,1.000,2356
279394,437306,1.000,2356
279395,437042,1.000,2446
279396,436833,1.000,2488
279396,436834,1.000,2467
279397,437079,1.000,2359
279397,437080,1.000,2359
279398,436702,1.000,308
279399,437371,1.000,2395
279400,437375,1.000,2385
279401,437098,1.000,2387
279402,437688,1.000,2569
279403,437689,2.000,490
279403,437690,2.000,486
279404,437293,1.000,2356
279405,437397,1.000,2363
279406,436948,1.000,2356
279406,436949,1.000,2356
279407,437184,1.000,2428
279407,437185,1.000,2430
279408,436757,1.000,2446
279409,436795,1.000,787
279410,436781,1.000,2446
279411,436945,1.000,2368
279412,437287,1.000,308
279413,437326,1.000,2356
279414,437385,1.000,308
279415,437134,1.000,2359
279416,436693,2.000,308
279417,437000,1.000,2389
279418,436968,1.000,2441
279418,436969,3.000,134
279419,437349,1.000,2359
279419,437350,1.000,2359
279420,437346,1.000,2359
279421,437084,1.000,2359
279421,437085,1.000,2359
279422,436970,1.000,2356
279422,436971,1.000,2356
279423,437015,1.000,2394
279424,436691,1.000,2428
279425,436638,1.000,2428
279426,437083,1.000,2363
279427,437099,1.000,2385
279427,437100,1.000,2356
279428,437691,1.000,2359
279429,437378,1.000,2424
279430,436814,1.000,2458
279430,436815,1.000,787
279431,436900,1.000,2596
279432,437009,1.000,2356
279432,437010,1.000,2356
279433,436740,1.000,2449
279434,437309,1.000,2424
279435,437403,1.000,2440
279436,437040,1.000,2449
279437,437329,1.000,308
279438,437533,1.000,2359
279438,437534,1.000,2359
279439,437307,1.000,308
279440,437493,1.000,2356
279441,437105,1.000,2386
279441,437106,1.000,2359
279442,437101,1.000,2368
279443,437495,1.000,2356
279444,437398,1.000,2363
279445,437292,1.000,2359
279446,437294,1.000,2400
279447,437587,1.000,2509
279447,437588,1.000,408
279448,437130,1.000,2446
279449,437243,1.000,2359
279449,437244,1.000,2359
279450,437813,42.000,660
279450,437815,4.000,2352
279450,437816,1.000,495
279451,437417,1.000,2356
279451,437418,1.000,2356
279452,437125,1.000,2360
279453,437255,1.000,2363
279454,433984,1.000,2446
279455,433894,1.000,2446
279456,437258,1.000,2359
279457,437229,1.000,2359
279458,437183,1.000,2359
279459,437132,1.000,2364
279460,437526,1.000,2359
279461,437182,1.000,2428
279462,437406,1.000,2359
279462,437407,1.000,2359
279463,437250,1.000,2359
279463,437251,1.000,2359
279464,435689,1.000,2446
279465,437242,1.000,2359
279466,437719,1.000,2371
279467,437121,1.000,2359
279467,437122,1.000,2359
279468,437521,1.000,2359
279469,437503,1.000,2424
279470,437238,1.000,2359
279471,437177,1.000,2359
279471,437178,1.000,2359
279472,437501,1.000,2359
279473,437387,1.000,2359
279473,437388,1.000,2359
279474,437340,1.000,308
279475,437717,1.000,2352
279475,437718,1.000,2352
279476,437706,1.000,2352
279476,437707,1.000,2352
279477,437223,1.000,2359
279478,437131,1.000,2387
279479,437711,1.000,2359
279479,437712,1.000,2359
279480,437456,1.000,2446
279481,437139,1.000,2424
279482,437368,1.000,2371
279483,437180,1.000,2359
279483,437181,1.000,2359
279484,437336,1.000,2359
279485,437529,1.000,2359
279485,437530,1.000,2359
279486,437713,1.000,2359
279486,437714,1.000,2359
279487,437408,1.000,2397
279488,437344,1.000,2390
279488,437345,1.000,3245
279489,437575,1.000,2359
279489,437576,1.000,2359
279490,437297,1.000,2359
279490,437298,1.000,2359
279491,437511,1.000,2446
279492,437696,1.000,2352
279492,437697,1.000,2352
279493,437608,1.000,2352
279494,437694,2.000,2512
279495,437248,1.000,525
279496,437264,1.000,2449
279497,437734,1.000,2352
279497,437735,1.000,2352
279498,437692,1.000,2352
279498,437693,1.000,2352
279499,437739,1.000,2352
279500,437176,1.000,2450
279501,437726,1.000,2352
279501,437727,1.000,2352
279502,437186,1.000,2494
279503,437363,1.000,2494
279504,437490,2.000,2354
279505,437742,1.000,2352
279505,437743,1.000,2352
279506,437321,1.000,2449
279507,437409,1.000,2494
279508,437277,1.000,2389
279509,437535,1.000,2457
279509,437536,1.000,405
279510,437724,1.000,2457
279510,437725,1.000,405
279511,437313,1.000,2395
279512,437233,1.000,2449
279513,437849,1.000,915
279514,437513,1.000,2377
279515,437740,1.000,2460
279515,437741,1.000,405
279515,437747,1.000,408
279516,437875,18.000,660
279517,437879,39.000,660
279518,437876,8.000,660
279518,437877,2.000,3363
279519,437878,1.000,3408
279520,437881,1.000,660
279521,437882,4.000,660
279522,437883,41.000,660
279522,437884,2.000,2352
279523,437885,1.000,3408
279524,437886,32.000,660
279525,437887,1.000,3408
279526,437890,7.000,660
279527,437893,33.000,660
279528,437894,1.000,3408
279529,437895,1.000,660
279530,437896,30.000,660
279531,437898,32.000,660
279532,437899,1.000,3408
279533,437561,1.000,2359
279533,437562,1.000,2359
279534,436510,1.000,2416
279535,437209,1.000,2359
279535,437210,1.000,2359
279536,437505,1.000,2359
279536,437506,1.000,2359
279537,437537,1.000,2359
279537,437538,1.000,2359
279538,437279,1.000,2356
279539,437393,1.000,2359
279540,437257,1.000,2356
279541,437273,1.000,2356
279542,437333,1.000,2359
279542,437334,1.000,2359
279543,437224,1.000,2425
279544,437765,1.000,2424
279545,437382,1.000,2359
279546,437738,1.000,2356
279547,437422,1.000,2359
279548,437357,1.000,2359
279548,437358,1.000,2359
279549,437550,1.000,2359
279549,437551,1.000,2359
279550,437381,1.000,2359
279551,437593,1.000,2356
279552,437372,1.000,2359
279552,437373,1.000,2359
279553,437327,1.000,2359
279553,437328,1.000,2359
279554,437280,1.000,2356
279555,437542,1.000,2359
279556,437359,1.000,2356
279557,437559,1.000,2359
279557,437560,1.000,2359
279558,437546,1.000,2359
279558,437547,1.000,2359
279559,437531,1.000,2359
279559,437532,1.000,2359
279560,437653,1.000,2359
279560,437654,1.000,2359
279561,437516,1.000,2371
279562,437322,1.000,2428
279563,437234,1.000,2426
279564,437634,1.000,2352
279565,437779,2.000,3738
279565,437780,2.000,3738
279566,437808,1.000,2352
279566,437809,1.000,2352
279567,437783,1.000,3738
279567,437784,1.000,3738
279568,437645,1.000,2352
279569,437581,1.000,2352
279570,437628,1.000,2352
279571,437599,1.000,2352
279571,437605,1.000,2352
279572,437626,1.000,2352
279573,437631,1.000,2352
279574,437641,1.000,2352
279575,437606,1.000,2511
279576,437685,1.000,2352
279576,437686,2.000,134
279577,437584,1.000,2359
279578,436888,1.000,2460
279578,436889,1.000,405
279578,436890,1.000,408
279579,437023,1.000,2488
279580,436987,1.000,2428
279581,437237,1.000,2446
279582,436911,1.000,2428
279583,437451,1.000,2359
279583,437452,1.000,2359
279584,437640,1.000,2359
279585,437518,1.000,2371
279586,437642,1.000,2359
279587,437663,1.000,2359
279588,437390,1.000,2428
279588,437391,1.000,2430
279589,437291,1.000,3284
279590,436947,1.000,2416
279591,437748,1.000,2449
279592,437249,1.000,2467
279593,437386,1.000,2395
279594,437400,1.000,2428
279595,437484,1.000,2359
279595,437485,1.000,134
279595,437486,1.000,2359
279596,437225,1.000,2359
279596,437226,1.000,2359
279597,437300,1.000,2359
279598,437256,1.000,2356
279599,436954,1.000,2449
279599,436955,1.000,2469
279600,436926,1.000,2458
279601,436995,1.000,2449
279602,437308,1.000,2424
279603,437069,1.000,2450
279604,437845,1.000,2862
279605,437303,1.000,2359
279605,437304,1.000,2359
279606,436878,1.000,2428
279606,436879,1.000,2430
279607,436893,1.000,308
279608,436840,1.000,2428
279608,436841,2.000,2430
279609,437525,1.000,2452
279610,437192,1.000,2424
279611,436959,1.000,2457
279611,436960,1.000,405
279612,437572,1.000,787
279613,437828,1.000,2428
279614,437565,1.000,308
279615,437026,1.000,2446
279616,437331,1.000,2387
279617,437211,1.000,2446
279618,437802,1.000,1129
279619,437777,1.000,399
279619,437778,1.000,2862
279620,437732,1.000,2457
279620,437733,1.000,405
279621,437035,1.000,308
279622,437985,1.000,2569
279623,437082,1.000,308
279624,437283,1.000,399
279625,437986,1.000,490
279625,437987,1.000,486
279625,437988,1.000,491
279625,437989,1.000,2432
279626,437095,1.000,2457
279626,437096,1.000,405
279627,437623,1.000,2352
279628,437066,1.000,2481
279629,437679,1.000,2352
279629,437680,1.000,2352
279630,437835,1.000,308
279631,437769,1.000,2387
279632,437830,1.000,2352
279633,437574,1.000,308
279634,437590,1.000,2352
279635,437041,1.000,308
279636,437524,1.000,2354
279637,437353,1.000,2861
279638,437855,1.000,2359
279639,437829,1.000,2352
279640,437990,1.000,2457
279640,437991,1.000,405
279641,437610,1.000,2352
279642,437992,1.000,522
279643,437617,1.000,2352
279643,437618,1.000,2352
279644,437993,1.000,2352
279644,437994,1.000,2352
279645,437999,1.000,522
279646,437569,1.000,2457
279646,437570,1.000,405
279646,437571,1.000,2457
279647,438013,36.000,660
279648,438014,6.000,660
279649,438016,10.000,660
279650,437837,1.000,2359
279651,438080,1.000,645
279652,437519,1.000,2356
279652,437520,1.000,2356
279653,437517,1.000,2425
279654,437514,1.000,2359
279654,437515,1.000,2359
279655,437482,1.000,2377
279656,437474,1.000,2359
279656,437475,1.000,2359
279657,436999,2.000,2495
279658,437635,1.000,2446
279659,437479,1.000,2359
279659,437480,1.000,2359
279660,437469,1.000,2359
279661,437465,1.000,2356
279661,437466,1.000,2356
279662,437462,1.000,2359
279663,437459,1.000,2359
279663,437460,1.000,2359
279664,437445,1.000,2360
279665,437442,1.000,2359
279665,437443,1.000,2359
279666,437438,1.000,2359
279667,437425,1.000,2457
279667,437426,1.000,405
279668,438044,1.000,2378
279669,437683,1.000,2458
279669,437684,1.000,405
279670,437504,1.000,2359
279671,437428,1.000,2359
279672,437421,1.000,2449
279673,437457,1.000,308
279674,437454,1.000,2359
279674,437455,1.000,2359
279675,437675,1.000,2395
279676,437448,1.000,2395
279676,438050,1.000,2359
279677,437444,1.000,2424
279678,437440,1.000,2359
279678,437441,1.000,2359
279679,437439,1.000,2359
279680,437430,1.000,2359
279681,437676,1.000,2446
279682,437512,1.000,2356
279683,437508,1.000,2424
279684,437502,1.000,2471
279685,437496,1.000,2359
279685,437497,1.000,2359
279686,437487,1.000,2359
279686,437488,1.000,2359
279687,437698,1.000,2359
279687,437699,1.000,2359
279688,437695,2.000,2352
279689,437753,1.000,2359
279690,437758,1.000,2359
279690,437759,1.000,2359
279691,437871,1.000,2387
279692,437702,1.000,2359
279692,437703,1.000,2359
279693,437762,1.000,2449
279694,437351,1.000,2906
279694,437352,1.000,915
279695,438011,1.000,2356
279695,438012,1.000,2356
279696,437793,1.000,2391
279697,437709,1.000,2359
279698,438021,1.000,2980
279699,437823,1.000,2359
279700,437744,1.000,2359
279701,437613,1.000,2387
279703,437831,1.000,2359
279703,437832,1.000,2359
279704,437874,1.000,2428
279707,437868,1.000,2359
279709,437749,1.000,2428
279709,437750,1.000,490
279709,437751,1.000,486
279709,437752,1.000,491
279712,438101,1.000,2352
279712,438102,1.000,2352
279713,438024,1.000,2352
279714,437901,1.000,2352
279716,438018,1.000,2352
279716,438019,1.000,2352
279717,437866,1.000,2352
279718,437916,1.000,2512
279719,438007,1.000,2352
279719,438008,1.000,2352
279720,438025,1.000,2352
279721,437288,1.000,2428
279721,437791,1.000,2430
279722,438167,1.000,2352
279722,438168,1.000,2352
279723,438009,1.000,2352
279723,438010,1.000,2352
279724,437902,1.000,2359
279724,437903,1.000,2359
279725,438108,1.000,2385
279726,438173,1.000,2359
279734,438188,1.000,2511
279736,437316,1.000,2449
279737,437341,1.000,2488
279738,437548,1.000,2359
279738,437549,1.000,2359
279739,437579,1.000,2356
279739,437580,1.000,2356
279740,437633,1.000,525
279741,437582,1.000,2363
279742,437597,1.000,2359
279742,437598,1.000,2359
279743,437854,1.000,308
279744,437604,1.000,2359
279745,437028,1.000,2446
279746,437612,1.000,2359
279747,437636,1.000,2356
279747,437637,1.000,2356
279748,436997,1.000,2446
279749,437644,1.000,2359
279750,437670,1.000,2439
279751,437651,1.000,2356
279751,437652,1.000,2356
279752,437659,1.000,2359
279752,437660,1.000,2359
279753,437843,1.000,2359
279754,437624,1.000,2359
279754,437625,1.000,2359
279755,437723,1.000,2424
279756,437967,1.000,399
279757,437197,1.000,2467
279758,437458,1.000,1082
279759,437245,1.000,2428
279760,437933,1.000,2359
279761,437926,1.000,2359
279761,437927,1.000,2359
279762,437847,1.000,2359
279762,437848,1.000,2359
279763,437960,1.000,2359
279764,437553,1.000,2359
279764,437554,1.000,2359
279765,437833,1.000,2359
279765,437834,1.000,2359
279766,437018,1.000,2385
279767,437687,1.000,2398
279768,437354,1.000,2449
279769,438183,1.000,2457
279769,438184,1.000,405
279769,438185,1.000,2467
279770,438150,1.000,2356
279771,438143,1.000,2424
279772,437972,1.000,2385
279773,437938,1.000,2449
279774,437730,1.000,2359
279774,437731,1.000,2359
279775,437671,1.000,2458
279775,437672,1.000,405
279776,437602,1.000,2488
279776,437603,1.000,2467
279777,437585,1.000,2458
279777,437586,1.000,405
279778,437289,1.000,2457
279778,437290,1.000,405
279779,437070,1.000,308
279780,438186,1.000,2352
279781,438144,1.000,2352
279781,438145,1.000,2352
279782,438115,1.000,2352
279782,438116,1.000,2352
279783,438110,1.000,2352
279783,438111,1.000,2352
279784,438098,1.000,2385
279784,438099,1.000,2352
279785,437930,1.000,2352
279785,437931,1.000,2352
279786,437928,1.000,2352
279786,437929,1.000,2352
279787,437914,1.000,2352
279787,437915,1.000,2352
279788,437888,1.000,2352
279788,437889,1.000,2352
279789,437936,1.000,2359
279790,438031,1.000,2390
279791,437814,1.000,2363
279792,437940,1.000,2446
279793,437335,1.000,308
279794,437913,1.000,308
279795,437489,1.000,2458
279796,437379,1.000,2449
279797,438142,1.000,2446
279798,436904,1.000,2460
279799,437500,1.000,2458
279800,437239,1.000,2460
279800,437240,1.000,405
279800,437241,1.000,408
279801,437491,1.000,2460
279802,437797,1.000,2428
279803,437259,1.000,2460
279803,437260,1.000,405
279803,437261,1.000,408
279804,437945,1.000,308
279805,438181,1.000,3650
279806,437824,1.000,2428
279806,437825,1.000,2430
279807,437609,1.000,2359
279808,437643,1.000,2428
279808,437649,1.000,2430
279809,437374,1.000,3811
279810,437818,1.000,2356
279810,437819,1.000,2356
279811,438178,1.000,2359
279811,438179,1.000,2359
279812,437858,1.000,2359
279812,437859,1.000,2359
279813,437840,1.000,2359
279813,437841,1.000,2359
279814,437872,1.000,2359
279815,437247,1.000,2469
279816,437924,1.000,2359
279817,437836,1.000,2359
279818,437869,1.000,2359
279819,437838,1.000,2359
279819,437839,1.000,2359
279820,437573,1.000,2359
279821,437647,1.000,2424
279822,437396,1.000,399
279823,437803,1.000,2460
279823,437804,1.000,405
279823,437805,1.000,408
279824,438300,1.000,2359
279825,438189,1.000,2394
279826,437594,1.000,2460
279826,437595,1.000,405
279826,437596,1.000,408
279827,437319,1.000,2463
279827,437320,1.000,405
279828,437600,1.000,2509
279829,438157,1.000,2359
279830,438176,1.000,2359
279830,438177,1.000,2359
279831,437401,1.000,2458
279831,437402,1.000,405
279832,438109,1.000,2365
279833,437827,1.000,568
279834,437969,1.000,2446
279835,437946,1.000,2375
279836,438003,1.000,2446
279837,437806,1.000,2481
279838,437904,1.000,2359
279838,437905,1.000,2359
279839,437948,1.000,2400
279840,436628,1.000,2459
279840,436629,1.000,405
279840,436630,1.000,408
279841,438301,1.000,2984
279842,437621,1.000,2428
279842,437622,1.000,2430
279843,437620,1.000,2387
279844,438001,1.000,2387
279845,437977,1.000,2387
279846,438302,5.000,1323
279847,437775,1.000,2359
279847,437776,1.000,2359
279848,437720,1.000,2359
279848,437721,1.000,2359
279849,437715,1.000,2360
279849,437716,1.000,2360
279850,437710,1.000,2356
279851,437704,1.000,2359
279851,437705,1.000,2359
279852,437867,1.000,2360
279853,437842,1.000,2359
279854,437821,1.000,2359
279854,437822,1.000,2359
279855,437820,1.000,2356
279856,437943,1.000,2359
279857,437920,1.000,2488
279857,437921,1.000,2467
279858,437774,1.000,2368
279859,437773,1.000,2387
279860,437745,1.000,2359
279860,437746,1.000,2359
279861,437891,1.000,2359
279861,437892,1.000,2359
279862,437862,1.000,2359
279862,437863,1.000,2359
279863,438310,1.000,2352
279863,438311,1.000,2352
279864,438004,1.000,2512
279865,438202,1.000,2512
279865,438203,1.000,2512
279866,437860,1.000,2356
279867,437911,1.000,2495
279868,437850,1.000,2424
279869,438146,1.000,2359
279870,438065,1.000,2359
279870,438066,1.000,2359
279871,437817,1.000,2481
279872,438002,1.000,2359
279873,437700,1.000,2359
279873,437701,1.000,2359
279874,438054,1.000,2359
279874,438055,1.000,2359
279875,438067,1.000,2359
